Termék ID,Termék név,Leírás,Image,Kategória,Gyártó,Adagolás,Alkatrész Típus,Szigelés Típus,Gyári Kód,Szigetelésmegfogó Típusa,Konektor Típusa,Saru Típusa,Date,Minőség,Alkatrész Hely
40107.00.33,N1,"F , 2 MOZGÓ ÜLLŐ",Products_Images/40107.00.33.Image.174934.jpg,Saruzófej,Mecal,Oldal,,Nem Gumis,MLS0185-J,F,,,,,Alkatrész A1
40107.00.34,N3,,Products_Images/40107.00.34.Image.175230.jpg,Saruzófej,Mecal,Oldal,,Nem Gumis,MLS0383-J,,,,,,Alkatrész A3
40103.00.37,N4,Nincs Szig.,Products_Images/40103.00.37.Image.175314.jpg,Saruzófej,Kormak,Hátsó,,Nem Gumis,MK10L,,,,,,Alkatrész A4
40107.00.36,N5,,Products_Images/40107.00.36.Image.175323.jpg,Saruzófej,Mecal,Hátsó,,Nem Gumis,MF0751-J,,,,,,Alkatrész A5
40107.00.37,N6,,Products_Images/40107.00.37.Image.175333.jpg,Saruzófej,Mecal,Oldal,,Gumis,MLS0914-JGB,,,,,,Alkatrész A6
40107.00.38,N7,"O+H ,  2 MOZGÓ ÜLLŐ",Products_Images/40107.00.38.Image.065515.jpg,Saruzófej,Mecal,Oldal,,Nem Gumis,MLS0137-J,O,,,,,A1-B
40107.00.39,N8,,Products_Images/40107.00.39.Image.065537.jpg,Saruzófej,Mecal,Oldal,,Gumis,MLS0942-JGA,O,,,,,Alkatrész B1
40107.00.40,N9,,Products_Images/40107.00.40.Image.065547.jpg,Saruzófej,Mecal,Oldal,,Gumis,MLS1050-JGA,O,,,,,Alkatrész B2
40107.00.41,N10,,Products_Images/40107.00.41.Image.065626.jpg,Saruzófej,Mecal,Oldal,,Nem Gumis,MLS0032-J,F,,,,,Alkatrész B3
40107.00.42,N11,,Products_Images/40107.00.42.Image.065636.jpg,Saruzófej,Mecal,Hátsó,,Nem Gumis,MF0404-JA,F,,,,,Alkatrész B4
40107.00.43,N12,,Products_Images/40107.00.43.Image.065812.jpg,Saruzófej,Mecal,Hátsó,,Nem Gumis,MF0015-JB,F,,,,,Alkatrész B5
40107.00.44,N13,,Products_Images/40107.00.44.Image.065824.jpg,Saruzófej,Mecal,Oldal,,Nem Gumis,MLS0356-JA,F,,,,,Alkatrész R1
40107.00.45,N15,,Products_Images/40107.00.45.Image.065836.jpg,Saruzófej,Mecal,Oldal,,Gumis,MLS0251-JGA,O,,,,,Alkatrész B6
40107.00.46,N16,,Products_Images/40107.00.46.Image.065847.jpg,Saruzófej,Mecal,Hátsó,,Nem Gumis,MF0007-J,F,,,,,Alkatrész B7
40107.00.47,N17,,Products_Images/40107.00.47.Image.065900.jpg,Saruzófej,Mecal,Hátsó,,Nem Gumis,MF0105-JC,F,,,,,Alkatrész C1
40107.00.48,N18,,Products_Images/40107.00.48.Image.065914.jpg,Saruzófej,Mecal,Hátsó,,Nem Gumis,MF0118-J,F,,,,,Alkatrész C2
40107.00.49,N19,,Products_Images/40107.00.49.Image.070030.jpg,Saruzófej,Mecal,Hátsó,,Nem Gumis,MF0009-JC,F,,,,,Alkatrész C3
40107.00.50,N20,,Products_Images/40107.00.50.Image.070041.jpg,Saruzófej,Mecal,Oldal,,Nem Gumis,MLS0614-JWC,F,,,,,Alkatrész C4
40107.00.51,N21,,Products_Images/40107.00.51.Image.070056.jpg,Saruzófej,Mecal,Oldal,,Nem Gumis,,F,,,,,Alkatrész C5
40107.00.52,N22,,Products_Images/40107.00.52.Image.070107.jpg,Saruzófej,Mecal,Oldal,,Nem Gumis,MLS0020-JC,F,,,,,Alkatrész C6
40107.00.53,N24,,Products_Images/40107.00.53.Image.070117.jpg,Saruzófej,Mecal,Oldal,,Nem Gumis,MLS0555-JC,O,,,,,Alkatrész C7
,,,,,,,,,,,,,,,
,,,,,,,,,,,,,,,
,,,,,,,,,,,,,,,
ME.911330114,ELSŐ MOZGÓ ÜLLŐ,,,Saruzófej Alkatrész,Mecal,,MOZGÓ ÜLLŐ,,911330114,,,,,Új,
ME.911270246,FIX ÜLLŐ,,,Saruzófej Alkatrész,Mecal,,FIX ÜLLŐ,,911270246,,,,2024. 09. 01.,Új,
ME.911340106,ELSŐ ÜLLŐ TARTÓ,,,Saruzófej Alkatrész,Mecal,,MOZGÓ ÜLLŐ TARTÓ,,911340106,,,,2024. 09. 02.,Új,
ME.911380123,HÁTSÓ MOZGÓ ÜLLŐ TARTÓ,,,Saruzófej Alkatrész,Mecal,,MOZGÓ ÜLLŐ TARTÓ,,911380123,,,,2024. 09. 02.,Új,
,,,,,,,,,,,,,,,
ME.911370129,HÁTSÓ MOZGÓ ÜLLŐ,,,Saruzófej Alkatrész,Mecal,,MOZGÓ ÜLLŐ,,911370129,,,,2024. 09. 02.,Új,
,,,,,,,,,,,,,,,
ME.991460190,RÉZMEGFOGÓ,,,Saruzófej Alkatrész,Mecal,,RÉZMEGFOGÓ,,991460190,,,,,Új,
,,,,,,,,,,,,,,,
ME.991450169,SZIGETELÉSMEGFOGÓ,,,Saruzófej Alkatrész,Mecal,,SZIGETELÉSMEGFOGÓ,,991450169,,,,2024. 09. 02.,Új,
,,,,,,,,,,,,,,,
ME.911271154,FIX ÜLLŐ,,,Saruzófej Alkatrész,Mecal,,FIX ÜLLŐ,,911271154,,,,2024. 09. 02.,Új,
,,,,,,,,,,,,,,,
40107.00.54,N25,,Products_Images/40107.00.54.Image.070156.jpg,Saruzófej,Mecal,Hátsó,,Nem Gumis,MF0010-JC,F,,,,,Alkatrész D1
40107.00.55,N26,,Products_Images/40107.00.55.Image.070208.jpg,Saruzófej,Mecal,Hátsó,,Nem Gumis,MF2042-J,F,,,,,Alkatrész D2
40107.00.56,N27,,Products_Images/40107.00.56.Image.070217.jpg,Saruzófej,Mecal,Hátsó,,Nem Gumis,MF0344-J,F,,,,,Alkatrész D3
40101.00.33,N28,,Products_Images/40101.00.33.Image.070236.jpg,Saruzófej,AMP,Oldal,,Nem Gumis,32726*454485-,F,,,,,Alkatrész D4
40103.00.38,N29,,Products_Images/40103.00.38.Image.070259.jpg,Saruzófej,Kormak,Hátsó,,Nem Gumis,MK10L*26067A,F,,,,,Alkatrész D5
40103.00.40,N31,,Products_Images/40103.00.40.Image.070310.jpg,Saruzófej,Kormak,Hátsó,,Nem Gumis,MK10L*26107A,F,,,,,Alkatrész D7
40108.00.01,N33,,Products_Images/40108.00.01.Image.070320.jpg,Saruzófej,Inarca,Oldal,,Nem Gumis,,,,,,,
40103.00.42,N34,,Products_Images/40103.00.42.Image.070428.jpg,Saruzófej,Kormak,Oldal,,Nem Gumis,MK10B*28111,F,,,,,Alkatrész E3
40103.00.43,N35,,Products_Images/40103.00.43.Image.070442.jpg,Saruzófej,Kormak,Oldal,,Nem Gumis,MK10BS*281180,F,,,,,Alkatrész E4
40103.00.44,N36,,Products_Images/40103.00.44.Image.070458.jpg,Saruzófej,Kormak,Hátsó,,Nem Gumis,MK10L*2650,F,,,,,Alkatrész E5
40101.00.44,N37,,Products_Images/40101.00.44.Image.070508.jpg,Saruzófej,AMP,Hátsó,,Nem Gumis,*31628,F,,,,,Alkatrész E6
40107.00.57,N38,,Products_Images/40107.00.57.Image.070518.jpg,Saruzófej,Mecal,Oldal,,Nem Gumis,MLS0744-JI,F,,,,,Alkatrész E7
40107.00.58,N39,,Products_Images/40107.00.58.Image.070529.jpg,Saruzófej,Mecal,Oldal,,Nem Gumis,MLS0744-JL,F,,,,,Alkatrész F1
40103.00.46,N40,,Products_Images/40103.00.46.Image.070539.jpg,Saruzófej,Kormak,Oldal,,Nem Gumis,01649*030410,F,,,,,Alkatrész F2
40103.00.47,N41,,Products_Images/40103.00.47.Image.070556.jpg,Saruzófej,Kormak,Oldal,,Nem Gumis,40103.00.47,O,,,,,Alkatrész F3
40103.00.48,N43,,Products_Images/40103.00.48.Image.070727.jpg,Saruzófej,Kormak,Oldal,,Nem Gumis,28025A*178,F,,,,,Alkatrész F5
40103.00.49,N44,,Products_Images/40103.00.49.Image.070814.jpg,Saruzófej,Kormak,Oldal,,Gumis,,O,,,,,Alkatrész F6
40107.00.59,N46,,Products_Images/40107.00.59.Image.070834.jpg,Saruzófej,Mecal,Oldal,,Nem Gumis,MLS0737-H,F,,,,,Alkatrész G1
40107.00.60,N47,,Products_Images/40107.00.60.Image.070845.jpg,Saruzófej,Mecal,Oldal,,Nem Gumis,MLS1259-HB,O,,,,,Alkatrész G2
40107.00.61,N48,,Products_Images/40107.00.61.Image.070854.jpg,Saruzófej,Mecal,Oldal,,Nem Gumis,MLS1257-HA,O,,,,,Alkatrész G3
40107.00.62,N49,,Products_Images/40107.00.62.Image.070903.jpg,Saruzófej,Mecal,Oldal,,Nem Gumis,MLS0754-HB,F,,,,,Alkatrész G4
40107.00.63,N50,,Products_Images/40107.00.63.Image.070912.jpg,Saruzófej,Mecal,Oldal,,Nem Gumis,MLS0088-HA,F,,,,,Alkatrész G5
40107.00.64,N51,,Products_Images/40107.00.64.Image.094250.jpg,Saruzófej,Mecal,Oldal,,Nem Gumis,MLS0662-H,F,,,,,Alkatrész G6
40107.00.65,N52,,Products_Images/40107.00.65.Image.094257.jpg,Saruzófej,Mecal,Oldal,,Nem Gumis,MLS0641-HWB,F,,,,,Alkatrész G7
40107.00.66,N53,,Products_Images/40107.00.66.Image.094304.jpg,Saruzófej,Mecal,Oldal,,Nem Gumis,MLS0937-HB,F,,,,,Alkatrész H1
40107.00.67,N54,,Products_Images/40107.00.67.Image.094309.jpg,Saruzófej,Mecal,Oldal,,Nem Gumis,1174-H,O,,,,,Alkatrész H2
40103.00.50,N55,,Products_Images/40103.00.50.Image.094318.jpg,Saruzófej,Kormak,Oldal,,Nem Gumis,MK10BS*281830,F,,,,,Alkatrész H3
40103.00.51,N56,,Products_Images/40103.00.51.Image.094329.jpg,Saruzófej,Kormak,Hátsó,,Nem Gumis,MK10L*264070,F,,,,,Alkatrész H4
40103.00.52,N58,,Products_Images/40103.00.52.Image.094338.jpg,Saruzófej,Kormak,Oldal,,Nem Gumis,MK10B*2840A,F,,,,,Alkatrész H6
40107.00.68,N59,,Products_Images/40107.00.68.Image.094349.jpg,Saruzófej,Mecal,Oldal,,Nem Gumis,MLS0166-HA,O,,,,,Alkatrész I1
40108.00.02,N61,,Products_Images/40108.00.02.Image.094359.jpg,Saruzófej,AMP,Hátsó,,Nem Gumis,6527*11396,O,,,,,Alkatrész I3
40107.00.69,N62,,Products_Images/40107.00.69.Image.094459.jpg,Saruzófej,Mecal,Hátsó,,Nem Gumis,MLS0808-J,F,,,,,Alkatrész I4
40103.00.53,N63,,Products_Images/40103.00.53.Image.094511.jpg,Saruzófej,Kormak,Oldal,,Nem Gumis,02514*282370A,O,,,,,Alkatrész I5
40107.00.70,N64,,Products_Images/40107.00.70.Image.094526.jpg,Saruzófej,Mecal,Oldal,,Nem Gumis,MLS1119-H,F,,,,,Alkatrész I6
40106.00.11,N65,,Products_Images/40106.00.11.Image.094541.jpg,Saruzófej,Kormak,Oldal,,Nem Gumis,281480*02471,F,,,,,Alkatrész J1
40107.00.71,N66,,Products_Images/40107.00.71.Image.094552.jpg,Saruzófej,Mecal,Oldal,,Nem Gumis,MLS0503-H,F,,,,,Alkatrész J2
40107.00.72,N67,,Products_Images/40107.00.72.Image.094603.jpg,Saruzófej,Mecal,Oldal,,Nem Gumis,MLS1561-HSB,F,,,,,Alkatrész J3
,,,,,,,,,,,,,,,
40107.00.74,N69,,Products_Images/40107.00.74.Image.094616.jpg,Saruzófej,Mecal,Oldal,,Nem Gumis,MLS1525-HS,C,,,,,Alkatrész J5
40107.00.75,N70,"O , 2 MOZGÓ ÜLLŐ",Products_Images/40107.00.75.Image.094627.jpg,Saruzófej,Mecal,Oldal,,Nem Gumis,MLS0513-J,O,,,,,Alkatrész J6
40107.00.76,N71,,Products_Images/40107.00.76.Image.095043.jpg,Saruzófej,Mecal,Oldal,,Nem Gumis,MLS2611-HS,O,,,,,Alkatrész K1
40107.00.77,N72,,Products_Images/40107.00.77.Image.095058.jpg,Saruzófej,Mecal,Oldal,,Nem Gumis,MLS2360-J,O,,,,,Alkatrész K2
40107.00.78,N73,,Products_Images/40107.00.78.Image.095109.jpg,Saruzófej,Mecal,Oldal,,Nem Gumis,MLS0157-J,C,,,,,Alkatrész J5
40103.00.54,N74,,Products_Images/40103.00.54.Image.095121.jpg,Saruzófej,Kormak,Hátsó,,Nem Gumis,MK10-L*26107A,F,,,,,Alkatrész R4
40107.00.79,N75,,Products_Images/40107.00.79.Image.095133.jpg,Saruzófej,Mecal,Oldal,,Nem Gumis,MRS2235-JA,F,,,,,Alkatrész K4
40107.00.80,N76,,Products_Images/40107.00.80.Image.095145.jpg,Saruzófej,Mecal,Oldal,,Nem Gumis,MRS1010-JGA,O,,,,,Alkatrész K5
40107.00.81,N77,,Products_Images/40107.00.81.Image.095155.jpg,Saruzófej,Mecal,Oldal,,Gumis,MRS1009-JGA,O,,,,,Alkatrész K6
40107.00.82,N78,,Products_Images/40107.00.82.Image.095206.jpg,Saruzófej,Mecal,Oldal,,Nem Gumis,MRS1288-JA,O,,,,,Alkatrész L1
40107.00.83,N79,,Products_Images/40107.00.83.Image.095218.jpg,Saruzófej,Mecal,Oldal,,Nem Gumis,MRS2656-JA,O,,,,,Alkatrész L2
40107.00.84,N80,,Products_Images/40107.00.84.Image.095228.jpg,Saruzófej,Mecal,Oldal,,Nem Gumis,MRS2746-JA,F,,,,,Alkatrész L3
40107.00.85,N81,,Products_Images/40107.00.85.Image.095237.jpg,Saruzófej,Mecal,Oldal,,Nem Gumis,MRS2658-JA,F,,,,,Alkatrész L4
40107.00.86,N82,,Products_Images/40107.00.86.Image.095249.jpg,Saruzófej,Mecal,Oldal,,Nem Gumis,MRS2274-JG,O,,,,,Alkatrész L5
40107.00.88,N84,,Products_Images/40107.00.88.Image.095305.jpg,Saruzófej,Mecal,Hátsó,,Nem Gumis,MRF0162-JC,F,,,,,Alkatrész M1
40107.00.89,N85,,Products_Images/40107.00.89.Image.095314.jpg,Saruzófej,Mecal,Oldal,,Nem Gumis,MRS1749-J,F,,,,,Alkatrész M2
40107.00.90,N86,,Products_Images/40107.00.90.Image.095324.jpg,Saruzófej,Mecal,Oldal,,Nem Gumis,MRS2339-JA,F,,,,,Alkatrész M3
40107.00.91,N87,,Products_Images/40107.00.91.Image.095336.jpg,Saruzófej,Mecal,Oldal,,Nem Gumis,MRS0790-JD,F,,,,,Alkatrész M4
40107.00.92,N88,,Products_Images/40107.00.92.Image.095348.jpg,Saruzófej,Mecal,Oldal,,Nem Gumis,MRS0851-JGA,O,,,,,Alkatrész M5
40107.00.93,N89,,Products_Images/40107.00.93.Image.095357.jpg,Saruzófej,Mecal,Oldal,,Nem Gumis,MRS0614-JWC,F,,,,,Alkatrész M6
15001.00.01,Csiszoló,,Products_Images/15001.00.01.Image.062422.jpg,Egyéb Gép,C-TEC,,,,cst201085,,,,2024. 09. 11.,,
52114.00.02,MECAL PE7,,Products_Images/52114.00.02.Image.063502.jpg,Saruzógép,Mecal,,,,15919,,,,2024. 09. 11.,,
40107.00.94,N90,,Products_Images/40107.00.94.Image.095407.jpg,Saruzófej,Mecal,Oldal,,Gumis,MRS0857-JGD,,,,,,Alkatrész M7
40107.00.95,N91,,Products_Images/40107.00.95.Image.095417.jpg,Saruzófej,Mecal,Hátsó,,Nem Gumis,MRF1663-JA,,,,,,Alkatrész N1
40107.00.96,N93,,Products_Images/40107.00.96.Image.095435.jpg,Saruzófej,Mecal,Hátsó,,Nem Gumis,MRS0066HC,F,,,,,Alkatrész N2
40102.00.29,N94,,Products_Images/40102.00.29.Image.095446.jpg,Saruzófej,Inarca,Oldal,,Nem Gumis,CSTS-48,O,,,,,
40107.00.97,N95,,Products_Images/40107.00.97.Image.095457.jpg,Saruzófej,Mecal,Hátsó,,Nem Gumis,MRF4137-J,F,,,,,Alkatrész N4
40107.00.98,N96,,Products_Images/40107.00.98.Image.095508.jpg,Saruzófej,Mecal,Oldal,,Nem Gumis,MLSP1373-J,F,,,,,Alkatrész N6
40107.00.99,N97,,Products_Images/40107.00.99.Image.095518.jpg,Saruzófej,Mecal,Oldal,,Nem Gumis,MRF2609-JS,C,,,,,Alkatrész N6
40107.01.00,N98,,Products_Images/40107.01.00.Image.095528.jpg,Saruzófej,Mecal,Oldal,,Gumis,MRS3367-JG,O,,,,,Alkatrész N7
40107.01.01,N99,,Products_Images/40107.01.01.Image.095538.jpg,Saruzófej,Mecal,Oldal,,Nem Gumis,MRS0569-JA,F,,,,,Alkatrész O1
40107.01.02,N100,,Products_Images/40107.01.02.Image.095548.jpg,Saruzófej,Mecal,Oldal,,Nem Gumis,MRS1665-JS,C,,,,,Alkatrész O2
,,,,,,,,,,,,,,,
40107.01.04,N102,,Products_Images/40107.01.04.Image.102837.jpg,Saruzófej,Mecal,Hátsó,,Nem Gumis,MRF0952-J,,,,,,Alkatrész O4
,,,,,,,,,,,,,,,
40107.01.05,N104,"F  , LEVEGŐS",Products_Images/40107.01.05.Image.102853.jpg,Saruzófej,Mecal,Oldal,,Nem Gumis,MLSP0936-JA,F,,,,,Alkatrész O6
40107.01.06,N105,,Products_Images/40107.01.06.Image.102916.jpg,Saruzófej,Mecal,Oldal,,Nem Gumis,MRS2534-JA,C,,,,,Alkatrész O7
40103.00.55,N106,,Products_Images/40103.00.55.Image.102927.jpg,Saruzófej,Kormak,Oldal,,Nem Gumis,MK10B*08277,F,,,,,Alkatrész P1
40107.01.07,N107,,Products_Images/40107.01.07.Image.102939.jpg,Saruzófej,Mecal,Oldal,,Nem Gumis,MRS0926-JL,F,,,,,
40107.01.08,N108,"F , LEVEGŐS",Products_Images/40107.01.08.Image.102949.jpg,Saruzófej,Mecal,Oldal,,Nem Gumis,MRS0969-JB,F,,,,,Alkatrész P3
40101.00.35,N109,,Products_Images/40101.00.35.Image.103006.jpg,Saruzófej,AMP,Oldal,,Nem Gumis,30953,O,,,,,Alkatrész P4
40107.01.09,N110,,Products_Images/40107.01.09.Image.103018.jpg,Saruzófej,Mecal,Oldal,,Nem Gumis,MRF1665-JSA,C,,,,,Alkatrész P5
40107.01.10,N111,,Products_Images/40107.01.10.Image.103029.jpg,Saruzófej,Mecal,Oldal,,Nem Gumis,MRS0941-JGB,O,,,,,Alkatrész P7
40107.01.11,N112,,Products_Images/40107.01.11.Image.103040.jpg,Saruzófej,Mecal,Oldal,,Gumis,MRS0857-JGD,O,,,,,Alkatrész P7
40107.01.12,N113,,Products_Images/40107.01.12.Image.103502.jpg,Saruzófej,Mecal,Oldal,,Gumis,MRS0857-JGI,O,,,,,Alkatrész Q1
40107.01.13,N114,,Products_Images/40107.01.13.Image.103514.jpg,Saruzófej,Mecal,Oldal,,Nem Gumis,MRS1603-JSC,C,,,,,Alkatrész Q2
,,,,,,,,,,,,,,,
40108.00.04,N116,,Products_Images/40108.00.04.Image.103524.jpg,Saruzófej,Inarca,Oldal,,Nem Gumis,8640,F,,,,,Alkatrész Q4
40101.00.36,N117,,Products_Images/40101.00.36.Image.103543.jpg,Saruzófej,AMP,Hátsó,,Nem Gumis,30976,F,,,,,Alkatrész Q7
40101.00.37,N118,"F , 2 MOZGÓ ÜLLŐ",Products_Images/40101.00.37.Image.103553.jpg,Saruzófej,AMP,Oldal,,Nem Gumis,32336,F,,,,,Alkatrész Q5
40101.00.38,N119,,Products_Images/40101.00.38.Image.103604.jpg,Saruzófej,AMP,Hátsó,,Nem Gumis,30977,F,,,,,Alkatrész Q6
,,,,,,,,,,,,,,,
40107.01.15,N121,,Products_Images/40107.01.15.Image.103614.jpg,Saruzófej,Mecal,Oldal,,Nem Gumis,MRS2612-JS,C,,,,,Alkatrész R3
40109.00.02,N122,,Products_Images/40109.00.02.Image.103626.jpg,Saruzófej,KMI,Hátsó,,Nem Gumis,*,F,,,,,Alkatrész R5
40101.00.39,N123,,Products_Images/40101.00.39.Image.103635.jpg,Saruzófej,AMP,Hátsó,,Nem Gumis,*,F,,,,,Alkatrész R6
40107.01.16,N124,,Products_Images/40107.01.16.Image.103647.jpg,Saruzófej,Mecal,Oldal,,Nem Gumis,MLS376-B,F,,,,,Alkatrész R7
40109.00.04,N126,,Products_Images/40109.00.04.Image.103702.jpg,Saruzófej,KMI,Oldal,,Nem Gumis,TM5076,,,,,,Alkatrész S2
40109.00.05,N127,,Products_Images/40109.00.05.Image.103717.jpg,Saruzófej,AMP,Oldal,,Nem Gumis,TM10893,F,,,,,Alkatrész S3
40109.00.06,N128,,Products_Images/40109.00.06.Image.103728.jpg,Saruzófej,AMP,Oldal,,Nem Gumis,3412,F,,,,,Alkatrész S4
40109.00.07,N129,,Products_Images/40109.00.07.Image.103738.jpg,Saruzófej,KMI,Hátsó,,Nem Gumis,*,F,,,,,
40109.00.08,N130,,Products_Images/40109.00.08.Image.103751.jpg,Saruzófej,AMP,Oldal,,Nem Gumis,0219,F,,,,,Alkatrész S6
40107.01.17,N131,,Products_Images/40107.01.17.Image.103805.jpg,Saruzófej,Mecal,Oldal,,Nem Gumis,MLS1562-JSB,C,,,,,Alkatrész S7
40109.00.09,N132,,Products_Images/40109.00.09.Image.103815.jpg,Saruzófej,AMP,Oldal,,Nem Gumis,TM11219,F,,,,,Alkatrész T1
40109.00.10,N133,,Products_Images/40109.00.10.Image.103825.jpg,Saruzófej,AMP,Oldal,,Nem Gumis,TM4847,F,,,,,Alkatrész T2
40107.01.18,N135,,Products_Images/40107.01.18.Image.103837.jpg,Saruzófej,Mecal,Oldal,,Nem Gumis,MRS1296-JA,,,,,,Alkatrész T4
40109.00.11,N136,,Products_Images/40109.00.11.Image.103848.jpg,Saruzófej,AMP,Oldal,,Nem Gumis,TM4112,F,,,,,Alkatrész T5
40110.00.02,N137,,Products_Images/40110.00.02.Image.103859.jpg,Saruzófej,AMP,Hátsó,,Nem Gumis,1552,F,,,,,Alkatrész S5
40109.00.12,N138,,Products_Images/40109.00.12.Image.103910.jpg,Saruzófej,AMP,Oldal,,Nem Gumis,TM11202,O,,,,,Alkatrész U1
40109.00.13,N139,,Products_Images/40109.00.13.Image.103921.jpg,Saruzófej,AMP,Oldal,,Nem Gumis,KB,F,,,,,Alkatrész U2
40109.00.14,N140,,Products_Images/40109.00.14.Image.103934.jpg,Saruzófej,AMP,Oldal,,Nem Gumis,0468,F,,,,,Alkatrész U3
40109.00.15,N141,,Products_Images/40109.00.15.Image.103946.jpg,Saruzófej,AMP,Oldal,,Nem Gumis,40109.00.15,,,,,,Alkatrész U4
40109.00.16,N142,,Products_Images/40109.00.16.Image.103957.jpg,Saruzófej,AMP,Oldal,,Nem Gumis,0266,F,,,,,Alkatrész U5
40109.00.17,N143,,Products_Images/40109.00.17.Image.104007.jpg,Saruzófej,AMP,Oldal,,Nem Gumis,0218,F,,,,,Alkatrész U6
40103.00.59,N144,,Products_Images/40103.00.59.Image.104016.jpg,Saruzófej,Kormak,Oldal,,Nem Gumis,01731,F,,,,,Alkatrész V1
40109.00.18,N145,,Products_Images/40109.00.18.Image.104025.jpg,Saruzófej,Kormak,Oldal,,Nem Gumis,MLS106,F,,,,,Alkatrész V2
40109.00.19,N146,,Products_Images/40109.00.19.Image.104036.jpg,Saruzófej,AMP,Oldal,,Nem Gumis,0257,F,,,,,Alkatrész V3
40107.01.19,N147,,Products_Images/40107.01.19.Image.104047.jpg,Saruzófej,Mecal,Hátsó,,Nem Gumis,MRF0277-JA,F,,,,,Alkatrész V4
40107.01.20,N148,,Products_Images/40107.01.20.Image.104058.jpg,Saruzófej,Mecal,Hátsó,,Nem Gumis,MRF0048-JI,F,,,,,Alkatrész V5
40107.01.21,N149,,Products_Images/40107.01.21.Image.104111.jpg,Saruzófej,Mecal,Oldal,,Nem Gumis,MRF0765-J,F,,,,,Alkatrész V6
40107.01.22,N150,,Products_Images/40107.01.22.Image.104122.jpg,Saruzófej,Mecal,Hátsó,,Nem Gumis,MRF2758-J,F,,,,,Alkatrész W1
40107.01.23,N151,,Products_Images/40107.01.23.Image.104134.jpg,Saruzófej,Mecal,Oldal,,Nem Gumis,MRS0929-JC,C,,,,,
40109.00.20,N152,,Products_Images/40109.00.20.Image.104146.jpg,Saruzófej,AMP,Oldal,,Nem Gumis,0253,F,,,,,Alkatrész W3
40109.00.21,N153,,Products_Images/40109.00.21.Image.104157.jpg,Saruzófej,AMP,Hátsó,,Nem Gumis,3437,F,,,,,Alkatrész W4
40109.00.22,N154,,Products_Images/40109.00.22.Image.104210.jpg,Saruzófej,Mecal,Oldal,,Nem Gumis,2406,F,,,,,Alkatrész W5
40107.01.24,N155,,Products_Images/40107.01.24.Image.104223.jpg,Saruzófej,Mecal,Hátsó,,Nem Gumis,MRF1455-JA,Nincs,,,2024. 09. 11.,,Alkatrész W6
40107.01.25,N157,,Products_Images/40107.01.25.Image.112930.jpg,Saruzófej,Mecal,Oldal,,Nem Gumis,EVS2390-JB,F,,,,,Alkatrész S1
40107.01.26,N159,,Products_Images/40107.01.26.Image.112957.jpg,Saruzófej,Mecal,Oldal,,Nem Gumis,MLS356-JA,F,,,,,Alkatrész E2
40103.00.58,N161,,Products_Images/40103.00.58.Image.113021.jpg,Saruzófej,Kormak,Oldal,,Nem Gumis,MK10-BS*081016,F,,,,,Alkatrész D6
40107.01.27,N167,,Products_Images/40107.01.27.Image.113038.jpg,Saruzófej,Mecal,Oldal,,Nem Gumis,EVS3706-JL*L58760,O,,,,,Alkatrész F7
40107.01.28,N168,,Products_Images/40107.01.28.Image.113055.jpg,Saruzófej,Mecal,Oldal,,Nem Gumis,EVS3983-JD*L58772,F,,,,,Alkatrész E1
40104.00.05,N169,,Products_Images/40104.00.05.Image.113121.jpg,Saruzófej,Inarca,Oldal,,Nem Gumis,CMSUNIT0008 M.0009,,,,,,Alkatrész F4
40107.00.07,N170,,Products_Images/40107.00.07.Image.113146.jpg,Saruzófej,Mecal,Oldal,,Nem Gumis,MLS0754-HB*LS15426,C,,,,,Alkatrész I2
40150.00.09,N171,,Products_Images/40150.00.09.Image.113211.jpg,Saruzófej,Mecal,Hátsó,,Nem Gumis,EVF0373-J,F,,,,,
40150.00.14,N176,,Products_Images/40150.00.14.Image.113241.jpg,Saruzófej,Mecal,Oldal,,Gumis,L68853,O,,,,,Alkatrész X6
40107.00.35,N177,Nincs szig.megfogó,Products_Images/40107.00.35.Image.113304.jpg,Saruzófej,Mecal,Hátsó,,Nem Gumis,MF2462-J,,,,,,Alkatrész W6
40107.01.29,N178,,Products_Images/40107.01.29.Image.113316.jpg,Saruzófej,Mecal,Oldal,,Nem Gumis,EVS0084-JL,F,,,,,Alkatrész X1
40107.01.30,N179,,Products_Images/40107.01.30.Image.113328.jpg,Saruzófej,Mecal,Oldal,,Nem Gumis,39-00-0046,,,,,,Alkatrész X2
,,,,,,,,,,,,,,,
40101.00.30,N183,,Products_Images/40101.00.30.Image.113354.jpg,Saruzófej,AMP,Hátsó,,Nem Gumis,7159,,,,,,Alkatrész A2
40107.01.32,N181,,Products_Images/40107.01.32.Image.113342.jpg,Saruzófej,Mecal,Oldal,,Gumis,EVS0046-JGQ,O,,,,,Alkatrész X4
40107.01.33,N184,,Products_Images/40107.01.33.Image.113406.jpg,Saruzófej,Mecal,Oldal,,Gumis,EVS3657-JG,O,,,,,Alkatrész H5
40107.01.34,N185,,Products_Images/40107.01.34.Image.113421.jpg,Saruzófej,Mecal,Oldal,,Nem Gumis,EVS2855-JN,F,,,,,Alkatrész T6
40107.01.35,N186,,Products_Images/40107.01.35.Image.113431.jpg,Saruzófej,Mecal,Oldal,,Gumis,L 97594,O,,,,,Alkatrész T5
40107.01.36,N187,,Products_Images/40107.01.36.Image.113442.jpg,Saruzófej,Mecal,Oldal,,Nem Gumis,L 102414,F,,,,,Alkatrész R2
40107.01.37,N188,,Products_Images/40107.01.37.Image.113452.jpg,Saruzófej,Mecal,Hátsó,,Nem Gumis,F 32315,F,,,,,Alkatrész A7
40107.01.38,N189,,Products_Images/40107.01.38.Image.113503.jpg,Saruzófej,Mecal,Oldal,,Nem Gumis,L 102412,F,,,,,Alkatrész K3
40107.01.39,N190,"NINCS SZIG.MEGFOGÓ , Levegős",Products_Images/40107.01.39.Image.113514.jpg,Saruzófej,Mecal,Oldal,,Nem Gumis,MRSP7227-J,,,,,,Alkatrész K3
40107.01.40,N191,,Products_Images/40107.01.40.Image.113526.jpg,Saruzófej,Mecal,Oldal,,Nem Gumis,MRS4781-JF,F,,,,,Alkatrész E2/B
52113.00.03,AMP Model G,,Products_Images/52113.00.03.Image.063532.jpg,Saruzógép,AMP,,,,1-354500-1,,,,2024. 09. 11.,,
52114.00.03,MECAL PE7,,Products_Images/52114.00.03.Image.063609.jpg,Saruzógép,Mecal,,,,15918,,,,2024. 09. 11.,,
52114.00.05,MECAL PE7,,Products_Images/52114.00.05.Image.063643.jpg,Saruzógép,Mecal,,,,15920,,,,2024. 09. 11.,,
52113.00.07,AMP Model G,,Products_Images/52113.00.07.Image.063803.jpg,Saruzógép,AMP,,,,402349,,,,2024. 09. 11.,,
52114.00.01,MECAL PE7,,Products_Images/52114.00.01.Image.063854.jpg,Saruzógép,Mecal,,,,15913,,,,2024. 09. 11.,,
50103.00.06,Schleuniger ES 9480,,Products_Images/50103.00.06.Image.062137.jpg,Daraboló,Schleuniger,,,,20001515,,,,2024. 09. 11.,,TMK
50501.04.01,Markem Imaje 9450,,Products_Images/50501.04.01.Image.062455.jpg,Egyéb Gép,Markem Imaje,,,,FR20100091,,,,2024. 09. 11.,,Daraboló Részleg
50104.00.02,Kodera  C351,,Products_Images/50104.00.02.Image.062206.jpg,Daraboló,Kodera,,,,32567,,,,2024. 09. 11.,,
50103.00.07,Schleuniger ES 9380,,Products_Images/50103.00.07.Image.062238.jpg,Daraboló,Schleuniger,,,,1007/2018,,,,2024. 09. 11.,,
52113.00.04,APM Model G,,Products_Images/52113.00.04.Image.063922.jpg,Saruzógép,AMP,,,,402352,,,,2024. 09. 11.,,
52113.00.05,APM Model G,,Products_Images/52113.00.05.Image.063954.jpg,Saruzógép,AMP,,,,,,,,2024. 09. 11.,,
51101.00.01,Oszlopos fúrógép,,Products_Images/51101.00.01.Image.062526.jpg,Egyéb Gép,SERRMAC,,,,841480,,,,2024. 09. 11.,,
51201.00.01,Sínvágó RC300,,Products_Images/51201.00.01.Image.062555.jpg,Egyéb Gép,RC,,,,RC300,,,,2024. 09. 11.,,
52403.00.02,Ultrahangos hegesztő ULTRASONIC ESGS3000/20/2D,,Products_Images/52403.00.02.Image.062628.jpg,Egyéb Gép,Ultrasonic,,,,2195E,,,,2024. 09. 11.,,
14601.00.01,Dinamometer,,Products_Images/14601.00.01.Image.062656.jpg,Egyéb Gép,C-TEC,,,,,,,,2024. 09. 11.,,
50801.00.01,Kézi vezeték jelölő,,Products_Images/50801.00.01.Image.062728.jpg,Egyéb Gép,Loepfe ,,,,,,,,2024. 09. 11.,,
50305.00.02,Kábeldob letekerő Ulmer DHS 1000D,,Products_Images/50305.00.02.Image.062800.jpg,Egyéb Gép,Ulmer,,,,11784,,,,2024. 09. 11.,,
50305.00.01,Kábeldob letekerő Ulmer DHS 1000C,,Products_Images/50305.00.01.Image.062830.jpg,Egyéb Gép,Ulmer,,,,,,,,2024. 09. 11.,,
50203.00.02,Csődaraboló Schleuniger OC 3950,,Products_Images/50203.00.02.Image.062310.jpg,Daraboló,Schleuniger,,,,1873-2003,,,,2024. 09. 11.,,
50203.00.03,Csődaraboló Schleuniger OC 3300,,Products_Images/50203.00.03.Image.062341.jpg,Daraboló,Schleuniger,,,,,,,,2024. 09. 11.,,
50401.00.02,Levegős blankoló Schleuniger US 2015,,Products_Images/50401.00.02.Image.061921.jpg,Blankoló,Schleuniger,,,,5146,,,,2024. 09. 11.,,
50401.00.04,Levegős blankoló Schleuniger US 2015,,,Blankoló,Schleuniger,,,,12303-2004,,,,,,
50703.00.01,Elektromos blankoló GLW CS 60,,Products_Images/50703.00.01.Image.062002.jpg,Blankoló,GLW,,,,2152537,,,,2024. 09. 11.,,TMK
50701.00.01,Elektromos blankoló Z+F AI01,,Products_Images/50701.00.01.Image.062055.jpg,Blankoló,Z+F,,,,3742,,,,2024. 09. 11.,,
50701.00.02,Elektromos blankoló Z+F AI01,,Products_Images/50701.00.02.Image.060024.jpg,Blankoló,Z+F,,,,,,,,,,
52001.00.07,Levegős saruzó prés Cembre PNB-3,,Products_Images/52001.00.07.Image.111241.jpg,Prés,Cembre,,,,06CD86,,,,2024. 09. 11.,,
52001.00.08,Levegős saruzó prés Cembre PNB-4,,Products_Images/52001.00.08.Image.104833.jpg,Prés,Cembre,,,,0347,,,,2024. 09. 11.,,
52001.00.09,Levegős saruzó prés Cembre PNB-4,,Products_Images/52001.00.09.Image.111603.jpg,Prés,Cembre,,,,06EH97,,,,2024. 09. 11.,,
52001.00.01,Levegős+olajos saruzó prés Zedapa,,Products_Images/52001.00.01.Image.063251.jpg,Prés,Zedapa,,,,60274,,,,2024. 09. 11.,,
52001.00.02,Levegős saruzó prés Cembre PNB-3,,Products_Images/52001.00.02.Image.104914.jpg,Prés,Cembre,,,,915,,,,2024. 09. 11.,,
5000900314,Levegős+olajos saruzó prés Cembre PNB-1,,Products_Images/5000900314.Image.063349.jpg,Prés,Cembre,,,,22AC687,,,,2024. 09. 11.,,
15101.00.01,Saruzógép ellenörző C-tec PAL 3001-S,,Products_Images/15101.00.01.Image.105125.jpg,Egyéb Gép,C-TEC,,,,0511/26,,,,,,
52114.00.06,Saruzógép Mecal PE80,"Nagy sarukhoz, 4Kw, 400V",Products_Images/52114.00.06.Image.064023.jpg,Saruzógép,Mecal,,,,56348,,,,2024. 09. 11.,,
52115.00.01,Saruzógép Artos A50,,Products_Images/52115.00.01.Image.064049.jpg,Saruzógép,Artos,,,,1261,,,,2024. 09. 11.,,
52141.00.04,Saruzógép Gamma,"Ultrázó, 2Kw, 400V",Products_Images/52141.00.04.Image.064119.jpg,Saruzógép,Gamma,,,,158/94,,,,2024. 09. 11.,,
54002.00.02,Kompresszor SCHNEIDER AM 15 AIR MASTER,,Products_Images/54002.00.02.Image.062903.jpg,Egyéb Gép,SCHNEIDER ,,,,417410,,,,2024. 09. 11.,,
52121.00.30,Saruzógép Artos GMB-85,"Ultrázó, 2Kw, 400V",Products_Images/52121.00.30.Image.064148.jpg,Saruzógép,Artos,,,,1213,,,,2024. 09. 11.,,
52114.00.04,Saruzógép Mecal PE7,,Products_Images/52114.00.04.Image.064215.jpg,Saruzógép,Mecal,,,,15921,,,,2024. 09. 11.,,
40402.00.01,Kézi prés CEMBRE TN70,,Products_Images/40402.00.01.Image.063417.jpg,Prés,Cembre,,,,,,,,2024. 09. 11.,,
ME.911270208,FIX ÜLLŐ,,,Saruzófej Alkatrész,Mecal,,FIX ÜLLŐ,,911270208,,,,2024. 09. 02.,Új,
ME.911330108,ELSŐ MOZGÓ ÜLLŐ,,,Saruzófej Alkatrész,Mecal,,MOZGÓ ÜLLŐ,,911330108,,,,,Új,
ME.991450156,SZIGETELÉSMEGFOGÓ,,,Saruzófej Alkatrész,Mecal,,SZIGETELÉSMEGFOGÓ,,991450156,,,,2024. 09. 02.,Új,
ME.991460205,RÉZMEGFOGÓ,,,Saruzófej Alkatrész,Mecal,,RÉZMEGFOGÓ,,991460205,,,,2024. 09. 02.,Új,
ME.991450174,SZIGETELÉSMEGFOGÓ,,,Saruzófej Alkatrész,Mecal,,SZIGETELÉSMEGFOGÓ,,991450174,,,,2024. 09. 02.,Új,
ME.991460236,RÉZMEGFOGÓ,,,Saruzófej Alkatrész,Mecal,,RÉZMEGFOGÓ,,991460236,,,,2024. 09. 02.,Új,
KO.76052050,FIX ÜLLŐ,,,Saruzófej Alkatrész,Kormak,,FIX ÜLLŐ,,76052050,,,,2024. 09. 02.,Új,
KO.79040860,VÁGÓKÉS VEZETŐ,,,Saruzófej Alkatrész,Kormak,,VÁGÓKÉS VEZETŐ,,79040860,,,,2024. 09. 02.,Új,
KO.72122040,RÉZMEGFOGÓ,,,Saruzófej Alkatrész,Kormak,,RÉZMEGFOGÓ,,72122040,,,,2024. 09. 02.,Új,
ME.901421777,FIX ÜLLŐ,,,Saruzófej Alkatrész,Mecal,,FIX ÜLLŐ,,901421777,,,,2024. 09. 02.,Új,
ME.901330267,VÁGÓKÉS,,,Saruzófej Alkatrész,Mecal,,VÁGÓKÉS,,901330267,,,,2024. 09. 02.,Új,
ME.901340100,VÁGÓKÉS ALAP,,,Saruzófej Alkatrész,Mecal,,VÁGÓKÉS ALAP,,901340100,,,,2024. 09. 02.,Új,
ME.901340105,VÁGÓKÉS VEZETŐ,,,Saruzófej Alkatrész,Mecal,,VÁGÓKÉS VEZETŐ,,901340105,,,,2024. 09. 02.,Új,
ME.901350105,VÁGÓKÉS VEZETŐ,,,Saruzófej Alkatrész,Mecal,,VÁGÓKÉS VEZETŐ,,901350105,,,,2024. 09. 02.,Új,
ME.991450333,SZIGETELÉSMEGFOGÓ,,,Saruzófej Alkatrész,Mecal,,SZIGETELÉSMEGFOGÓ,,991450333,,,,2024. 09. 02.,Új,
ME.991460912,RÉZMEGFOGÓ,,,Saruzófej Alkatrész,Mecal,,RÉZMEGFOGÓ,,991460912,,,,2024. 09. 02.,Új,
ME.911270845,FIX ÜLLŐ,,,Saruzófej Alkatrész,Mecal,,FIX ÜLLŐ,,911270845,,,,2024. 09. 02.,Új,
ME.911330174,ELSŐ MOZGÓ ÜLLŐ,,,Saruzófej Alkatrész,Mecal,,MOZGÓ ÜLLŐ,,911330174,,,,2024. 09. 02.,Új,
ME.991450359,SZIGETELÉSMEGFOGÓ,,,Saruzófej Alkatrész,Mecal,,SZIGETELÉSMEGFOGÓ,,991450359,,,,2024. 09. 02.,Új,
ME.991460629,RÉZMEGFOGÓ,,,Saruzófej Alkatrész,Mecal,,RÉZMEGFOGÓ,,991460629,,,,2024. 09. 02.,Új,
ME.911270540,FIX ÜLLŐ,,,Saruzófej Alkatrész,Mecal,,FIX ÜLLŐ,,911270540,,,,2024. 09. 02.,Új,
ME.911270521,FIX ÜLLŐ,,,Saruzófej Alkatrész,Mecal,,FIX ÜLLŐ,,911270521,,,,2024. 09. 02.,Új,
ME.991450300,SZIGETELÉSMEGFOGÓ,,,Saruzófej Alkatrész,Mecal,,SZIGETELÉSMEGFOGÓ,,991450300,,,,2024. 09. 04.,Új,
ME.991460149,RÉZMEGFOGÓ,,,Saruzófej Alkatrész,Mecal,,RÉZMEGFOGÓ,,991460149,,,,2024. 09. 04.,Új,
ME.911270165,FIX ÜLLŐ,,,Saruzófej Alkatrész,Mecal,,FIX ÜLLŐ,,911270165,,,,2024. 09. 02.,Új,
ME.991450109,SZIGETELÉSMEGFOGÓ,,,Saruzófej Alkatrész,Mecal,,,,991450109,,,,,,
ME.991460323,RÉZMEGFOGÓ,,,Saruzófej Alkatrész,Mecal,,,,991460323,,,,,,
ME.901420731,FIX ÜLLŐ,,,Saruzófej Alkatrész,Mecal,,FIX ÜLLŐ,,901420731,,,,2024. 09. 27.,Új,
ME.991460132,RÉZMEGFOGÓ,,,Saruzófej Alkatrész,Mecal,,RÉZMEGFOGÓ,,991460132,,,,2024. 09. 24.,Új,
ME.901422332,FIX ÜLLŐ,,,Saruzófej Alkatrész,Mecal,,FIX ÜLLŐ,,901422332,,,,2024. 09. 02.,Új,
ME.991460742,RÉZMEGFOGÓ,,,Saruzófej Alkatrész,Mecal,,,,991460742,,,,,,
ME.901330103,VÁGÓKÉS,,,Saruzófej Alkatrész,Mecal,,VÁGÓKÉS VEZETŐ,,901330103,,,,2024. 09. 10.,Új,
ME.901340101,VÁGÓKÉS ALAP,,,Saruzófej Alkatrész,Mecal,,VÁGÓKÉS VEZETŐ,,901340101,,,,2024. 09. 18.,Új,
ME.901350103,VÁGÓKÉS VEZETŐ,,,Saruzófej Alkatrész,Mecal,,VÁGÓKÉS VEZETŐ,,901350103,,,,2024. 09. 18.,Új,
ME.911270186,FIX ÜLLŐ,,,Saruzófej Alkatrész,Mecal,,FIX ÜLLŐ,,911270186,,,,2024. 09. 02.,Új,
ME.911271668,FIX ÜLLŐ,,,Saruzófej Alkatrész,Mecal,,FIX ÜLLŐ,,911271668,,,,2024. 09. 18.,Új,
ME.991450320,SZIGETELÉSMEGFOGÓ,,,Saruzófej Alkatrész,Mecal,,SZIGETELÉSMEGFOGÓ,,991450320,,,,2024. 09. 11.,Új,
ME.991460411,RÉZMEGFOGÓ,,,Saruzófej Alkatrész,Mecal,,RÉZMEGFOGÓ,,991460411,,,,2024. 09. 11.,Új,
ME.901420107,FIX ÜLLŐ,,,Saruzófej Alkatrész,Mecal,,FIX ÜLLŐ,,901420107,,,,2024. 09. 18.,Új,
ME.991450102,SZIGETELÉSMEGFOGÓ,,,Saruzófej Alkatrész,Mecal,,SZIGETELÉSMEGFOGÓ,,991450102,,,,2024. 09. 18.,Új,
ME.991460107,RÉZMEGFOGÓ,,,Saruzófej Alkatrész,Mecal,,RÉZMEGFOGÓ,,991460107,,,,2024. 09. 11.,Új,
ME.991450356,SZIGETELÉSMEGFOGÓ,,,Saruzófej Alkatrész,Mecal,,SZIGETELÉSMEGFOGÓ,,991450356,,,,2024. 09. 18.,Új,
ME.901330281,VÁGÓKÉS,,,Saruzófej Alkatrész,Mecal,,VÁGÓKÉS,,901330281,,,,2024. 09. 11.,Új,
ME.901350227,VÁGÓKÉS VEZETŐ,,,Saruzófej Alkatrész,Mecal,,VÁGÓKÉS VEZETŐ,,901350227,,,,2024. 09. 04.,Új,
ME.901420195,FIX ÜLLŐ,,,Saruzófej Alkatrész,Mecal,,FIX ÜLLŐ,,901420195,,,,2024. 09. 18.,Új,
ME.991450152,SZIGETELÉSMEGFOGÓ,,,Saruzófej Alkatrész,Mecal,,SZIGETELÉSMEGFOGÓ,,991450152,,,,2024. 09. 11.,Új,
ME.991460104,RÉZMEGFOGÓ,,,Saruzófej Alkatrész,Mecal,,RÉZMEGFOGÓ,,991460104,,,,2024. 09. 10.,Új,
ME.901330105,VÁGÓKÉS,,,Saruzófej Alkatrész,Mecal,,VÁGÓKÉS,,901330105,,,,2024. 09. 10.,Új,
ME.901350106,VÁGÓKÉS VEZETŐ,,,Saruzófej Alkatrész,Mecal,,VÁGÓKÉS VEZETŐ,,901350106,,,,2024. 09. 11.,Új,
ME.901422319,FIX ÜLLŐ,,,Saruzófej Alkatrész,Mecal,,FIX ÜLLŐ,,901422319,,,,2024. 09. 02.,Új,
ME.991450551,SZIGETELÉSMEGFOGÓ,,,Saruzófej Alkatrész,Mecal,,SZIGETELÉSMEGFOGÓ,,991450551,,,,2024. 09. 11.,Új,
ME.991460182,RÉZMEGFOGÓ,,,Saruzófej Alkatrész,Mecal,,RÉZMEGFOGÓ,,991460182,,,,2024. 09. 12.,Új,
ME.911271638,FIX ÜLLŐ,,,Saruzófej Alkatrész,Mecal,,FIX ÜLLŐ,,911271638,,,,2024. 09. 04.,Új,
ME.991450104,SZIGETELÉSMEGFOGÓ,,,Saruzófej Alkatrész,Mecal,,SZIGETELÉSMEGFOGÓ,,991450104,,,,2024. 09. 11.,Új,
ME.991460254,RÉZMEGFOGÓ,,,Saruzófej Alkatrész,Mecal,,RÉZMEGFOGÓ,,991460254,,,,2024. 09. 04.,Új,
ME.911270471,FIX ÜLLŐ,,,Saruzófej Alkatrész,Mecal,,FIX ÜLLŐ,,911270471,,,,2024. 09. 02.,Új,
ME.911270904,FIX ÜLLŐ,,,Saruzófej Alkatrész,Mecal,,FIX ÜLLŐ,,911270904,,,,2024. 09. 02.,Új,
ME.991460155,RÉZMEGFOGÓ,,,Saruzófej Alkatrész,Mecal,,RÉZMEGFOGÓ,,991460155,,,,2024. 09. 04.,Új,
ME.911270542,FIX ÜLLŐ,,,Saruzófej Alkatrész,Mecal,,FIX ÜLLŐ,,911270542,,,,2024. 09. 02.,Új,
ME.991450194,SZIGETELÉSMEGFOGÓ,,,Saruzófej Alkatrész,Mecal,,SZIGETELÉSMEGFOGÓ,,991450194,,,,2024. 09. 11.,Új,
ME.991460819,RÉZMEGFOGÓ,,,Saruzófej Alkatrész,Mecal,,RÉZMEGFOGÓ,,991460819,,,,2024. 09. 04.,Új,
ME.901420461,FIX ÜLLŐ,,,Saruzófej Alkatrész,Mecal,,FIX ÜLLŐ,,901420461,,,,2024. 09. 11.,Új,
ME.991450157,SZIGETELÉSMEGFOGÓ,,,Saruzófej Alkatrész,Mecal,,SZIGETELÉSMEGFOGÓ,,991450157,,,,2024. 09. 11.,Új,
ME.901421834,FIX ÜLLŐ,,,Saruzófej Alkatrész,Mecal,,FIX ÜLLŐ,,901421834,,,,2024. 09. 12.,Új,
ME.991450160,SZIGETELÉSMEGFOGÓ,,,Saruzófej Alkatrész,Mecal,,SZIGETELÉSMEGFOGÓ,,991450160,,,,2024. 09. 11.,Új,
ME.991460667,RÉZMEGFOGÓ,,,Saruzófej Alkatrész,Mecal,,RÉZMEGFOGÓ,,991460667,,,,2024. 09. 11.,Új,
ME.901330160,VÁGÓKÉS,,,Saruzófej Alkatrész,Mecal,,VÁGÓKÉS,,901330160,,,,2024. 09. 11.,Új,
ME.901350107,VÁGÓKÉS VEZETŐ,,,Saruzófej Alkatrész,Mecal,,VÁGÓKÉS VEZETŐ,,901350107,,,,2024. 09. 11.,Új,
5000A00029,Mérőkábel,,,Mérődoboz,WorldWires,,,,,,,,,,
5000A00114,Mérőkábel,4 rész,,Mérődoboz,WorldWires,,,,,,,,,,
5000A00115,Mérőkábel,,,Mérődoboz,WorldWires,,,,,,,,,,
5000A00116,Mérőkábel,,,Mérődoboz,WorldWires,,,,,,,,,,
5000A00118,Mérőkábel,,,Mérődoboz,WorldWires,,,,,,,,,,
5000A00125,Mérőkábel,,,Mérődoboz,WorldWires,,,,,,,,,,
5000A00135,Mérőkábel,,,Mérődoboz,WorldWires,,,,,,,,,,
5000BA0006,Mérőkábel,,Products_Images/5000BA0006.Image.073153.jpg,Mérődoboz,WorldWires,,,,,,,,,,
5000BA0006B,Mérőkábel,,,Mérődoboz,WorldWires,,,,,,,,,,
5000BA0006C,Mérőkábel,,,Mérődoboz,WorldWires,,,,,,,,,,
5000BA0007,Mérőkábel,,,Mérődoboz,WorldWires,,,,,,,,,,
5000BA0008,Mérőkábel,,,Mérődoboz,WorldWires,,,,,,,,,,
5000BA0009,Mérőkábel,,,Mérődoboz,WorldWires,,,,,,,,,,
5000BA0010,Mérőkábel,,Products_Images/5000BA0010.Image.114547.jpg,Mérődoboz,WorldWires,,,,,,,,,,
5000BA0011,Mérőkábel,,,Mérődoboz,WorldWires,,,,,,,,,,
5000BA0012,Mérőkábel,,Products_Images/5000BA0012.Image.051321.jpg,Mérődoboz,WorldWires,,,,,,,,,,
5000BA0013,Mérőkábel,,,Mérődoboz,WorldWires,,,,,,,,,,
5000BA0015,Mérőkábel,,,Mérődoboz,WorldWires,,,,,,,,,,
5000BA0016,Mérőkábel,,Products_Images/5000BA0016.Image.054831.jpg,Mérődoboz,WorldWires,,,,,,,,,,
5000BA0017,Mérőkábel,,,Mérődoboz,WorldWires,,,,,,,,,,
5000BA0018,Mérőkábel,,,Mérődoboz,WorldWires,,,,,,,,,,
5000BA0019,Mérőkábel,,Products_Images/5000BA0019.Image.105957.jpg,Mérődoboz,WorldWires,,,,,,,,,,
5000BA0020,Mérőkábel,,Products_Images/5000BA0020.Image.064634.jpg,Mérődoboz,WorldWires,,,,,,,,,,
5000BA0020.1,Mérőkábel,,,Mérődoboz,WorldWires,,,,,,,,,,
5000BA0022,Mérőkábel,,,Mérődoboz,WorldWires,,,,,,,,,,
5000BA0023,Mérőkábel,2 rész,Products_Images/5000BA0023.Image.034941.jpg,Mérődoboz,WorldWires,,,,,,,,,,
5000BA0023.1,Mérőkábel,2 rész,Products_Images/5000BA0023.1.Image.100136.jpg,Mérődoboz,WorldWires,,,,,,,,,,
5000BA0024,Mérőkábel,,,Mérődoboz,WorldWires,,,,,,,,,,
5000BA0025,Mérőkábel,,,Mérődoboz,WorldWires,,,,,,,,,,
5000BA0026,Mérőkábel,,,Mérődoboz,WorldWires,,,,,,,,,,
5000BA0028,Mérőkábel,,Products_Images/5000BA0028.Image.053849.jpg,Mérődoboz,WorldWires,,,,,,,,,,
5000BA0029,Mérőkábel,,,Mérődoboz,WorldWires,,,,,,,,,,
5000BA0030,Mérőkábel,,Products_Images/5000BA0030.Image.050529.jpg,Mérődoboz,WorldWires,,,,,,,,,,
5000BA0031,Mérőkábel,,,Mérődoboz,WorldWires,,,,,,,,,,
5000C00034,Mérőkábel,,,Mérődoboz,WorldWires,,,,,,,,,,
5000C00035,Mérőkábel,,,Mérődoboz,WorldWires,,,,,,,,,,
5000C00036,Mérőkábel,,,Mérődoboz,WorldWires,,,,,,,,,,
5000C00038,Mérőkábel,,,Mérődoboz,WorldWires,,,,,,,,,,
5000C00053,Mérőkábel,,Products_Images/5000C00053.Image.043244.jpg,Mérődoboz,WorldWires,,,,,,,,,,
5000E00003,Mérőkábel,,,Mérődoboz,WorldWires,,,,,,,,,,
5000E00007,Mérőkábel,,,Mérődoboz,WorldWires,,,,,,,,,,
5000E00008,Mérőkábel,,Products_Images/5000E00008.Image.070248.jpg,Mérődoboz,WorldWires,,,,,,,,,,
5000E00011,Mérőkábel,,,Mérődoboz,WorldWires,,,,,,,,,,
5000E00012,Mérőkábel,,,Mérődoboz,WorldWires,,,,,,,,,,
5000E00014,Mérőkábel,,,Mérődoboz,WorldWires,,,,,,,,,,
5000E00015,Mérőkábel,,,Mérődoboz,WorldWires,,,,,,,,,,
5000E00016,Mérőkábel,,,Mérődoboz,WorldWires,,,,,,,,,,
5000E00017,Mérőkábel,,,Mérődoboz,WorldWires,,,,,,,,,,
XINT0000K2,Mérődoboz,,Products_Images/XINT0000K2.Image.114341.jpg,Mérődoboz,WorldWires,,,,,,,,,,
XINT000737,Mérőkábel,,Products_Images/XINT000737.Image.053824.jpg,Mérődoboz,WorldWires,,,,,,,,,,
XINT000740,Mérőkábel,,,Mérődoboz,WorldWires,,,,,,,,,,
XINT000741,Mérőkábel,,,Mérődoboz,WorldWires,,,,,,,,,,
XINT000743,Mérőkábel,,Products_Images/XINT000743.Image.040449.jpg,Mérődoboz,WorldWires,,,,,,,,,,
XINT000744,Mérőkábel,,,Mérődoboz,WorldWires,,,,,,,,,,
XINT000745,Mérőkábel,,,Mérődoboz,WorldWires,,,,,,,,,,
XINT000746,Mérőkábel,,,Mérődoboz,WorldWires,,,,,,,,,,
XINT000749,Mérőkábel,6 rész,,Mérődoboz,WorldWires,,,,,,,,,,
XINT000751,Mérőkábel,,,Mérődoboz,WorldWires,,,,,,,,,,
XINT000752,Mérőkábel,,,Mérődoboz,WorldWires,,,,,,,,,,
XINT000753,Mérőkábel,,,Mérődoboz,WorldWires,,,,,,,,,,
XINT000754,Mérőkábel,,,Mérődoboz,WorldWires,,,,,,,,,,
XINT000755,Mérőkábel,3 rész,,Mérődoboz,WorldWires,,,,,,,,,,
XINT000756,Mérőkábel,2 rész,Products_Images/XINT000756.Image.054729.jpg,Mérődoboz,WorldWires,,,,,,,,,,
XINT000758,Mérőkábel,3 rész,Products_Images/XINT000758.Image.070720.jpg,Mérődoboz,WorldWires,,,,,,,,,,
XINT000759,Mérőkábel,,,Mérődoboz,WorldWires,,,,,,,,,,
XINT000760,Mérőkábel,4 rész,,Mérődoboz,WorldWires,,,,,,,,,,
XINT000761,Mérőkábel,4 rész,,Mérődoboz,WorldWires,,,,,,,,,,
XINT000762,Mérőkábel,,,Mérődoboz,WorldWires,,,,,,,,,,
XINT000764,Mérőkábel,,,Mérődoboz,WorldWires,,,,,,,,,,
XINT000765,Mérőkábel,,,Mérődoboz,WorldWires,,,,,,,,,,
XINT000766,Mérőkábel,2 rész,,Mérődoboz,WorldWires,,,,,,,,,,
XINT000767,Mérőkábel,,Products_Images/XINT000767.Image.070500.jpg,Mérődoboz,WorldWires,,,,,,,,,,
XINT000768,Mérőkábel,,Products_Images/XINT000768.Image.062310.jpg,Mérődoboz,WorldWires,,,,,,,,,,
XINT000769,Mérőkábel,,,Mérődoboz,WorldWires,,,,,,,,,,
XINT000771,Mérőkábel,6 rész,,Mérődoboz,WorldWires,,,,,,,,,,
XINT000772,Mérőkábel,,,Mérődoboz,WorldWires,,,,,,,,,,
XINT000773,Mérőkábel,,,Mérődoboz,WorldWires,,,,,,,,,,
XINT000774,Mérőkábel,,Products_Images/XINT000774.Image.045802.jpg,Mérődoboz,WorldWires,,,,,,,,,,
XINT000775,Mérőkábel,,Products_Images/XINT000775.Image.104855.jpg,Mérődoboz,WorldWires,,,,,,,,,,
XINT000776,Mérőkábel,3 rész,,Mérődoboz,WorldWires,,,,,,,,,,
XINT000777,Mérőkábel,,Products_Images/XINT000777.Image.095802.jpg,Mérődoboz,WorldWires,,,,,,,,,,
XINT000778,Mérőkábel,2 rész,Products_Images/XINT000778.Image.050635.jpg,Mérődoboz,WorldWires,,,,,,,,,,
XINT000779,Mérőkábel,2 rész,Products_Images/XINT000779.Image.084707.jpg,Mérődoboz,WorldWires,,,,,,,,,,
XINT000K44,Mérőkábel,,Products_Images/XINT000K44.Image.111715.jpg,Mérődoboz,WorldWires,,,,,,,,,,
XINT000K63,Mérőkábel,,,Mérődoboz,WorldWires,,,,,,,,,,
XINT000K65,Mérőkábel,,,Mérődoboz,WorldWires,,,,,,,,,,
XINT000K66,Mérőkábel,,,Mérődoboz,WorldWires,,,,,,,,,,
XINT000K67,Mérőkábel,,,Mérődoboz,WorldWires,,,,,,,,,,
XINT000K70,Mérőkábel,,,Mérődoboz,WorldWires,,,,,,,,,,
XINT0205.2,Mérőkábel,,,Mérődoboz,WorldWires,,,,,,,,,,
XINT0205.3,Mérőkábel,,Products_Images/XINT0205.3.Image.034718.jpg,Mérődoboz,WorldWires,,,,,,,,,,
XINT0213.1,Mérőkábel,,Products_Images/XINT0213.1.Image.103248.jpg,Mérődoboz,WorldWires,,,,,,,,,,
XINT0415.1,Mérőkábel,,Products_Images/XINT0415.1.Image.063442.jpg,Mérődoboz,WorldWires,,,,,,,,,,
XINT0502.1,Mérőkábel,,Products_Images/XINT0502.1.Image.075641.jpg,Mérődoboz,WorldWires,,,,,,,,,,
XINT0540.1,Mérőkábel,,,Mérődoboz,WorldWires,,,,,,,,,,
XINT0548.1,Mérőkábel,,,Mérődoboz,WorldWires,,,,,,,,,,
XINT0548.2,Mérőkábel,,,Mérődoboz,WorldWires,,,,,,,,,,
XINT0570.1,Mérőkábel,,,Mérődoboz,WorldWires,,,,,,,,,,
XINT0570.2,Mérőkábel,,,Mérődoboz,WorldWires,,,,,,,,,,
XINT0573.1,Mérőkábel,,Products_Images/XINT0573.1.Image.040305.jpg,Mérődoboz,WorldWires,,,,,,,,,,
XINT0624.1,Mérőkábel,,,Mérődoboz,WorldWires,,,,,,,,,,
XINT0654.1,Mérőkábel,,,Mérődoboz,WorldWires,,,,,,,,,,
XINT0665.1,Mérőkábel,,Products_Images/XINT0665.1.Image.102906.jpg,Mérődoboz,WorldWires,,,,,,,,,,
XINT0667.1,Mérőkábel,,,Mérődoboz,WorldWires,,,,,,,,,,
XINT0670.1,Mérőkábel,,,Mérődoboz,WorldWires,,,,,,,,,,
XINT0686.1,Mérőkábel,,Products_Images/XINT0686.1.Image.102611.jpg,Mérődoboz,WorldWires,,,,,,,,,,
XINT0686.2,Mérőkábel,,Products_Images/XINT0686.2.Image.103211.jpg,Mérődoboz,WorldWires,,,,,,,,,,
XINT0688.1,Mérőkábel,,,Mérődoboz,WorldWires,,,,,,,,,,
XINT0709.1,Mérőkábel,,Products_Images/XINT0709.1.Image.065757.jpg,Mérődoboz,WorldWires,,,,,,,,,,
XINT0712.1,Mérőkábel,,Products_Images/XINT0712.1.Image.102507.jpg,Mérődoboz,WorldWires,,,,,,,,,,
,,,,,,,,,,,,,,,
,,,,,,,,,,,,,,,
,,,,,,,,,,,,,,,
,,,,,,,,,,,,,,,
,,,,,,,,,,,,,,,
,,,,,,,,,,,,,,,
,,,,,,,,,,,,,,,
,,,,,,,,,,,,,,,
,,,,,,,,,,,,,,,
,,,,,,,,,,,,,,,
,,,,,,,,,,,,,,,
,,,,,,,,,,,,,,,
,,,,,,,,,,,,,,,
,,,,,,,,,,,,,,,
,,,,,,,,,,,,,,,
,,,,,,,,,,,,,,,
,,,,,,,,,,,,,,,
,,,,,,,,,,,,,,,
,,,,,,,,,,,,,,,
,,,,,,,,,,,,,,,
,,,,,,,,,,,,,,,
,,,,,,,,,,,,,,,
,,,,,,,,,,,,,,,
,,,,,,,,,,,,,,,
,,,,,,,,,,,,,,,
,,,,,,,,,,,,,,,
,,,,,,,,,,,,,,,
,,,,,,,,,,,,,,,
,,,,,,,,,,,,,,,
,,,,,,,,,,,,,,,
,,,,,,,,,,,,,,,
,,,,,,,,,,,,,,,
,,,,,,,,,,,,,,,
,,,,,,,,,,,,,,,
,,,,,,,,,,,,,,,
,,,,,,,,,,,,,,,
,,,,,,,,,,,,,,,
,,,,,,,,,,,,,,,
,,,,,,,,,,,,,,,
,,,,,,,,,,,,,,,
,,,,,,,,,,,,,,,
,,,,,,,,,,,,,,,
,,,,,,,,,,,,,,,
,,,,,,,,,,,,,,,
,,,,,,,,,,,,,,,
,,,,,,,,,,,,,,,
,,,,,,,,,,,,,,,
,,,,,,,,,,,,,,,
,,,,,,,,,,,,,,,
,,,,,,,,,,,,,,,
XINT000100,Mérődoboz,,Products_Images/XINT000100.Image.070935.jpg,Mérődoboz,WorldWires,,,,,,,,,,
XINT000101,Mérődoboz,,,Mérődoboz,WorldWires,,,,,,,,,,
XINT000102,Mérődoboz,,Products_Images/XINT000102.Image.071035.jpg,Mérődoboz,WorldWires,,,,,,,,,,
XINT000103,Mérődoboz,,Products_Images/XINT000103.Image.071112.jpg,Mérődoboz,WorldWires,,,,,,,,,,
XINT000106,Mérődoboz,,,Mérődoboz,WorldWires,,,,,,,,,,
XINT000107,Mérődoboz,,Products_Images/XINT000107.Image.071247.jpg,Mérődoboz,WorldWires,,,,,,,,,,
XINT000111,Mérődoboz,,,Mérődoboz,WorldWires,,,,,,,,,,
XINT000118,Mérődoboz,,,Mérődoboz,WorldWires,,,,,,,,,,
XINT000120,Mérődoboz,,Products_Images/XINT000120.Image.071353.jpg,Mérődoboz,WorldWires,,,,,,,,,,
XINT000123,Mérődoboz,,Products_Images/XINT000123.Image.071500.jpg,Mérődoboz,WorldWires,,,,,,,,,,
XINT000124,Mérődoboz,,,Mérődoboz,WorldWires,,,,,,,,,,
XINT000129,Mérődoboz,,,Mérődoboz,WorldWires,,,,,,,,,,
XINT000131,Mérődoboz,,,Mérődoboz,WorldWires,,,,,,,,,,
XINT000133,Mérődoboz,,,Mérődoboz,WorldWires,,,,,,,,,,
XINT000136,Mérődoboz,,Products_Images/XINT000136.Image.071717.jpg,Mérődoboz,WorldWires,,,,,,,,,,
XINT000137,Mérődoboz,,Products_Images/XINT000137.Image.071816.jpg,Mérődoboz,WorldWires,,,,,,,,,,
XINT000138,Mérődoboz,,Products_Images/XINT000138.Image.071933.jpg,Mérődoboz,WorldWires,,,,,,,,,,
XINT000139,Mérődoboz,,Products_Images/XINT000139.Image.071901.jpg,Mérődoboz,WorldWires,,,,,,,,,,
XINT000140,Mérődoboz,,Products_Images/XINT000140.Image.085427.jpg,Mérődoboz,WorldWires,,,,,,,,,,
XINT000142,Mérődoboz,,,Mérődoboz,WorldWires,,,,,,,,,,
XINT000144,Mérődoboz,,Products_Images/XINT000144.Image.085629.jpg,Mérődoboz,WorldWires,,,,,,,,,,
XINT000149,Mérődoboz,,,Mérődoboz,WorldWires,,,,,,,,,,
XINT000150,Mérődoboz,,Products_Images/XINT000150.Image.085735.jpg,Mérődoboz,WorldWires,,,,,,,,,,
XINT000155,Mérődoboz,,Products_Images/XINT000155.Image.085800.jpg,Mérődoboz,WorldWires,,,,,,,,,,
XINT000156,Mérődoboz,,Products_Images/XINT000156.Image.091549.jpg,Mérődoboz,WorldWires,,,,,,,,,,
XINT000157,Mérődoboz,,Products_Images/XINT000157.Image.091613.jpg,Mérődoboz,WorldWires,,,,,,,,,,
XINT000158,Mérődoboz,,Products_Images/XINT000158.Image.091634.jpg,Mérődoboz,WorldWires,,,,,,,,,,
XINT000159/2,Mérődoboz,,,Mérődoboz,WorldWires,,,,,,,,,,
XINT000160,Mérődoboz,,,Mérődoboz,WorldWires,,,,,,,,,,
XINT000162,Mérődoboz,,,Mérődoboz,WorldWires,,,,,,,,,,
XINT000163,Mérődoboz,,,Mérődoboz,WorldWires,,,,,,,,,,
XINT000164,Mérődoboz,,Products_Images/XINT000164.Image.091814.jpg,Mérődoboz,WorldWires,,,,,,,,,,
XINT000166,Mérődoboz,,,Mérődoboz,WorldWires,,,,,,,,,,
XINT000168,Mérődoboz,,Products_Images/XINT000168.Image.091901.jpg,Mérődoboz,WorldWires,,,,,,,,,,
XINT000170,Mérődoboz,,Products_Images/XINT000170.Image.091928.jpg,Mérődoboz,WorldWires,,,,,,,,,,
XINT000173,Mérődoboz,,,Mérődoboz,WorldWires,,,,,,,,,,
XINT000174,Mérődoboz,,Products_Images/XINT000174.Image.092030.jpg,Mérődoboz,WorldWires,,,,,,,,,,
XINT000176,Mérődoboz,,Products_Images/XINT000176.Image.092111.jpg,Mérődoboz,WorldWires,,,,,,,,,,
XINT000182,Mérődoboz,,,Mérődoboz,WorldWires,,,,,,,,,,
XINT000183,Mérődoboz,,Products_Images/XINT000183.Image.092223.jpg,Mérődoboz,WorldWires,,,,,,,,,,
XINT000187,Mérődoboz,,Products_Images/XINT000187.Image.092252.jpg,Mérődoboz,WorldWires,,,,,,,,,,
XINT000189,Mérődoboz,,Products_Images/XINT000189.Image.092313.jpg,Mérődoboz,WorldWires,,,,,,,,,,
XINT000190,Mérődoboz,,Products_Images/XINT000190.Image.092351.jpg,Mérődoboz,WorldWires,,,,,,,,,,
XINT000191,Mérődoboz,,,Mérődoboz,WorldWires,,,,,,,,,,
XINT000194,Mérődoboz,,,Mérődoboz,WorldWires,,,,,,,,,,
XINT000195,Mérődoboz,,Products_Images/XINT000195.Image.102829.jpg,Mérődoboz,WorldWires,,,,,,,,,,
XINT000197,Mérődoboz,,,Mérődoboz,WorldWires,,,,,,,,,,
XINT000198,Mérődoboz,,,Mérődoboz,WorldWires,,,,,,,,,,
XINT000199,Mérődoboz,,Products_Images/XINT000199.Image.102928.jpg,Mérődoboz,WorldWires,,,,,,,,,,
XINT000202,Mérődoboz,,,Mérődoboz,WorldWires,,,,,,,,,,
XINT000205,Mérődoboz,,Products_Images/XINT000205.Image.103024.jpg,Mérődoboz,WorldWires,,,,,,,,,,
XINT000209,Mérődoboz,,Products_Images/XINT000209.Image.103049.jpg,Mérődoboz,WorldWires,,,,,,,,,,
XINT000213,Mérődoboz,,Products_Images/XINT000213.Image.103127.jpg,Mérődoboz,WorldWires,,,,,,,,,,
XINT000214,Mérődoboz,,Products_Images/XINT000214.Image.103500.jpg,Mérődoboz,WorldWires,,,,,,,,,,
XINT000215,Mérődoboz,,,Mérődoboz,WorldWires,,,,,,,,,,
XINT000222,Mérődoboz,,Products_Images/XINT000222.Image.103550.jpg,Mérődoboz,WorldWires,,,,,,,,,,
XINT000223,Mérődoboz,,,Mérődoboz,WorldWires,,,,,,,,,,
XINT000229,Mérődoboz,,Products_Images/XINT000229.Image.103636.jpg,Mérődoboz,WorldWires,,,,,,,,,,
XINT000241,Mérődoboz,,,Mérődoboz,WorldWires,,,,,,,,,,
XINT000245,Mérődoboz,,,Mérődoboz,WorldWires,,,,,,,,,,
XINT000246,Mérődoboz,,Products_Images/XINT000246.Image.103710.jpg,Mérődoboz,WorldWires,,,,,,,,,,
XINT000252/2,Mérődoboz,,Products_Images/XINT000252-2.Image.103803.jpg,Mérődoboz,WorldWires,,,,,,,,,,
XINT000253,Mérődoboz,,Products_Images/XINT000253.Image.103740.jpg,Mérődoboz,WorldWires,,,,,,,,,,
XINT000255,Mérődoboz,,Products_Images/XINT000255.Image.103901.jpg,Mérődoboz,WorldWires,,,,,,,,,,
XINT000260,Mérődoboz,,Products_Images/XINT000260.Image.103927.jpg,Mérődoboz,WorldWires,,,,,,,,,,
XINT000263,Mérődoboz,,Products_Images/XINT000263.Image.103951.jpg,Mérődoboz,WorldWires,,,,,,,,,,
XINT000264,Mérődoboz,,Products_Images/XINT000264.Image.104024.jpg,Mérődoboz,WorldWires,,,,,,,,,,
XINT000267/2,Mérődoboz,,,Mérődoboz,WorldWires,,,,,,,,,,
XINT000269,Mérődoboz,,Products_Images/XINT000269.Image.071720.jpg,Mérődoboz,WorldWires,,,,,,,,,,
XINT000270,Mérődoboz,,Products_Images/XINT000270.Image.104043.jpg,Mérődoboz,WorldWires,,,,,,,,,,
XINT000273,Mérődoboz,,,Mérődoboz,WorldWires,,,,,,,,,,
XINT000277,Mérődoboz,,Products_Images/XINT000277.Image.104115.jpg,Mérődoboz,WorldWires,,,,,,,,,,
XINT000284,Mérődoboz,,Products_Images/XINT000284.Image.111008.jpg,Mérődoboz,WorldWires,,,,,,,,,,
XINT000296,Mérődoboz,,Products_Images/XINT000296.Image.104148.jpg,Mérődoboz,WorldWires,,,,,,,,,,
XINT000302,Mérődoboz,,Products_Images/XINT000302.Image.104939.jpg,Mérődoboz,WorldWires,,,,,,,,,,
XINT000311,Mérődoboz,,,Mérődoboz,WorldWires,,,,,,,,,,
XINT000313,Mérődoboz,,Products_Images/XINT000313.Image.105010.jpg,Mérődoboz,WorldWires,,,,,,,,,,
XINT000315,Mérődoboz,,Products_Images/XINT000315.Image.105029.jpg,Mérődoboz,WorldWires,,,,,,,,,,
XINT000316,Mérődoboz,,Products_Images/XINT000316.Image.105049.jpg,Mérődoboz,WorldWires,,,,,,,,,,
XINT000317,Mérődoboz,,Products_Images/XINT000317.Image.105124.jpg,Mérődoboz,WorldWires,,,,,,,,,,
XINT000318,Mérődoboz,,Products_Images/XINT000318.Image.105142.jpg,Mérődoboz,WorldWires,,,,,,,,,,
XINT000324,Mérődoboz,,,Mérődoboz,WorldWires,,,,,,,,,,
XINT000325,Mérődoboz,,,Mérődoboz,WorldWires,,,,,,,,,,
XINT000326/2,Mérődoboz,,Products_Images/XINT000326-2.Image.061116.jpg,Mérődoboz,WorldWires,,,,,,,,,,
XINT000329,Mérődoboz,,Products_Images/XINT000329.Image.105504.jpg,Mérődoboz,WorldWires,,,,,,,,,,
XINT000335,Mérődoboz,,Products_Images/XINT000335.Image.105523.jpg,Mérődoboz,WorldWires,,,,,,,,,,
XINT000336,Mérődoboz,,Products_Images/XINT000336.Image.105606.jpg,Mérődoboz,WorldWires,,,,,,,,,,
XINT000340,Mérődoboz,,,Mérődoboz,WorldWires,,,,,,,,,,
XINT000344,Mérődoboz,,Products_Images/XINT000344.Image.041339.jpg,Mérődoboz,WorldWires,,,,,,,,,,
XINT000345,Mérődoboz,,,Mérődoboz,WorldWires,,,,,,,,,,
XINT000358,Mérődoboz,,,Mérődoboz,WorldWires,,,,,,,,,,
XINT000365,Mérődoboz,,Products_Images/XINT000365.Image.105730.jpg,Mérődoboz,WorldWires,,,,,,,,,,
XINT000372,Mérődoboz,,,Mérődoboz,WorldWires,,,,,,,,,,
XINT000373,Mérődoboz,,Products_Images/XINT000373.Image.105750.jpg,Mérődoboz,WorldWires,,,,,,,,,,
XINT000390,Mérődoboz,,,Mérődoboz,WorldWires,,,,,,,,,,
XINT000405,Mérődoboz,,,Mérődoboz,WorldWires,,,,,,,,,,
XINT000406,Mérődoboz,,Products_Images/XINT000406.Image.111815.jpg,Mérődoboz,WorldWires,,,,,,,,,,
XINT000414,Mérődoboz,,Products_Images/XINT000414.Image.111852.jpg,Mérődoboz,WorldWires,,,,,,,,,,
XINT000415,Mérődoboz,,Products_Images/XINT000415.Image.111910.jpg,Mérődoboz,WorldWires,,,,,,,,,,
XINT000417,Mérődoboz,,Products_Images/XINT000417.Image.111929.jpg,Mérődoboz,WorldWires,,,,,,,,,,
XINT000418,Mérődoboz,,Products_Images/XINT000418.Image.111948.jpg,Mérődoboz,WorldWires,,,,,,,,,,
XINT000419,Mérődoboz,,,Mérődoboz,WorldWires,,,,,,,,,,
XINT000425,Mérődoboz,,Products_Images/XINT000425.Image.112042.jpg,Mérődoboz,WorldWires,,,,,,,,,,
XINT000426,Mérődoboz,,,Mérődoboz,WorldWires,,,,,,,,,,
XINT000428,Mérődoboz,,,Mérődoboz,WorldWires,,,,,,,,,,
XINT000428/2,Mérődoboz,,,Mérődoboz,WorldWires,,,,,,,,,,
XINT000430,Mérődoboz,,Products_Images/XINT000430.Image.041918.jpg,Mérődoboz,WorldWires,,,,,,,,,,
XINT000431,Mérődoboz,,Products_Images/XINT000431.Image.112110.jpg,Mérődoboz,WorldWires,,,,,,,,,,
XINT000433,Mérődoboz,,Products_Images/XINT000433.Image.112138.jpg,Mérődoboz,WorldWires,,,,,,,,,,
XINT000437,Mérődoboz,,Products_Images/XINT000437.Image.112159.jpg,Mérődoboz,WorldWires,,,,,,,,,,
XINT000439,Mérődoboz,,,Mérődoboz,WorldWires,,,,,,,,,,
XINT000440,Mérődoboz,,Products_Images/XINT000440.Image.112238.jpg,Mérődoboz,WorldWires,,,,,,,,,,
XINT000442,Mérődoboz,,Products_Images/XINT000442.Image.112258.jpg,Mérődoboz,WorldWires,,,,,,,,,,
XINT000443,Mérődoboz,,Products_Images/XINT000443.Image.112317.jpg,Mérődoboz,WorldWires,,,,,,,,,,
XINT000444,Mérődoboz,,Products_Images/XINT000444.Image.112335.jpg,Mérődoboz,WorldWires,,,,,,,,,,
XINT000458,Mérődoboz,,,Mérődoboz,WorldWires,,,,,,,,,,
XINT000478,Mérődoboz,,Products_Images/XINT000478.Image.075525.jpg,Mérődoboz,WorldWires,,,,,,,,,,
XINT000480,Mérődoboz,,Products_Images/XINT000480.Image.073010.jpg,Mérődoboz,WorldWires,,,,,,,,,,
XINT000481,Mérődoboz,,Products_Images/XINT000481.Image.074041.jpg,Mérődoboz,WorldWires,,,,,,,,,,
XINT000482,Mérődoboz,,Products_Images/XINT000482.Image.094452.jpg,Mérődoboz,WorldWires,,,,,,,,,,
XINT000485,Mérődoboz,,,Mérődoboz,WorldWires,,,,,,,,,,
XINT000486,Mérődoboz,,Products_Images/XINT000486.Image.041248.jpg,Mérődoboz,WorldWires,,,,,,,,,,
XINT000488,Mérődoboz,,Products_Images/XINT000488.Image.104948.jpg,Mérődoboz,WorldWires,,,,,,,,,,
XINT000489,Mérődoboz,,,Mérődoboz,WorldWires,,,,,,,,,,
XINT000490,Mérődoboz,,Products_Images/XINT000490.Image.035534.jpg,Mérődoboz,WorldWires,,,,,,,,,,
XINT000491,Mérődoboz,,Products_Images/XINT000491.Image.050732.jpg,Mérődoboz,WorldWires,,,,,,,,,,
XINT000493,Mérődoboz,,Products_Images/XINT000493.Image.095339.jpg,Mérődoboz,WorldWires,,,,,,,,,,
XINT000494,Mérődoboz,,,Mérődoboz,WorldWires,,,,,,,,,,
XINT000495,Mérődoboz,,,Mérődoboz,WorldWires,,,,,,,,,,
XINT000496,Mérődoboz,,Products_Images/XINT000496.Image.081627.jpg,Mérődoboz,WorldWires,,,,,,,,,,
XINT000497,Mérődoboz,,Products_Images/XINT000497.Image.105038.jpg,Mérődoboz,WorldWires,,,,,,,,,,
XINT000498,Mérődoboz,,Products_Images/XINT000498.Image.051141.jpg,Mérődoboz,WorldWires,,,,,,,,,,
XINT000502,Mérődoboz,,,Mérődoboz,WorldWires,,,,,,,,,,
XINT000503,Mérődoboz,,Products_Images/XINT000503.Image.152113.jpg,Mérődoboz,WorldWires,,,,,,,,,,
XINT000507,Mérődoboz,,,Mérődoboz,WorldWires,,,,,,,,,,
XINT000508,Mérődoboz,,,Mérődoboz,WorldWires,,,,,,,,,,
XINT000512,Mérődoboz,,Products_Images/XINT000512.Image.100837.jpg,Mérődoboz,WorldWires,,,,,,,,,,
XINT000513,Mérődoboz,,,Mérődoboz,WorldWires,,,,,,,,,,
XINT000516,Mérődoboz,,Products_Images/XINT000516.Image.041108.jpg,Mérődoboz,WorldWires,,,,,,,,,,
XINT000517,Mérődoboz,,Products_Images/XINT000517.Image.041127.jpg,Mérődoboz,WorldWires,,,,,,,,,,
XINT000518,Mérődoboz,,Products_Images/XINT000518.Image.041148.jpg,Mérődoboz,WorldWires,,,,,,,,,,
XINT000518/2,Mérődoboz,,,Mérődoboz,WorldWires,,,,,,,,,,
XINT000520,Mérődoboz,,,Mérődoboz,WorldWires,,,,,,,,,,
XINT000521,Mérődoboz,,Products_Images/XINT000521.Image.041245.jpg,Mérődoboz,WorldWires,,,,,,,,,,
XINT000522,Mérődoboz,,Products_Images/XINT000522.Image.041305.jpg,Mérődoboz,WorldWires,,,,,,,,,,
XINT000525,Mérődoboz,,Products_Images/XINT000525.Image.041032.jpg,Mérődoboz,WorldWires,,,,,,,,,,
XINT000526,Mérődoboz,,Products_Images/XINT000526.Image.041011.jpg,Mérődoboz,WorldWires,,,,,,,,,,
XINT000527,Mérődoboz,,Products_Images/XINT000527.Image.040947.jpg,Mérődoboz,WorldWires,,,,,,,,,,
XINT000529,Mérődoboz,,Products_Images/XINT000529.Image.040927.jpg,Mérődoboz,WorldWires,,,,,,,,,,
XINT000530,Mérődoboz,,Products_Images/XINT000530.Image.040905.jpg,Mérődoboz,WorldWires,,,,,,,,,,
XINT000531,Mérődoboz,,Products_Images/XINT000531.Image.040833.jpg,Mérődoboz,WorldWires,,,,,,,,,,
XINT000531/2,Mérődoboz,,,Mérődoboz,WorldWires,,,,,,,,,,
XINT000533,Mérődoboz,,Products_Images/XINT000533.Image.040805.jpg,Mérődoboz,WorldWires,,,,,,,,,,
XINT000534,Mérődoboz,,Products_Images/XINT000534.Image.040743.jpg,Mérődoboz,WorldWires,,,,,,,,,,
XINT000535,Mérődoboz,,Products_Images/XINT000535.Image.040717.jpg,Mérődoboz,WorldWires,,,,,,,,,,
XINT000537,Mérődoboz,,Products_Images/XINT000537.Image.040656.jpg,Mérődoboz,WorldWires,,,,,,,,,,
XINT000538,Mérődoboz,,,Mérődoboz,WorldWires,,,,,,,,,,
XINT000539,Mérődoboz,,Products_Images/XINT000539.Image.040628.jpg,Mérődoboz,WorldWires,,,,,,,,,,
XINT000540,Mérődoboz,,Products_Images/XINT000540.Image.040532.jpg,Mérődoboz,WorldWires,,,,,,,,,,
XINT000542,Mérődoboz,,Products_Images/XINT000542.Image.040514.jpg,Mérődoboz,WorldWires,,,,,,,,,,
XINT000543,Mérődoboz,,Products_Images/XINT000543.Image.040453.jpg,Mérődoboz,WorldWires,,,,,,,,,,
XINT000544,Mérődoboz,,Products_Images/XINT000544.Image.040434.jpg,Mérődoboz,WorldWires,,,,,,,,,,
XINT000545,Mérődoboz,,Products_Images/XINT000545.Image.040359.jpg,Mérődoboz,WorldWires,,,,,,,,,,
XINT000545/2,Mérődoboz,,,Mérődoboz,WorldWires,,,,,,,,,,
XINT000546,Mérődoboz,,Products_Images/XINT000546.Image.112921.jpg,Mérődoboz,WorldWires,,,,,,,,,,
XINT000547,Mérődoboz,,Products_Images/XINT000547.Image.112903.jpg,Mérődoboz,WorldWires,,,,,,,,,,
XINT000548,Mérődoboz,,Products_Images/XINT000548.Image.112845.jpg,Mérődoboz,WorldWires,,,,,,,,,,
XINT000550,Mérődoboz,,Products_Images/XINT000550.Image.112802.jpg,Mérődoboz,WorldWires,,,,,,,,,,
XINT000551,Mérődoboz,,Products_Images/XINT000551.Image.112722.jpg,Mérődoboz,WorldWires,,,,,,,,,,
XINT000552,Mérődoboz,,,Mérődoboz,WorldWires,,,,,,,,,,
XINT000553,Mérődoboz,,,Mérődoboz,WorldWires,,,,,,,,,,
XINT000554,Mérődoboz,,Products_Images/XINT000554.Image.112647.jpg,Mérődoboz,WorldWires,,,,,,,,,,
XINT000556,Mérődoboz,,Products_Images/XINT000556.Image.075444.jpg,Mérődoboz,WorldWires,,,,,,,,,,
XINT000562,Mérődoboz,,Products_Images/XINT000562.Image.075505.jpg,Mérődoboz,WorldWires,,,,,,,,,,
XINT000564,Mérődoboz,,Products_Images/XINT000564.Image.075525.jpg,Mérődoboz,WorldWires,,,,,,,,,,
XINT000566,Mérődoboz,,Products_Images/XINT000566.Image.075551.jpg,Mérődoboz,WorldWires,,,,,,,,,,
XINT000567,Mérődoboz,,Products_Images/XINT000567.Image.075617.jpg,Mérődoboz,WorldWires,,,,,,,,,,
XINT000568,Mérődoboz,,Products_Images/XINT000568.Image.075635.jpg,Mérődoboz,WorldWires,,,,,,,,,,
XINT000569,Mérődoboz,,Products_Images/XINT000569.Image.075357.jpg,Mérődoboz,WorldWires,,,,,,,,,,
XINT000570,Mérődoboz,,Products_Images/XINT000570.Image.075714.jpg,Mérődoboz,WorldWires,,,,,,,,,,
XINT000573,Mérődoboz,,Products_Images/XINT000573.Image.075738.jpg,Mérődoboz,WorldWires,,,,,,,,,,
XINT000578,Mérődoboz,,Products_Images/XINT000578.Image.084149.jpg,Mérődoboz,WorldWires,,,,,,,,,,
XINT000580,Mérődoboz,,Products_Images/XINT000580.Image.084212.jpg,Mérődoboz,WorldWires,,,,,,,,,,
XINT000581,Mérődoboz,,,Mérődoboz,WorldWires,,,,,,,,,,
XINT000581/2,Mérődoboz,,,Mérődoboz,WorldWires,,,,,,,,,,
XINT000584,Mérődoboz,,Products_Images/XINT000584.Image.084315.jpg,Mérődoboz,WorldWires,,,,,,,,,,
XINT000586,Mérődoboz,,Products_Images/XINT000586.Image.095749.jpg,Mérődoboz,WorldWires,,,,,,,,,,
XINT000587,Mérődoboz,,Products_Images/XINT000587.Image.105900.jpg,Mérődoboz,WorldWires,,,,,,,,,,
XINT000588,Mérődoboz,,,Mérődoboz,WorldWires,,,,,,,,,,
XINT000589,Mérődoboz,,Products_Images/XINT000589.Image.095248.jpg,Mérődoboz,WorldWires,,,,,,,,,,
XINT000590,Mérődoboz,,Products_Images/XINT000590.Image.095309.jpg,Mérődoboz,WorldWires,,,,,,,,,,
XINT000592,Mérődoboz,,Products_Images/XINT000592.Image.095326.jpg,Mérődoboz,WorldWires,,,,,,,,,,
XINT000594,Mérődoboz,,Products_Images/XINT000594.Image.095349.jpg,Mérődoboz,WorldWires,,,,,,,,,,
XINT000596,Mérődoboz,,Products_Images/XINT000596.Image.095406.jpg,Mérődoboz,WorldWires,,,,,,,,,,
XINT000597,Mérődoboz,,Products_Images/XINT000597.Image.095425.jpg,Mérődoboz,WorldWires,,,,,,,,,,
XINT000598,Mérődoboz,,Products_Images/XINT000598.Image.095445.jpg,Mérődoboz,WorldWires,,,,,,,,,,
XINT000599,Mérődoboz,,Products_Images/XINT000599.Image.095504.jpg,Mérődoboz,WorldWires,,,,,,,,,,
XINT000601,Mérődoboz,,Products_Images/XINT000601.Image.095533.jpg,Mérődoboz,WorldWires,,,,,,,,,,
XINT000602,Mérődoboz,,Products_Images/XINT000602.Image.095553.jpg,Mérődoboz,WorldWires,,,,,,,,,,
XINT000607,Mérődoboz,,Products_Images/XINT000607.Image.095610.jpg,Mérődoboz,WorldWires,,,,,,,,,,
XINT000608,Mérődoboz,,Products_Images/XINT000608.Image.070140.jpg,Mérődoboz,WorldWires,,,,,,,,,,
XINT000608/2,Mérődoboz,,,Mérődoboz,WorldWires,,,,,,,,,,
XINT000609,Mérődoboz,,Products_Images/XINT000609.Image.095208.jpg,Mérődoboz,WorldWires,,,,,,,,,,
XINT000610,Mérődoboz,,Products_Images/XINT000610.Image.095138.jpg,Mérődoboz,WorldWires,,,,,,,,,,
XINT000611,Mérődoboz,,Products_Images/XINT000611.Image.085708.jpg,Mérődoboz,WorldWires,,,,,,,,,,
XINT000612,Mérődoboz,,Products_Images/XINT000612.Image.085600.jpg,Mérődoboz,WorldWires,,,,,,,,,,
XINT000613,Mérődoboz,,Products_Images/XINT000613.Image.055609.jpg,Mérődoboz,WorldWires,,,,,,,,,,
XINT000614,Mérődoboz,,Products_Images/XINT000614.Image.085415.jpg,Mérődoboz,WorldWires,,,,,,,,,,
XINT000615,Mérődoboz,,Products_Images/XINT000615.Image.085358.jpg,Mérődoboz,WorldWires,,,,,,,,,,
XINT000618,Mérődoboz,,Products_Images/XINT000618.Image.085341.jpg,Mérődoboz,WorldWires,,,,,,,,,,
XINT000619,Mérődoboz,,Products_Images/XINT000619.Image.085323.jpg,Mérődoboz,WorldWires,,,,,,,,,,
XINT000620,Mérődoboz,,Products_Images/XINT000620.Image.085305.jpg,Mérődoboz,WorldWires,,,,,,,,,,
XINT000621,Mérődoboz,,Products_Images/XINT000621.Image.085235.jpg,Mérődoboz,WorldWires,,,,,,,,,,
XINT000622,Mérődoboz,,Products_Images/XINT000622.Image.085217.jpg,Mérődoboz,WorldWires,,,,,,,,,,
XINT000624,Mérődoboz,,Products_Images/XINT000624.Image.085157.jpg,Mérődoboz,WorldWires,,,,,,,,,,
XINT000626,Mérődoboz,,Products_Images/XINT000626.Image.085125.jpg,Mérődoboz,WorldWires,,,,,,,,,,
XINT000630,Mérődoboz,,Products_Images/XINT000630.Image.085044.jpg,Mérődoboz,WorldWires,,,,,,,,,,
XINT000632,Mérődoboz,,Products_Images/XINT000632.Image.072938.jpg,Mérődoboz,WorldWires,,,,,,,,,,
XINT000633,Mérődoboz,,Products_Images/XINT000633.Image.051229.jpg,Mérődoboz,WorldWires,,,,,,,,,,
XINT000634,Mérődoboz,,Products_Images/XINT000634.Image.085012.jpg,Mérődoboz,WorldWires,,,,,,,,,,
XINT000635,Mérődoboz,,Products_Images/XINT000635.Image.084958.jpg,Mérődoboz,WorldWires,,,,,,,,,,
XINT000636,Mérődoboz,,Products_Images/XINT000636.Image.110427.png,Mérődoboz,WorldWires,,,,,,,,,,
XINT000637,Mérődoboz,,Products_Images/XINT000637.Image.084913.jpg,Mérődoboz,WorldWires,,,,,,,,,,
XINT000638,Mérődoboz,,Products_Images/XINT000638.Image.084854.jpg,Mérődoboz,WorldWires,,,,,,,,,,
XINT000639,Mérődoboz,,Products_Images/XINT000639.Image.084830.jpg,Mérődoboz,WorldWires,,,,,,,,,,
XINT000640,Mérődoboz,,Products_Images/XINT000640.Image.084812.jpg,Mérődoboz,WorldWires,,,,,,,,,,
XINT000644,Mérődoboz,,Products_Images/XINT000644.Image.084750.jpg,Mérődoboz,WorldWires,,,,,,,,,,
XINT000645,Mérődoboz,,Products_Images/XINT000645.Image.084728.jpg,Mérődoboz,WorldWires,,,,,,,,,,
XINT000647,Mérődoboz,,Products_Images/XINT000647.Image.084708.jpg,Mérődoboz,WorldWires,,,,,,,,,,
XINT000648,Mérődoboz,,Products_Images/XINT000648.Image.084646.jpg,Mérődoboz,WorldWires,,,,,,,,,,
XINT000649,Mérődoboz,,Products_Images/XINT000649.Image.084454.jpg,Mérődoboz,WorldWires,,,,,,,,,,
XINT000650,Mérődoboz,,Products_Images/XINT000650.Image.084434.jpg,Mérődoboz,WorldWires,,,,,,,,,,
XINT000651,Mérődoboz,,Products_Images/XINT000651.Image.042806.jpg,Mérődoboz,WorldWires,,,,,,,,,,
XINT000654,Mérődoboz,,Products_Images/XINT000654.Image.043450.jpg,Mérődoboz,WorldWires,,,,,,,,,,
XINT000655,Mérődoboz,,Products_Images/XINT000655.Image.043614.jpg,Mérődoboz,WorldWires,,,,,,,,,,
XINT000656,Mérődoboz,,Products_Images/XINT000656.Image.043638.jpg,Mérődoboz,WorldWires,,,,,,,,,,
XINT000657,Mérődoboz,,Products_Images/XINT000657.Image.043702.jpg,Mérődoboz,WorldWires,,,,,,,,,,
XINT000658,Mérődoboz,,Products_Images/XINT000658.Image.043721.jpg,Mérődoboz,WorldWires,,,,,,,,,,
XINT000659,Mérődoboz,,Products_Images/XINT000659.Image.043743.jpg,Mérődoboz,WorldWires,,,,,,,,,,
XINT000661,Mérődoboz,,Products_Images/XINT000661.Image.043818.jpg,Mérődoboz,WorldWires,,,,,,,,,,
XINT000663,Mérődoboz,,Products_Images/XINT000663.Image.051116.jpg,Mérődoboz,WorldWires,,,,,,,,,,
XINT000664,Mérődoboz,,Products_Images/XINT000664.Image.043844.jpg,Mérődoboz,WorldWires,,,,,,,,,,
XINT000666,Mérődoboz,,Products_Images/XINT000666.Image.043925.jpg,Mérődoboz,WorldWires,,,,,,,,,,
XINT000667,Mérődoboz,,Products_Images/XINT000667.Image.043943.jpg,Mérődoboz,WorldWires,,,,,,,,,,
XINT000669,Mérődoboz,,Products_Images/XINT000669.Image.044146.jpg,Mérődoboz,WorldWires,,,,,,,,,,
XINT000670,Mérődoboz,,Products_Images/XINT000670.Image.133453.jpg,Mérődoboz,WorldWires,,,,,,,,,,
XINT000671,Mérődoboz,,Products_Images/XINT000671.Image.044216.jpg,Mérődoboz,WorldWires,,,,,,,,,,
XINT000672,Mérődoboz,,Products_Images/XINT000672.Image.054345.jpg,Mérődoboz,WorldWires,,,,,,,,,,
XINT000673,Mérődoboz,,Products_Images/XINT000673.Image.054406.jpg,Mérődoboz,WorldWires,,,,,,,,,,
XINT000679,Mérődoboz,,Products_Images/XINT000679.Image.054658.jpg,Mérődoboz,WorldWires,,,,,,,,,,
XINT000680,Mérődoboz,,Products_Images/XINT000680.Image.054716.jpg,Mérődoboz,WorldWires,,,,,,,,,,
XINT000682,Mérődoboz,,Products_Images/XINT000682.Image.054734.jpg,Mérődoboz,WorldWires,,,,,,,,,,
XINT000683,Mérődoboz,,Products_Images/XINT000683.Image.054759.jpg,Mérődoboz,WorldWires,,,,,,,,,,
XINT000686,Mérődoboz,,Products_Images/XINT000686.Image.054948.jpg,Mérődoboz,WorldWires,,,,,,,,,,
XINT000688,Mérődoboz,,Products_Images/XINT000688.Image.055628.jpg,Mérődoboz,WorldWires,,,,,,,,,,
XINT000690,Mérődoboz,,Products_Images/XINT000690.Image.055724.jpg,Mérődoboz,WorldWires,,,,,,,,,,
XINT000691,Mérődoboz,,Products_Images/XINT000691.Image.071321.jpg,Mérődoboz,WorldWires,,,,,,,,,,
XINT000693,Mérődoboz,,Products_Images/XINT000693.Image.071427.jpg,Mérődoboz,WorldWires,,,,,,,,,,
XINT000694,Mérődoboz,,Products_Images/XINT000694.Image.071500.jpg,Mérődoboz,WorldWires,,,,,,,,,,
XINT000698,Mérődoboz,,Products_Images/XINT000698.Image.071735.jpg,Mérődoboz,WorldWires,,,,,,,,,,
XINT000699,Mérődoboz,,,Mérődoboz,WorldWires,,,,,,,,,,
XINT000700,Mérődoboz,,,Mérődoboz,WorldWires,,,,,,,,,,
XINT000700/2,Mérődoboz,,,Mérődoboz,WorldWires,,,,,,,,,,
XINT000701,Mérődoboz,,Products_Images/XINT000701.Image.104150.jpg,Mérődoboz,WorldWires,,,,,,,,,,
XINT000703,Mérődoboz,,Products_Images/XINT000703.Image.104242.jpg,Mérődoboz,WorldWires,,,,,,,,,,
XINT000705,Mérődoboz,,Products_Images/XINT000705.Image.104339.jpg,Mérődoboz,WorldWires,,,,,,,,,,
XINT000706,Mérődoboz,,Products_Images/XINT000706.Image.104408.jpg,Mérődoboz,WorldWires,,,,,,,,,,
XINT000707,Mérődoboz,,,Mérődoboz,WorldWires,,,,,,,,,,
XINT000708,Mérődoboz,,Products_Images/XINT000708.Image.035212.jpg,Mérődoboz,WorldWires,,,,,,,,,,
XINT000709,Mérődoboz,,,Mérődoboz,WorldWires,,,,,,,,,,
XINT000710,Mérődoboz,,Products_Images/XINT000710.Image.095632.jpg,Mérődoboz,WorldWires,,,,,,,,,,
XINT000711,Mérődoboz,,Products_Images/XINT000711.Image.052639.jpg,Mérődoboz,WorldWires,,,,,,,,,,
XINT000712,Mérődoboz,,,Mérődoboz,WorldWires,,,,,,,,,,
XINT000713,Mérődoboz,,Products_Images/XINT000713.Image.104633.jpg,Mérődoboz,WorldWires,,,,,,,,,,
XINT000714,Mérődoboz,,Products_Images/XINT000714.Image.105345.jpg,Mérődoboz,WorldWires,,,,,,,,,,
XINT000716,Mérődoboz,,Products_Images/XINT000716.Image.073627.jpg,Mérődoboz,WorldWires,,,,,,,,,,
XINT000717,Mérődoboz,,,Mérődoboz,WorldWires,,,,,,,,,,
XINT000722,Mérődoboz,,,Mérődoboz,WorldWires,,,,,,,,,,
XINT000723,Mérődoboz,,,Mérődoboz,WorldWires,,,,,,,,,,
XINT000725,Mérődoboz,,,Mérődoboz,WorldWires,,,,,,,,,,
XINT000727,Mérődoboz,,,Mérődoboz,WorldWires,,,,,,,,,,
XINT000747,Mérődoboz,,,Mérődoboz,WorldWires,,,,,,,,,,
XINT000K10,Mérődoboz,,Products_Images/XINT000K10.Image.081650.jpg,Mérődoboz,WorldWires,,,,,,,,,,
XINT000K11A,Mérődoboz,,Products_Images/XINT000K11A.Image.114605.jpg,Mérődoboz,WorldWires,,,,,,,,,,
XINT000K11B,Mérődoboz,,Products_Images/XINT000K11B.Image.114613.jpg,Mérődoboz,WorldWires,,,,,,,,,,
XINT000K12A,Mérődoboz,,Products_Images/XINT000K12A.Image.114621.jpg,Mérődoboz,WorldWires,,,,,,,,,,
XINT000K12B,Mérődoboz,,Products_Images/XINT000K12B.Image.114627.jpg,Mérődoboz,WorldWires,,,,,,,,,,
XINT000K14,Mérődoboz,,Products_Images/XINT000K14.Image.084114.jpg,Mérődoboz,WorldWires,,,,,,,,,,
XINT000K15,Mérődoboz,,Products_Images/XINT000K15.Image.084140.jpg,Mérődoboz,WorldWires,,,,,,,,,,
XINT000K16,Mérődoboz,,Products_Images/XINT000K16.Image.114749.jpg,Mérődoboz,WorldWires,,,,,,,,,,
XINT000K22,Mérődoboz,,Products_Images/XINT000K22.Image.114820.jpg,Mérődoboz,WorldWires,,,,,,,,,,
XINT000K29,Mérődoboz,,Products_Images/XINT000K29.Image.104527.jpg,Mérődoboz,WorldWires,,,,,,,,,,
XINT000K30A,Mérődoboz,,Products_Images/XINT000K30A.Image.104632.jpg,Mérődoboz,WorldWires,,,,,,,,,,
XINT000K30B,Mérődoboz,,,Mérődoboz,WorldWires,,,,,,,,,,
XINT000K31A,Mérődoboz,,Products_Images/XINT000K31A.Image.111525.jpg,Mérődoboz,WorldWires,,,,,,,,,,
XINT000K34,Mérődoboz,,Products_Images/XINT000K34.Image.111650.jpg,Mérődoboz,WorldWires,,,,,,,,,,
XINT000K35B,Mérődoboz,,Products_Images/XINT000K35B.Image.111559.jpg,Mérődoboz,WorldWires,,,,,,,,,,
XINT000K36,Mérődoboz,,Products_Images/XINT000K36.Image.111614.jpg,Mérődoboz,WorldWires,,,,,,,,,,
XINT000K40,Mérődoboz,,Products_Images/XINT000K40.Image.111625.jpg,Mérődoboz,WorldWires,,,,,,,,,,
XINT000K41,Mérődoboz,,,Mérődoboz,WorldWires,,,,,,,,,,
XINT000K46,Mérődoboz,,Products_Images/XINT000K46.Image.061433.jpg,Mérődoboz,WorldWires,,,,,,,,,,
XINT000K47,Mérődoboz,,Products_Images/XINT000K47.Image.111752.jpg,Mérődoboz,WorldWires,,,,,,,,,,
XINT000K48,Mérődoboz,,,Mérődoboz,WorldWires,,,,,,,,,,
XINT000K53,Mérődoboz,,Products_Images/XINT000K53.Image.111856.jpg,Mérődoboz,WorldWires,,,,,,,,,,
XINT000K54,Mérődoboz,,Products_Images/XINT000K54.Image.111924.jpg,Mérődoboz,WorldWires,,,,,,,,,,
XINT000K58,Mérődoboz,,Products_Images/XINT000K58.Image.112020.jpg,Mérődoboz,WorldWires,,,,,,,,,,
XINT000K59,Mérődoboz,,Products_Images/XINT000K59.Image.112032.jpg,Mérődoboz,WorldWires,,,,,,,,,,
XINT0000K6,Mérődoboz,,Products_Images/XINT0000K6.Image.114450.jpg,Mérődoboz,WorldWires,,,,,,,,,,
XINT0000K7,Mérődoboz,,Products_Images/XINT0000K7.Image.114502.jpg,Mérődoboz,WorldWires,,,,,,,,,,
XINT0000K8,Mérődoboz,,Products_Images/XINT0000K8.Image.114515.jpg,Mérődoboz,WorldWires,,,,,,,,,,
XINT0000K9,Mérődoboz,,Products_Images/XINT0000K9.Image.114527.jpg,Mérődoboz,WorldWires,,,,,,,,,,
QAM01,Mérődoboz,,,Mérődoboz,WorldWires,,,,,,,,,,
XINT000328,Mérődoboz,,Products_Images/XINT000328.Image.105446.jpg,Mérődoboz,WorldWires,,,,,,,,,,
XINT000336/2,Mérődoboz,,,Mérődoboz,WorldWires,,,,,,,,,,
XINT000339/1,Mérődoboz,,,Mérődoboz,WorldWires,,,,,,,,,,
XINT000339/2,Mérődoboz,,,Mérődoboz,WorldWires,,,,,,,,,,
XINT000347,Mérődoboz,,Products_Images/XINT000347.Image.105635.jpg,Mérődoboz,WorldWires,,,,,,,,,,
XINT000354/2,Mérődoboz,,,Mérődoboz,WorldWires,,,,,,,,,,
XINT000381/1,Mérődoboz,,,Mérődoboz,WorldWires,,,,,,,,,,
XINT000381/2,Mérődoboz,,,Mérődoboz,WorldWires,,,,,,,,,,
XINT000404,Mérődoboz,,Products_Images/XINT000404.Image.111754.jpg,Mérődoboz,WorldWires,,,,,,,,,,
XINT000549,Mérődoboz,,,Mérődoboz,WorldWires,,,,,,,,,,
XINT000665,Mérődoboz,,Products_Images/XINT000665.Image.050449.jpg,Mérődoboz,WorldWires,,,,,,,,,,
XINT000668,Mérődoboz,,Products_Images/XINT000668.Image.044054.jpg,Mérődoboz,WorldWires,,,,,,,,,,
XINT000676,Mérődoboz,,Products_Images/XINT000676.Image.054453.jpg,Mérődoboz,WorldWires,,,,,,,,,,
XINT000677,Mérődoboz,,Products_Images/XINT000677.Image.054545.jpg,Mérődoboz,WorldWires,,,,,,,,,,
XINT000678,Mérődoboz,,Products_Images/XINT000678.Image.054628.jpg,Mérődoboz,WorldWires,,,,,,,,,,
XINT000684,Mérődoboz,,Products_Images/XINT000684.Image.054833.jpg,Mérődoboz,WorldWires,,,,,,,,,,
XINT000685,Mérődoboz,,Products_Images/XINT000685.Image.054920.jpg,Mérődoboz,WorldWires,,,,,,,,,,
XINT000687,Mérődoboz,,Products_Images/XINT000687.Image.055553.jpg,Mérődoboz,WorldWires,,,,,,,,,,
XINT000689,Mérődoboz,,Products_Images/XINT000689.Image.055656.jpg,Mérődoboz,WorldWires,,,,,,,,,,
XINT000692,Mérődoboz,,Products_Images/XINT000692.Image.071358.jpg,Mérődoboz,WorldWires,,,,,,,,,,
XINT000695,Mérődoboz,,Products_Images/XINT000695.Image.071535.jpg,Mérődoboz,WorldWires,,,,,,,,,,
XINT000696,Mérődoboz,,Products_Images/XINT000696.Image.071613.jpg,Mérődoboz,WorldWires,,,,,,,,,,
XINT000697,Mérődoboz,,Products_Images/XINT000697.Image.071632.jpg,Mérődoboz,WorldWires,,,,,,,,,,
XINT000697/2,Mérődoboz,,Products_Images/XINT000697-2.Image.071706.jpg,Mérődoboz,WorldWires,,,,,,,,,,
XINT000699/1,Mérődoboz,,,Mérődoboz,WorldWires,,,,,,,,,,
XINT000699/2,Mérődoboz,,,Mérődoboz,WorldWires,,,,,,,,,,
XINT000702,Mérődoboz,,Products_Images/XINT000702.Image.104214.jpg,Mérődoboz,WorldWires,,,,,,,,,,
XINT000704,Mérődoboz,,Products_Images/XINT000704.Image.104311.jpg,Mérődoboz,WorldWires,,,,,,,,,,
XINT000720,Mérődoboz,,,Mérődoboz,WorldWires,,,,,,,,,,
XINT000721,Mérődoboz,,,Mérődoboz,WorldWires,,,,,,,,,,
XINT000726,Mérődoboz,,Products_Images/XINT000726.Image.035600.jpg,Mérődoboz,WorldWires,,,,,,,,,,
XINT000728,Mérődoboz,,,Mérődoboz,WorldWires,,,,,,,,,,
XINT000732,Mérődoboz,,Products_Images/XINT000732.Image.051458.jpg,Mérődoboz,WorldWires,,,,,,,,,,
XINT000733,Mérődoboz,,,Mérődoboz,WorldWires,,,,,,,,,,
XINT000735,Mérődoboz,,,Mérődoboz,WorldWires,,,,,,,,,,
XINT000736,Mérődoboz,,,Mérődoboz,WorldWires,,,,,,,,,,
XINT000738,Mérődoboz,,,Mérődoboz,WorldWires,,,,,,,,,,
XINT000739,Mérődoboz,,,Mérődoboz,WorldWires,,,,,,,,,,
XINT000742,Mérődoboz,,,Mérődoboz,WorldWires,,,,,,,,,,
XINT000748,Mérődoboz,,,Mérődoboz,WorldWires,,,,,,,,,,
XINT000750,Mérődoboz,,,Mérődoboz,WorldWires,,,,,,,,,,
XINT000777/2,Mérődoboz,,Products_Images/XINT000777-2.Image.100753.jpg,Mérődoboz,WorldWires,,,,,,,,,,
XINT000780,Mérődoboz,,Products_Images/XINT000780.Image.051202.jpg,Mérődoboz,WorldWires,,,,,,,,,,
XINT000781,Mérődoboz,,Products_Images/XINT000781.Image.082731.jpg,Mérődoboz,WorldWires,,,,,,,,,,
XINT0000K1,Mérődoboz,,Products_Images/XINT0000K1.Image.114229.jpg,Mérődoboz,WorldWires,,,,,,,,,,
XINT000K13,Mérődoboz,,Products_Images/XINT000K13.Image.084035.jpg,Mérődoboz,WorldWires,,,,,,,,,,
XINT000K17,Mérődoboz,,Products_Images/XINT000K17.Image.105346.jpg,Mérődoboz,WorldWires,,,,,,,,,,
XINT000K18,Mérődoboz,,Products_Images/XINT000K18.Image.105416.jpg,Mérődoboz,WorldWires,,,,,,,,,,
XINT000K19,Mérődoboz,,Products_Images/XINT000K19.Image.105426.jpg,Mérődoboz,WorldWires,,,,,,,,,,
XINT000K24,Mérődoboz,,Products_Images/XINT000K24.Image.114827.jpg,Mérődoboz,WorldWires,,,,,,,,,,
XINT000K25,Mérődoboz,,Products_Images/XINT000K25.Image.114836.jpg,Mérődoboz,WorldWires,,,,,,,,,,
XINT000K26,Mérődoboz,,,Mérődoboz,WorldWires,,,,,,,,,,
XINT000K27,Mérődoboz,,Products_Images/XINT000K27.Image.111504.jpg,Mérődoboz,WorldWires,,,,,,,,,,
XINT000K28,Mérődoboz,,Products_Images/XINT000K28.Image.104417.jpg,Mérődoboz,WorldWires,,,,,,,,,,
XINT0000K3,Mérődoboz,,Products_Images/XINT000K3.Image.114241.jpg,Mérődoboz,WorldWires,,,,,,,,,,
XINT000K31B,Mérődoboz,,Products_Images/XINT000K31B.Image.111537.jpg,Mérődoboz,WorldWires,,,,,,,,,,
XINT000K32B,Mérődoboz,,,Mérődoboz,WorldWires,,,,,,,,,,
XINT000K33,Mérődoboz,,,Mérődoboz,WorldWires,,,,,,,,,,
XINT000K35A,Mérődoboz,,Products_Images/XINT000K35A.Image.111549.jpg,Mérődoboz,WorldWires,,,,,,,,,,
XINT000K37,Mérődoboz,,,Mérődoboz,WorldWires,,,,,,,,,,
XINT000K38,Mérődoboz,,,Mérődoboz,WorldWires,,,,,,,,,,
XINT000K39,Mérődoboz,,,Mérődoboz,WorldWires,,,,,,,,,,
XINT0000K4,Mérődoboz,,Products_Images/XINT000K4.Image.114359.jpg,Mérődoboz,WorldWires,,,,,,,,,,
XINT000K42,Mérődoboz,,Products_Images/XINT000K42.Image.084353.jpg,Mérődoboz,WorldWires,,,,,,,,,,
XINT000K43,Mérődoboz,,,Mérődoboz,WorldWires,,,,,,,,,,
XINT000K45,Mérődoboz,,Products_Images/XINT000K45.Image.111741.jpg,Mérődoboz,WorldWires,,,,,,,,,,
XINT000K49,Mérődoboz,,Products_Images/XINT000K49.Image.111805.jpg,Mérődoboz,WorldWires,,,,,,,,,,
XINT0000K5,Mérődoboz,,Products_Images/XINT000K5.Image.114419.jpg,Mérődoboz,WorldWires,,,,,,,,,,
XINT000K50,Mérődoboz,,Products_Images/XINT000K50.Image.111815.jpg,Mérődoboz,WorldWires,,,,,,,,,,
XINT000K51,Mérődoboz,,Products_Images/XINT000K51.Image.111826.jpg,Mérődoboz,WorldWires,,,,,,,,,,
XINT000K56,Mérődoboz,,Products_Images/XINT000K56.Image.111944.jpg,Mérődoboz,WorldWires,,,,,,,,,,
XINT000K57,Mérődoboz,,Products_Images/XINT000K57.Image.112009.jpg,Mérődoboz,WorldWires,,,,,,,,,,
,,,,,,,,,,,,,,,
,,,,,,,,,,,,,,,
,,,,,,,,,,,,,,,
,,,,,,,,,,,,,,,
,,,,,,,,,,,,,,,
,,,,,,,,,,,,,,,
,,,,,,,,,,,,,,,
,,,,,,,,,,,,,,,
,,,,,,,,,,,,,,,
,,,,,,,,,,,,,,,
,,,,,,,,,,,,,,,
,,,,,,,,,,,,,,,
,,,,,,,,,,,,,,,
,,,,,,,,,,,,,,,
,,,,,,,,,,,,,,,
,,,,,,,,,,,,,,,
,,,,,,,,,,,,,,,
,,,,,,,,,,,,,,,
,,,,,,,,,,,,,,,
,,,,,,,,,,,,,,,
,,,,,,,,,,,,,,,
,,,,,,,,,,,,,,,
,,,,,,,,,,,,,,,
,,,,,,,,,,,,,,,
,,,,,,,,,,,,,,,
,,,,,,,,,,,,,,,
,,,,,,,,,,,,,,,
,,,,,,,,,,,,,,,
,,,,,,,,,,,,,,,
,,,,,,,,,,,,,,,
,,,,,,,,,,,,,,,
,,,,,,,,,,,,,,,
,,,,,,,,,,,,,,,
,,,,,,,,,,,,,,,
,,,,,,,,,,,,,,,
,,,,,,,,,,,,,,,
,,,,,,,,,,,,,,,
,,,,,,,,,,,,,,,
,,,,,,,,,,,,,,,
,,,,,,,,,,,,,,,
,,,,,,,,,,,,,,,
,,,,,,,,,,,,,,,
,,,,,,,,,,,,,,,
,,,,,,,,,,,,,,,
,,,,,,,,,,,,,,,
,,,,,,,,,,,,,,,
,,,,,,,,,,,,,,,
,,,,,,,,,,,,,,,
,,,,,,,,,,,,,,,
,,,,,,,,,,,,,,,
,,,,,,,,,,,,,,,
,,,,,,,,,,,,,,,
,,,,,,,,,,,,,,,
,,,,,,,,,,,,,,,
,,,,,,,,,,,,,,,
,,,,,,,,,,,,,,,
,,,,,,,,,,,,,,,
,,,,,,,,,,,,,,,
,,,,,,,,,,,,,,,
,,,,,,,,,,,,,,,
,,,,,,,,,,,,,,,
,,,,,,,,,,,,,,,
,,,,,,,,,,,,,,,
,,,,,,,,,,,,,,,
,,,,,,,,,,,,,,,
,,,,,,,,,,,,,,,
,,,,,,,,,,,,,,,
,,,,,,,,,,,,,,,
,,,,,,,,,,,,,,,
,,,,,,,,,,,,,,,
,,,,,,,,,,,,,,,
,,,,,,,,,,,,,,,
,,,,,,,,,,,,,,,
,,,,,,,,,,,,,,,
,,,,,,,,,,,,,,,
,,,,,,,,,,,,,,,
,,,,,,,,,,,,,,,
,,,,,,,,,,,,,,,
,,,,,,,,,,,,,,,
,,,,,,,,,,,,,,,
,,,,,,,,,,,,,,,
,,,,,,,,,,,,,,,
,,,,,,,,,,,,,,,
,,,,,,,,,,,,,,,
,,,,,,,,,,,,,,,
,,,,,,,,,,,,,,,
,,,,,,,,,,,,,,,
,,,,,,,,,,,,,,,
,,,,,,,,,,,,,,,
,,,,,,,,,,,,,,,
,,,,,,,,,,,,,,,
,,,,,,,,,,,,,,,
,,,,,,,,,,,,,,,
,,,,,,,,,,,,,,,
,,,,,,,,,,,,,,,
,,,,,,,,,,,,,,,
,,,,,,,,,,,,,,,
,,,,,,,,,,,,,,,
,,,,,,,,,,,,,,,
,,,,,,,,,,,,,,,
,,,,,,,,,,,,,,,
,,,,,,,,,,,,,,,
,,,,,,,,,,,,,,,
,,,,,,,,,,,,,,,
,,,,,,,,,,,,,,,
,,,,,,,,,,,,,,,
,,,,,,,,,,,,,,,
,,,,,,,,,,,,,,,
,,,,,,,,,,,,,,,
,,,,,,,,,,,,,,,
,,,,,,,,,,,,,,,
,,,,,,,,,,,,,,,
,,,,,,,,,,,,,,,
,,,,,,,,,,,,,,,
,,,,,,,,,,,,,,,
,,,,,,,,,,,,,,,
,,,,,,,,,,,,,,,
,,,,,,,,,,,,,,,
,,,,,,,,,,,,,,,
,,,,,,,,,,,,,,,
,,,,,,,,,,,,,,,
,,,,,,,,,,,,,,,
,,,,,,,,,,,,,,,
,,,,,,,,,,,,,,,
,,,,,,,,,,,,,,,
,,,,,,,,,,,,,,,
,,,,,,,,,,,,,,,
,,,,,,,,,,,,,,,
,,,,,,,,,,,,,,,
,,,,,,,,,,,,,,,
,,,,,,,,,,,,,,,
,,,,,,,,,,,,,,,
,,,,,,,,,,,,,,,
,,,,,,,,,,,,,,,
,,,,,,,,,,,,,,,
,,,,,,,,,,,,,,,
,,,,,,,,,,,,,,,
,,,,,,,,,,,,,,,
,,,,,,,,,,,,,,,
,,,,,,,,,,,,,,,
,,,,,,,,,,,,,,,
,,,,,,,,,,,,,,,
,,,,,,,,,,,,,,,
,,,,,,,,,,,,,,,
,,,,,,,,,,,,,,,
,,,,,,,,,,,,,,,
,,,,,,,,,,,,,,,
,,,,,,,,,,,,,,,
,,,,,,,,,,,,,,,
,,,,,,,,,,,,,,,
,,,,,,,,,,,,,,,
,,,,,,,,,,,,,,,
,,,,,,,,,,,,,,,
,,,,,,,,,,,,,,,
,,,,,,,,,,,,,,,
,,,,,,,,,,,,,,,
,,,,,,,,,,,,,,,
,,,,,,,,,,,,,,,
,,,,,,,,,,,,,,,
,,,,,,,,,,,,,,,
,,,,,,,,,,,,,,,
,,,,,,,,,,,,,,,
,,,,,,,,,,,,,,,
,,,,,,,,,,,,,,,
,,,,,,,,,,,,,,,
,,,,,,,,,,,,,,,
,,,,,,,,,,,,,,,
,,,,,,,,,,,,,,,
,,,,,,,,,,,,,,,
,,,,,,,,,,,,,,,
,,,,,,,,,,,,,,,
,,,,,,,,,,,,,,,
,,,,,,,,,,,,,,,
,,,,,,,,,,,,,,,
,,,,,,,,,,,,,,,
,,,,,,,,,,,,,,,
,,,,,,,,,,,,,,,
,,,,,,,,,,,,,,,
,,,,,,,,,,,,,,,
,,,,,,,,,,,,,,,
,,,,,,,,,,,,,,,
,,,,,,,,,,,,,,,
,,,,,,,,,,,,,,,
,,,,,,,,,,,,,,,
,,,,,,,,,,,,,,,
,,,,,,,,,,,,,,,
,,,,,,,,,,,,,,,
,,,,,,,,,,,,,,,
2244210022.1,SARU - 0010188001,Zárósaru,Products_Images/2244210022.1.Image.071746.jpg,Saru,Inarca,,,,0010188001,,,EGYÉB,,,
2122120020,SARU - ZE064-2022SCF,,,Saru,HIROSE,,,,ZE064-2022SCF,,,Anya,,,
H_ME.911330114,ELSŐ MOZGÓ ÜLLŐ,,,Saruzófej Alkatrész,Mecal,,MOZGÓ ÜLLŐ,,911330114,,,,2024. 09. 01.,Használt,
4140813223,KONEKTOR - 211PC042S4021,,Products_Images/4140813223.Image.113625.jpg,Konnektor,APTIV,,,,211PC042S4021,,Apa,,2024. 09. 01.,,
4140823223,Konektor - 211PL042S0011,,Products_Images/4140823223.Image.113719.jpg,Konnektor,APTIV,,,,211PL042S0011,,Anya,,2024. 09. 01.,,
4102213124,Konnektor - 163004/D (8 utas),,Products_Images/4102213124.Image.113844.jpg,Konnektor,,,,,163004/0,,Apa,,2024. 09. 01.,,
4102023124,Konnektor - 180906/0 (6 utas),,Products_Images/4102023124.Image.114452.jpg,Konnektor,,,,,180906/0,,Anya,,2024. 09. 01.,,
8000000013,,,,Konnektor,,,,,,,,,2024. 09. 01.,,
4101813124,Konnektor - 180900-0 (4 utas),,Products_Images/4101813124.Image.061159.jpg,Konnektor,,,,,180900-0,,Anya,,2024. 09. 01.,,
4101711124,Konnektor - 180941/0 (3 utas),,Products_Images/4101711124.Image.061544.jpg,Konnektor,,,,,180941/0,,Apa,,2024. 09. 01.,,
4101623124,,,Products_Images/4101623124.Image.095751.jpg,Konnektor,,,,,180924/0,,,,2024. 09. 01.,,
4101621124,Konnektor - 180908-0 (2 utas),,Products_Images/4101621124.Image.100301.jpg,Konnektor,,,,,180908-0,,Anya,,2024. 09. 01.,,
4105323124,,,Products_Images/4105323124.Image.100334.jpg,Konnektor,,,,,0854050700,,,,2024. 09. 01.,,
4105523224,KONNEKTOR (3 UTAS),,Products_Images/4105523224.Image.100403.jpg,Konnektor,,,,,1-480701,,Anya,,2024. 09. 01.,,
4105813224,,,Products_Images/4105813224.Image.100427.jpg,Konnektor,,,,,1/480704,,Apa,,2024. 09. 01.,,
4105413124,KONNEKTOR (2 UTAS),,Products_Images/4105413124.Image.103524.jpg,Konnektor,,,,,1/480698,,,,2024. 09. 01.,,
4106113124,,,Products_Images/4106113124.Image.103551.jpg,Konnektor,,,,,1/480706,,,,2024. 09. 01.,,
4105613124,,,Products_Images/4105613124.Image.103615.jpg,Konnektor,,,,,1/480702,,,,2024. 09. 01.,,
4106313124,,,Products_Images/4106313124.Image.103641.jpg,Konnektor,,,,,1/480708/0,,,,2024. 09. 01.,,
4106413124,,,Products_Images/4106413124.Image.065725.jpg,Konnektor,,,,,1/480710,,,,2024. 09. 01.,,
4141013229,,,Products_Images/4141013229.Image.065755.jpg,Konnektor,,,,,211PC069S8049,,,,2024. 09. 01.,,
4132023124.6,,,Products_Images/4132023124.6.Image.065819.jpg,Konnektor,,,,,282994/3,,,,2024. 09. 01.,,
4109323223.10,,,Products_Images/4109323223.10.Image.065842.jpg,Konnektor,,,,,104257-5,,,,2024. 09. 01.,,
4109423223.10,,,Products_Images/4109423223.10.Image.065909.jpg,Konnektor,,,,,104257-7,,,,2024. 09. 01.,,
4145520120,,,Products_Images/4145520120.Image.065948.jpg,Konnektor,,,,,DT04-2P,,,,2024. 09. 01.,,
4113213223,,,Products_Images/4113213223.Image.070907.jpg,Konnektor,,,,,44.40100,,,,2024. 09. 01.,,
4116213123.1,,,Products_Images/4116213123.1.Image.070927.jpg,Konnektor,,,,,12110293,,,,2024. 09. 01.,,
4118123123,,,,Konnektor,,,,,,,,,2024. 09. 01.,,
4116013123.2,Konnektor - 282079-2 (1 utas),AMP SUPERSEAL,Products_Images/4116013123.2.Image.071025.jpg,Konnektor,,,,,282079-2,,Apa,,2024. 09. 01.,,
4116113123.2,Konnektor - 282080-1 (2 utas),2 utas - AMP SUPERSEAL 1.5 SERIES 2P PL,Products_Images/4116113123.2.Image.071051.jpg,Konnektor,AMP,,,,282080-1,,Apa,,2024. 09. 01.,,
4116213123.2,Konnektor - 282087-1  (3 utas),AMP SUPERSEAL,Products_Images/4116213123.2.Image.071117.jpg,Konnektor,,,,,282087-1,,Apa,,2024. 09. 01.,,
4116313123.2,Konnektor - 282088-1  (4 utas),AMP SUPERSEAL,Products_Images/4116313123.2.Image.071138.jpg,Konnektor,,,,,282088-1,,Apa,,2024. 09. 01.,,
4116313123.3,Konnektor - 282089-1 (5 utas),AMP SUPERSEAL,Products_Images/4116313123.3.Image.071159.jpg,Konnektor,,,,,282089-1,,Apa,,2024. 09. 01.,,
4116313123.4,Konnektor - 282090-1  (6 utas),AMP SUPERSEAL,Products_Images/4116313123.4.Image.071222.jpg,Konnektor,,,,,282090-1,,Apa,,2024. 09. 01.,,
4131810121,KONNEKTOR (4 UTAS),,Products_Images/4131810121.Image.071246.jpg,Konnektor,,,,,174257/2,,,,2024. 09. 01.,,
4132210121,,,Products_Images/4132210121.Image.071311.jpg,Konnektor,,,,,174053/2,,,,2024. 09. 01.,,
4141913223,,,Products_Images/4141913223.Image.071410.jpg,Konnektor,,,,,DTB50GMFH,,,,2024. 09. 01.,,
4141613223,KONNEKTOR - 211PC249S0033,,Products_Images/4141613223.Image.071439.jpg,Konnektor,,,,,211PC249S0033,,,,2024. 09. 01.,,
4141613229,,,Products_Images/4141613229.Image.100229.jpg,Konnektor,,,,,211PC249S8033,,,,2024. 09. 01.,,
4141323223,,,Products_Images/4141323223.Image.100301.jpg,Konnektor,,,,,SIC-MHPE16BKSV,,,,2024. 09. 01.,,
4141223223,,,Products_Images/4141223223.Image.100334.jpg,Konnektor,,,,,DTBMHPE14BKSV,,,,2024. 09. 01.,,
4141823223,,,Products_Images/4141823223.Image.100156.jpg,Konnektor,,,,,DTBMHPE34BK,,,,2024. 09. 01.,,
4117213120,,,Products_Images/4117213120.Image.100405.jpg,Konnektor,,,,,12015791,,,,2024. 09. 01.,,
4117513120.1,,,,Konnektor,,,,,,,,,2024. 09. 01.,,
4101613124.5,,,Products_Images/4101613124.5.Image.100510.jpg,Konnektor,,,,,EPPK1761H,,,,2024. 09. 01.,,
4101711124.5,,,Products_Images/4101711124.5.Image.100552.jpg,Konnektor,,,,,EPPK17613,,,,2024. 09. 01.,,
4101813124.5,,,Products_Images/4101813124.5.Image.100625.jpg,Konnektor,,,,,EPPK17614,,,,2024. 09. 01.,,
4102013224.5,,,Products_Images/4102013224.5.Image.100658.jpg,Konnektor,,,,,EPPKL17616,,,,2024. 09. 01.,,
4102213124.5,Konnektor - EPPKL17618,,Products_Images/4102213124.5.Image.100729.jpg,Konnektor,,,,,EPPKL17618,,Anya,,2024. 09. 01.,,
4110713183,,,,Konnektor,,,,,,,,,2024. 09. 01.,,
4030610201,,,,Konnektor,,,,,,,,,2024. 09. 01.,,
6112103122,,,,Konnektor,,,,,,,,,2024. 09. 01.,,
4111523184,,,,Konnektor,,,,,,,,,2024. 09. 01.,,
4111423189,,,,Konnektor,,,,,,,,,2024. 09. 01.,,
4111323184,Konnektor (5 utas),,Products_Images/4111323184.Image.035747.jpg,Konnektor,TE,,,,172504-1,,Anya,,2024. 09. 01.,,
4116413123,,,,Konnektor,,,,,,,,,2024. 09. 01.,,
4116513123,Konnektor - 4116513123 (2 utas),,Products_Images/4116513123.Image.053934.jpg,Konnektor,,,,,,,Anya,,2024. 09. 01.,,
4116613123,,,,Konnektor,,,,,,,,,2024. 09. 01.,,
4116713129,,,,Konnektor,,,,,,,,,2024. 09. 01.,,
4116913123,,,,Konnektor,,,,,,,,,2024. 09. 01.,,
4125013124,,,,Konnektor,,,,,,,,,2024. 09. 01.,,
90046,,,,Konnektor,,,,,,,,,2024. 09. 01.,,
4201624023,,,,Konnektor,,,,,,,,,2024. 09. 01.,,
4201624024,,,,Konnektor,,,,,,,,,2024. 09. 01.,,
4201923023,,,,Konnektor,,,,,,,,,2024. 09. 01.,,
4201323024,Konnektor - 280232 (1 utas),FASTON,Products_Images/4201323024.Image.100853.jpg,Konnektor,TE,,,,280232,,Apa,,2024. 09. 01.,,
4201423024,,,,Konnektor,,,,,,,,,2024. 09. 01.,,
4101513124,KONNEKTOR - 180905-0,,Products_Images/4101513124.Image.083841.jpg,Konnektor,,,,,180905-0,,,,2024. 09. 01.,,
4201123013,,,,Konnektor,,,,,,,,,2024. 09. 01.,,
4201123011,,,,Konnektor,,,,,,,,,2024. 09. 01.,,
4201223014,,,,Konnektor,,,,,,,,,2024. 09. 01.,,
4201223015,,,,Konnektor,,,,,,,,,2024. 09. 01.,,
4201223016,,,,Konnektor,,,,,,,,,2024. 09. 01.,,
4100913124,,,,Konnektor,,,,,,,,,2024. 09. 01.,,
4100913123,,,,Konnektor,,,,,,,,,2024. 09. 01.,,
4101013123,,,,Konnektor,,,,,,,,,2024. 09. 01.,,
4101013121,,,,Konnektor,,,,,,,,,2024. 09. 01.,,
4101223123,,,,Konnektor,,,,,,,,,2024. 09. 01.,,
4101913224,KONNEKTOR - 280289-0,RELÉ,Products_Images/4101913224.Image.084628.jpg,Konnektor,,,,,280289-0,,,,2024. 09. 01.,,
4118313124,,,,Konnektor,,,,,,,,,2024. 09. 01.,,
4101913222,,,,Konnektor,,,,,,,,,2024. 09. 01.,,
4101913223,,,,Konnektor,,,,,,,,,2024. 09. 01.,,
4101913223.3,,,,Konnektor,,,,,,,,,2024. 09. 01.,,
4110913224.2,,,,Konnektor,,,,,,,,,2024. 09. 01.,,
6112103212,,,,Konnektor,,,,,,,,,2024. 09. 01.,,
4111213183,,,,Konnektor,,,,,,,,,2024. 09. 01.,,
4110713182,,,,Konnektor,,,,,,,,,2024. 09. 01.,,
4030620128,,,,Konnektor,,,,,,,,,2024. 09. 01.,,
4110723182.1,,,,Konnektor,,,,,,,,,2024. 09. 01.,,
4110823183,Konnektor - 282764-1 (4 utas),"Junior Power Timer - 12 V / 24 V, 4 Position, Automotive Housing for Female Terminals, Wire-to-Board / Wire-to-Device, 5 mm [.197 in] Centerline, Black, Junior Power Timer",Products_Files_/4110823183.Image.054038.avif,Konnektor,TE,,,,282764-1,,Anya,,2024. 09. 01.,,
2961500017,Saru - 1060-16-0122,,Products_Images/2961500017.Image.044133.jpg,Saru,,,,,1060-16-0122,,,Apa,2024. 09. 01.,,
4141013223,,,,Konnektor,,,,,,,,,2024. 09. 01.,,
MC000008,,,,Konnektor,,,,,,,,,2024. 09. 01.,,
4125423124,,,,Konnektor,,,,,,,,,2024. 09. 01.,,
4125516124,Konnektor - MOLEX MINI-FIT 5559-08P1 (8 utas),,Products_Images/4125516124.Image.060239.png,Konnektor,Molex,,,,5559-08P1,,Anya,,2024. 09. 01.,,
4125323124,Konnektor - MOLEX MINI-FIT 5559-04P (4 utas),,Products_Images/4125323124.Image.060839.png,Konnektor,Molex,,,,5559-04P,,Anya,,2024. 09. 01.,,
4154013120,,,,Konnektor,,,,,,,,,2024. 09. 01.,,
4140813223.3,,,,Konnektor,,,,,,,,,2024. 09. 01.,,
4163023123,,,,Konnektor,,,,,,,,,2024. 09. 01.,,
4175013122,,,,Konnektor,,,,,,,,,2024. 09. 01.,,
4175013121,,,,Konnektor,,,,,,,,,2024. 09. 01.,,
4159005250,,,,Konnektor,,,,,,,,,2024. 09. 01.,,
4130913123,,,,Konnektor,,,,,,,,,2024. 09. 01.,,
CA000051,,,,Konnektor,,,,,,,,,2024. 09. 01.,,
4125713121,KONNEKTOR (12 UTAS),MINI-FIT,Products_Images/4125713121.Image.090613.jpg,Konnektor,Molex,,,,5557-12-R,,Apa,,2024. 09. 01.,,
4112513223.1,,,,Konnektor,,,,,,,,,2024. 09. 01.,,
MC000024,,,,Konnektor,,,,,,,,,2024. 09. 01.,,
4110702383.1,,,,Konnektor,,,,,,,,,2024. 09. 01.,,
4200223024,Konnektor - C2802,,Products_Images/4200223024.Image.070339.jpg,Konnektor,TE,,,,C2802,,Apa,,2024. 09. 01.,,
2302120020,Saru - 927831-1,,Products_Images/2302120020.Image.071912.jpg,Saru,,,,,927831-1,,,Anya,2024. 09. 01.,,
2302120026,,,,Konnektor,,,,,,,,,2024. 09. 01.,,
2302120031,,,,Konnektor,,,,,,,,,2024. 09. 01.,,
4130913124.5,,,,Konnektor,,,,,,,,,2024. 09. 01.,,
4111913185.1,,,,Konnektor,,,,,,,,,2024. 09. 01.,,
4125616124,,,,Konnektor,,,,,,,,,2024. 09. 01.,,
4030620061,Konnektor - MOLEX MINI-FIT 5559-10P (10 utas),,Products_Images/4030620061.Image.045243.jpg,Konnektor,Molex,,,,39-01-2101 5559-10P,,Anya,,2024. 09. 01.,,
4128213123,,,,Konnektor,,,,,,,,,2024. 09. 01.,,
4132010121,,,,Konnektor,,,,,,,,,2024. 09. 01.,,
90135,,,,Konnektor,,,,,,,,,2024. 09. 01.,,
4140623223,,,,Konnektor,,,,,,,,,2024. 09. 01.,,
4103323320.1,,,,Konnektor,,,,,,,,,2024. 09. 01.,,
4111423184,,,,Konnektor,,,,,,,,,2024. 09. 01.,,
4178023123,,,,Konnektor,,,,,,,,,2024. 09. 01.,,
4103623125,,,,Konnektor,,,,,,,,,2024. 09. 01.,,
4150816223,,,,Konnektor,,,,,,,,,2024. 09. 01.,,
4151016223,,,,Konnektor,,,,,,,,,2024. 09. 01.,,
CA000097,,,,Konnektor,,,,,,,,,2024. 09. 01.,,
CA000099,,,,Konnektor,,,,,,,,,2024. 09. 01.,,
4111423184.1,,,,Konnektor,,,,,,,,,2024. 09. 01.,,
4103323121,,,,Konnektor,,,,,,,,,2024. 09. 01.,,
4111013183.1,,,,Konnektor,,,,,,,,,2024. 09. 01.,,
4130913124.3,,,,Konnektor,,,,,,,,,2024. 09. 01.,,
4111027220,,,,Konnektor,,,,,,,,,2024. 09. 01.,,
4111127220,,,,Konnektor,,,,,,,,,2024. 09. 01.,,
4111127224,,,,Konnektor,,,,,,,,,2024. 09. 01.,,
4125313124.9,,,,Konnektor,,,,,,,,,2024. 09. 01.,,
4133800004,,,,Konnektor,,,,,,,,,2024. 09. 01.,,
4201223011,,,,Konnektor,,,,,,,,,2024. 09. 01.,,
6022515101,,,,Konnektor,,,,,,,,,2024. 09. 01.,,
6XM00014,,,,Konnektor,,,,,,,,,2024. 09. 01.,,
6022515103,,,,Konnektor,,,,,,,,,2024. 09. 01.,,
6021299107,,,,Konnektor,,,,,,,,,2024. 09. 01.,,
4130913124.4,,,Products_Images/4130913124.4.Image.040220.jpg,Konnektor,,,,,,,Anya,,2024. 09. 01.,,
4103313320,,,,Konnektor,,,,,,,,,2024. 09. 01.,,
4103325320,,,,Konnektor,,,,,,,,,2024. 09. 01.,,
4103328002,,,,Konnektor,,,,,,,,,2024. 09. 01.,,
4133705108,,,,Konnektor,,,,,,,,,2024. 09. 01.,,
4030620003,,,,Konnektor,,,,,,,,,2024. 09. 01.,,
4030620003.1,,,,Konnektor,,,,,,,,,2024. 09. 01.,,
4133705111,,,,Konnektor,,,,,,,,,2024. 09. 01.,,
4133705110,,,,Konnektor,,,,,,,,,2024. 09. 01.,,
4030620255,,,,Konnektor,,,,,,,,,2024. 09. 01.,,
4133705112,,,,Konnektor,,,,,,,,,2024. 09. 01.,,
4133705113,,,,Konnektor,,,,,,,,,2024. 09. 01.,,
4133705127,,,,Konnektor,,,,,,,,,2024. 09. 01.,,
4133705114,,,,Konnektor,,,,,,,,,2024. 09. 01.,,
6XM00017,,,,Konnektor,,,,,,,,,2024. 09. 01.,,
6XM00018,,,,Konnektor,,,,,,,,,2024. 09. 01.,,
4131013124,,,,Konnektor,,,,,,,,,2024. 09. 01.,,
4131013125,,,,Konnektor,,,,,,,,,2024. 09. 01.,,
CA000078,,,,Konnektor,,,,,,,,,2024. 09. 01.,,
4134426227,,,,Konnektor,,,,,,,,,2024. 09. 01.,,
4030620001,,,Products_Images/4030620001.Image.113425.jpg,Konnektor,,,,,917319-4,,,,2024. 09. 01.,,
4113113224,,,,Konnektor,,,,,,,,,2024. 09. 01.,,
4XM00016,,,,Konnektor,,,,,,,,,2024. 09. 01.,,
4XM00022,,,,Konnektor,,,,,,,,,2024. 09. 01.,,
4141623329.1,,,,Konnektor,,,,,,,,,2024. 09. 01.,,
4141623331.1,,,,Konnektor,,,,,,,,,2024. 09. 01.,,
4030620009,,,,Konnektor,,,,,,,,,2024. 09. 01.,,
4030620010,,,,Konnektor,,,,,,,,,2024. 09. 01.,,
1502011723,,,,Konnektor,,,,,,,,,2024. 09. 01.,,
4030610011,,,,Konnektor,,,,,,,,,2024. 09. 01.,,
CA000175,,,,Konnektor,,,,,,,,,2024. 09. 01.,,
4121015143,,,,Konnektor,,,,,,,,,2024. 09. 01.,,
4121027343,,,,Konnektor,,,,,,,,,2024. 09. 01.,,
4030620012,,,,Konnektor,,,,,,,,,2024. 09. 01.,,
4030610017,,,,Konnektor,,,,,,,,,2024. 09. 01.,,
4030610018,,,,Konnektor,,,,,,,,,2024. 09. 01.,,
4030610019,,,,Konnektor,,,,,,,,,2024. 09. 01.,,
4XM00023,,,,Konnektor,,,,,,,,,2024. 09. 01.,,
4XM00088,,,,Konnektor,,,,,,,,,2024. 09. 01.,,
4120615143,,,,Konnektor,,,,,,,,,2024. 09. 01.,,
4140623223.1,,,,Konnektor,,,,,,,,,2024. 09. 01.,,
4030620050,,,,Konnektor,,,,,,,,,2024. 09. 01.,,
4131813124.4,,,,Konnektor,,,,,,,,,2024. 09. 01.,,
4030610057,,,,Konnektor,,,,,,,,,2024. 09. 01.,,
4125413124,,,Products_Images/4125413124.Image.104433.jpg,Konnektor,,,,,,,Apa,,2024. 09. 01.,,
4125526124,KONNEKTOR,,,Konnektor,,,,,,,,,2024. 09. 01.,,
4030620115,,,,Konnektor,,,,,,,,,2024. 09. 01.,,
4158110121,,,,Konnektor,,,,,,,,,2024. 09. 01.,,
4030620131,,,,Konnektor,,,,,,,,,2024. 09. 01.,,
4141013231,,,,Konnektor,,,,,,,,,2024. 09. 01.,,
4030610142,,,,Konnektor,,,,,,,,,2024. 09. 01.,,
4030610151,,,,Konnektor,,,,,,,,,2024. 09. 01.,,
4030610152,,,,Konnektor,,,,,,,,,2024. 09. 01.,,
4030610103,,,,Konnektor,,,,,,,,,2024. 09. 01.,,
4030620149,,,,Konnektor,,,,,,,,,2024. 09. 01.,,
4030620173,,,,Konnektor,,,,,,,,,2024. 09. 01.,,
4113213223.1,,,,Konnektor,,,,,,,,,2024. 09. 01.,,
4113223209.2,,,,Konnektor,,,,,,,,,2024. 09. 01.,,
4101213123,,,,Konnektor,,,,,,,,,2024. 09. 01.,,
4030610211,,,,Konnektor,,,,,,,,,2024. 09. 01.,,
4157007123,,,,Konnektor,,,,,,,,,2024. 09. 01.,,
4030610096,,,,Konnektor,,,,,,,,,2024. 09. 01.,,
4030610259,,,,Konnektor,,,,,,,,,2024. 09. 01.,,
4030610265,,,,Konnektor,,,,,,,,,2024. 09. 01.,,
4030610266,,,,Konnektor,,,,,,,,,2024. 09. 01.,,
4115024310.1,,,,Konnektor,,,,,,,,,2024. 09. 01.,,
4030620331,,,,Konnektor,,,,,,,,,2024. 09. 01.,,
4030610193,Konnektor - (929504-2),,Products_Images/4030610193.Image.054055.jpg,Konnektor,TE,,,,929504-2,,Anya,,2024. 09. 01.,,
4110913120,,,,Konnektor,,,,,,,,,2024. 09. 01.,,
4110913127,,,,Konnektor,,,,,,,,,2024. 09. 01.,,
4030610342,,,,Konnektor,,,,,,,,,2024. 09. 01.,,
4030610343,,,,Konnektor,,,,,,,,,2024. 09. 01.,,
4131820121.1,,,,Konnektor,,,,,,,,,2024. 09. 01.,,
4208003023,,,,Konnektor,,,,,,,,,2024. 09. 01.,,
4030620247,,,,Konnektor,,,,,,,,,2024. 09. 01.,,
4030610102,,,,Konnektor,,,,,,,,,2024. 09. 01.,,
C1170005,,,,Konnektor,,,,,,,,,2024. 09. 01.,,
6XM00001,,,,Konnektor,,,,,,,,,2024. 09. 01.,,
4030610486,,,,Konnektor,,,,,,,,,2024. 09. 01.,,
4030610194,,,,Konnektor,,,,,,,,,2024. 09. 01.,,
4030610025,,,,Konnektor,,,,,,,,,2024. 09. 01.,,
4030610516,,,,Konnektor,,,,,,,,,2024. 09. 01.,,
4110823183.1,,,,Konnektor,,,,,,,,,2024. 09. 01.,,
4030610517,,,,Konnektor,,,,,,,,,2024. 09. 01.,,
4145520120.1,,,,Konnektor,,,,,,,,,2024. 09. 01.,,
4030620518,,,,Konnektor,,,,,,,,,2024. 09. 01.,,
4030610329,,,,Konnektor,,,,,,,,,2024. 09. 01.,,
4030610523,,,,Konnektor,,,,,,,,,2024. 09. 01.,,
4139210101,,,,Konnektor,,,,,,,,,2024. 09. 01.,,
C08300009,,,,Konnektor,,,,,,,,,2024. 09. 01.,,
1502011756,,,,Konnektor,,,,,,,,,2024. 09. 01.,,
1502011757,,,,Konnektor,,,,,,,,,2024. 09. 01.,,
CA000305,,,,Konnektor,,,,,,,,,2024. 09. 01.,,
4133705124,,,,Konnektor,,,,,,,,,2024. 09. 01.,,
4030610595,,,,Konnektor,,,,,,,,,2024. 09. 01.,,
4119013223.1,,,,Konnektor,,,,,,,,,2024. 09. 01.,,
4030610603,,,,Konnektor,,,,,,,,,2024. 09. 01.,,
4030610241,,,,Konnektor,,,,,,,,,2024. 09. 01.,,
4030610242,,,,Konnektor,,,,,,,,,2024. 09. 01.,,
4030610314,,,,Konnektor,,,,,,,,,2024. 09. 01.,,
4030610586,,,,Konnektor,,,,,,,,,2024. 09. 01.,,
4030610422,,,,Konnektor,,,,,,,,,2024. 09. 01.,,
4030610423,,,,Konnektor,,,,,,,,,2024. 09. 01.,,
4030610424,,,,Konnektor,,,,,,,,,2024. 09. 01.,,
4030610256,,,,Konnektor,,,,,,,,,2024. 09. 01.,,
4030610153,,,,Konnektor,,,,,,,,,2024. 09. 01.,,
4153026222,,,,Konnektor,,,,,,,,,2024. 09. 01.,,
4116213123.3,,,,Konnektor,,,,,,,,,2024. 09. 01.,,
4030610206,,,,Konnektor,,,,,,,,,2024. 09. 01.,,
4030610321,,,,Konnektor,,,,,,,,,2024. 09. 01.,,
4030610414,,,,Konnektor,,,,,,,,,2024. 09. 01.,,
4030610008,,,,Konnektor,,,,,,,,,2024. 09. 01.,,
4XM00059,,,,Konnektor,,,,,,,,,2024. 09. 01.,,
4030610389,,,,Konnektor,,,,,,,,,2024. 09. 01.,,
4030610391,,,,Konnektor,,,,,,,,,2024. 09. 01.,,
4030610645,,,,Konnektor,,,,,,,,,2024. 09. 01.,,
CA000352,,,,Konnektor,,,,,,,,,2024. 09. 01.,,
CA000353,,,,Konnektor,,,,,,,,,2024. 09. 01.,,
4109813123,Konnektor - 280363 (15 utas),"AMPMODU - 15 Position, Receptacle, Housing, Crimp, Wire-to-Board, UL 94V-0, 2.54 mm [.1 in] Centerline, 1 Row, Wire & Cable, Signal, AMPMODU IV/V",Products_Files_/4109813123.Image.053941.avif,Konnektor,TE,,,,280363,,Apa,,2024. 09. 01.,,
4030610548,,,,Konnektor,,,,,,,,,2024. 09. 01.,,
4030610651,,,,Konnektor,,,,,,,,,2024. 09. 01.,,
4030610655,,,,Konnektor,,,,,,,,,2024. 09. 01.,,
4103328320.4,,,,Konnektor,,,,,,,,,2024. 09. 01.,,
4030610648,,,,Konnektor,,,,,,,,,2024. 09. 01.,,
4030610638,,,,Konnektor,,,,,,,,,2024. 09. 01.,,
4030610488,,,,Konnektor,,,,,,,,,2024. 09. 01.,,
4030610637,,,,Konnektor,,,,,,,,,2024. 09. 01.,,
4103323121.4,,,,Konnektor,,,,,,,,,2024. 09. 01.,,
4115024313,,,,Konnektor,,,,,,,,,2024. 09. 01.,,
4115024313.1,,,,Konnektor,,,,,,,,,2024. 09. 01.,,
4115024324,,,,Konnektor,,,,,,,,,2024. 09. 01.,,
4115224327,,,,Konnektor,,,,,,,,,2024. 09. 01.,,
4030610337,,,,Konnektor,,,,,,,,,2024. 09. 01.,,
C01300038,,,,Konnektor,,,,,,,,,2024. 09. 01.,,
C15800011,,,,Konnektor,,,,,,,,,2024. 09. 01.,,
C15800016,,,,Konnektor,,,,,,,,,2024. 09. 01.,,
C15800015,,,,Konnektor,,,,,,,,,2024. 09. 01.,,
4103813263.1,KONNEKTOR (9 UTAS),,Products_Images/4103813263.1.Image.104023.jpg,Konnektor,,,,,,,,,2024. 09. 01.,,
4030610504,,,,Konnektor,,,,,,,,,2024. 09. 01.,,
4030610133,,,,Konnektor,,,,,,,,,2024. 09. 01.,,
4030610464,,,,Konnektor,,,,,,,,,2024. 09. 01.,,
4030610113,,,,Konnektor,,,,,,,,,2024. 09. 01.,,
4133705115,Konnektor - UTS7106S,,Products_Images/4133705115.Image.045738.jpg,Konnektor,,,,,UTS7106S,,Apa,,2024. 09. 01.,,
4155516223,,,,Konnektor,,,,,,,,,2024. 09. 01.,,
4155416223,,,,Konnektor,,,,,,,,,2024. 09. 01.,,
4030610332,,,,Konnektor,,,,,,,,,2024. 09. 01.,,
4030610192,,,,Konnektor,,,,,,,,,2024. 09. 01.,,
4030610434,,,,Konnektor,,,,,,,,,2024. 09. 01.,,
4030610435,,,,Konnektor,,,,,,,,,2024. 09. 01.,,
4030610449,,,,Konnektor,,,,,,,,,2024. 09. 01.,,
4030610450,,,,Konnektor,,,,,,,,,2024. 09. 01.,,
4030610683,,,,Konnektor,,,,,,,,,2024. 09. 01.,,
4030610684,,,,Konnektor,,,,,,,,,2024. 09. 01.,,
4030610536,,,,Konnektor,,,,,,,,,2024. 09. 01.,,
4030610537,,,,Konnektor,,,,,,,,,2024. 09. 01.,,
4030610672,,,,Konnektor,,,,,,,,,2024. 09. 01.,,
4030610673,,,,Konnektor,,,,,,,,,2024. 09. 01.,,
4030610693,,,,Konnektor,,,,,,,,,2024. 09. 01.,,
4113413223,,,,Konnektor,,,,,,,,,2024. 09. 01.,,
4030610132,,,,Konnektor,,,,,,,,,2024. 09. 01.,,
4030610006,,,,Konnektor,,,,,,,,,2024. 09. 01.,,
4030610711,,,,Konnektor,,,,,,,,,2024. 09. 01.,,
4030610716,,,,Konnektor,,,,,,,,,2024. 09. 01.,,
4030610236,,,,Konnektor,,,,,,,,,2024. 09. 01.,,
4030610187,,,,Konnektor,,,,,,,,,2024. 09. 01.,,
4030610285,,,,Konnektor,,,,,,,,,2024. 09. 01.,,
4030620234,,,,Konnektor,,,,,,,,,2024. 09. 01.,,
4XM00087,,,,Konnektor,,,,,,,,,2024. 09. 01.,,
4030610725,,,,Konnektor,,,,,,,,,2024. 09. 01.,,
CA000383,,,,Konnektor,,,,,,,,,2024. 09. 01.,,
4030610641,,,,Konnektor,,,,,,,,,2024. 09. 01.,,
4030610642,,,,Konnektor,,,,,,,,,2024. 09. 01.,,
4030610643,,,,Konnektor,,,,,,,,,2024. 09. 01.,,
4030610644,,,,Konnektor,,,,,,,,,2024. 09. 01.,,
4145910123,,,,Konnektor,,,,,,,,,2024. 09. 01.,,
4121029344,,,,Konnektor,,,,,,,,,2024. 09. 01.,,
4030620726,,,,Konnektor,,,,,,,,,2024. 09. 01.,,
4030610731,,,,Konnektor,,,,,,,,,2024. 09. 01.,,
4030610732,,,,Konnektor,,,,,,,,,2024. 09. 01.,,
4030610733,,,,Konnektor,,,,,,,,,2024. 09. 01.,,
4030610143,,,,Konnektor,,,,,,,,,2024. 09. 01.,,
4030610748,,,,Konnektor,,,,,,,,,2024. 09. 01.,,
4030610688,,,,Konnektor,,,,,,,,,2024. 09. 01.,,
4030610754,,,,Konnektor,,,,,,,,,2024. 09. 01.,,
4030610185,,,,Konnektor,,,,,,,,,2024. 09. 01.,,
4030610743,,,,Konnektor,,,,,,,,,2024. 09. 01.,,
4030610756,,,,Konnektor,,,,,,,,,2024. 09. 01.,,
4030610758,,,,Konnektor,,,,,,,,,2024. 09. 01.,,
4030610170,KONNEKTOR (4 UTAS),"DEUTSCH  DEUTSCH DT , DEUTSCH DTM",Products_Images/4030610170.Image.103004.jpg,Konnektor,TE,,,,DTM06-4S,,Apa,,2024. 09. 01.,,
4030610295,Konnektor - 206837-1 (24 utas),"CPC PLUG ASSEMBLY - 24 Position Circular Power Connector, Housing, 600 VDC, Wire-to-Wire, Wire & Cable, Plug, Socket, Power & Signal, AMP Circular Plastic Connectors",Products_Files_/4030610295.Image.042628.avif,Konnektor,TE,,,,206837-1,,Anya,,2024. 09. 01.,,
4162020324,,,,Konnektor,,,,,,,,,2024. 09. 01.,,
4030610766.1,,,,Konnektor,,,,,,,,,2024. 09. 01.,,
4030610267,,,,Konnektor,,,,,,,,,2024. 09. 01.,,
4101711123,,,,Konnektor,,,,,,,,,2024. 09. 01.,,
C15800013,,,,Konnektor,,,,,,,,,2024. 09. 01.,,
4175013123,,,,Konnektor,,,,,,,,,2024. 09. 01.,,
4030610401,,,,Konnektor,,,,,,,,,2024. 09. 01.,,
4030620729,,,,Konnektor,,,,,,,,,2024. 09. 01.,,
4104313263.1,,,,Konnektor,,,,,,,,,2024. 09. 01.,,
4104313263,,,,Konnektor,,,,,,,,,2024. 09. 01.,,
4030610167,,,,Konnektor,,,,,,,,,2024. 09. 01.,,
4145420120,Konnektor (3 utas),,Products_Images/4145420120.Image.041114.jpg,Konnektor,,,,,,,Anya,,2024. 09. 01.,,
4030620742,,,,Konnektor,,,,,,,,,2024. 09. 01.,,
4030620779,,,,Konnektor,,,,,,,,,2024. 09. 01.,,
4030610780,,,,Konnektor,,,,,,,,,2024. 09. 01.,,
4030620765,,,,Konnektor,,,,,,,,,2024. 09. 01.,,
4030610038,,,,Konnektor,,,,,,,,,2024. 09. 01.,,
4030610046,,,,Konnektor,,,,,,,,,2024. 09. 01.,,
4151013121,,,,Konnektor,,,,,,,,,2024. 09. 01.,,
4030610047,,,,Konnektor,,,,,,,,,2024. 09. 01.,,
4030610072,,,,Konnektor,,,,,,,,,2024. 09. 01.,,
4030610394,,,,Konnektor,,,,,,,,,2024. 09. 01.,,
4151413121,,,,Konnektor,,,,,,,,,2024. 09. 01.,,
4151613121,,,,Konnektor,,,,,,,,,2024. 09. 01.,,
4030610608,,,,Konnektor,,,,,,,,,2024. 09. 01.,,
4030610709,,,,Konnektor,,,,,,,,,2024. 09. 01.,,
4030610783,,,,Konnektor,,,,,,,,,2024. 09. 01.,,
4030610784,,,,Konnektor,,,,,,,,,2024. 09. 01.,,
4030610785,,,,Konnektor,,,,,,,,,2024. 09. 01.,,
4030620778,,,,Konnektor,,,,,,,,,2024. 09. 01.,,
4030610392,,,,Konnektor,,,,,,,,,2024. 09. 01.,,
4030610838,,,,Konnektor,,,,,,,,,2024. 09. 01.,,
4030610788,,,,Konnektor,,,,,,,,,2024. 09. 01.,,
4145720120,Konnektor - DT04-08PA (8 Utas),BLOCCO DEUTSCH 8V P/M .DT04-08PA,Products_Images/4145720120.Image.111738.png,Konnektor,TE,,,,DT04-08PA,,Anya,,2024. 09. 01.,,
4030610787,,,,Konnektor,,,,,,,,,2024. 09. 01.,,
4145620120,KONNEKTOR (6 UTAS),,Products_Images/4145620120.Image.114826.jpg,Konnektor,,,,,,,,,2024. 09. 01.,,
4145526121,,,Products_Images/4145526121.Image.103941.jpg,Konnektor,,,,,,,,,2024. 09. 01.,,
4030610792,,,,Konnektor,,,,,,,,,2024. 09. 01.,,
4030610793,,,,Konnektor,,,,,,,,,2024. 09. 01.,,
4030610790,,,,Konnektor,,,,,,,,,2024. 09. 01.,,
4030610773,,,,Konnektor,,,,,,,,,2024. 09. 01.,,
4030610777,,,,Konnektor,,,,,,,,,2024. 09. 01.,,
4103519320,,,,Konnektor,,,,,,,,,2024. 09. 01.,,
4160005125,,,,Konnektor,,,,,,,,,2024. 09. 01.,,
1502011774,,,,Konnektor,,,,,,,,,2024. 09. 01.,,
4030610083,,,,Konnektor,,,,,,,,,2024. 09. 01.,,
4030620361,,,,Konnektor,,,,,,,,,2024. 09. 01.,,
4030610397,Konnektor - 15344052 (6 utas),DUCON,Products_Images/4030610397.Image.065234.jpg,Konnektor,APTIV,,,,15344052,,Apa,,2024. 09. 01.,,
4111023184,,,,Konnektor,,,,,,,,,2024. 09. 01.,,
4030610811,,,,Konnektor,,,,,,,,,2024. 09. 01.,,
4030610728,,,,Konnektor,,,,,,,,,2024. 09. 01.,,
4030610814,,,,Konnektor,,,,,,,,,2024. 09. 01.,,
4XM00160,,,,Konnektor,,,,,,,,,2024. 09. 01.,,
4XM00161,,,,Konnektor,,,,,,,,,2024. 09. 01.,,
4030610818,,,,Konnektor,,,,,,,,,2024. 09. 01.,,
4030610819,,,,Konnektor,,,,,,,,,2024. 09. 01.,,
C01300082,,,,Konnektor,,,,,,,,,2024. 09. 01.,,
4030610822,,,,Konnektor,,,,,,,,,2024. 09. 01.,,
4030610175,,,,Konnektor,,,,,,,,,2024. 09. 01.,,
4030610830,,,,Konnektor,,,,,,,,,2024. 09. 01.,,
4030610562,,,,Konnektor,,,,,,,,,2024. 09. 01.,,
4030610708,,,,Konnektor,,,,,,,,,2024. 09. 01.,,
4030610477,,,,Konnektor,,,,,,,,,2024. 09. 01.,,
4030610834,,,,Konnektor,,,,,,,,,2024. 09. 01.,,
CA000422,,,,Konnektor,,,,,,,,,2024. 09. 01.,,
4030610095,,,,Konnektor,,,,,,,,,2024. 09. 01.,,
4030610503,,,,Konnektor,,,,,,,,,2024. 09. 01.,,
4030610844,,,,Konnektor,,,,,,,,,2024. 09. 01.,,
4030610850,,,,Konnektor,,,,,,,,,2024. 09. 01.,,
CA000428,,,,Konnektor,,,,,,,,,2024. 09. 01.,,
4030610297,,,,Konnektor,,,,,,,,,2024. 09. 01.,,
4030610864,,,,Konnektor,,,,,,,,,2024. 09. 01.,,
4030610865,,,,Konnektor,,,,,,,,,2024. 09. 01.,,
4030610482,,,,Konnektor,,,,,,,,,2024. 09. 01.,,
4030610053,,,,Konnektor,,,,,,,,,2024. 09. 01.,,
4030610002,,,Products_Images/4030610002.Image.113325.jpg,Konnektor,,,,,776273-1,,,,2024. 09. 01.,,
CA000184,,,,Konnektor,,,,,,,,,2024. 09. 01.,,
CA000183,,,,Konnektor,,,,,,,,,2024. 09. 01.,,
CA000431,,,,Konnektor,,,,,,,,,2024. 09. 01.,,
4030610515,,,,Konnektor,,,,,,,,,2024. 09. 01.,,
4030610835,,,,Konnektor,,,,,,,,,2024. 09. 01.,,
4030610532,,,,Konnektor,,,,,,,,,2024. 09. 01.,,
4030610869,,,,Konnektor,,,,,,,,,2024. 09. 01.,,
4030610261,,,,Konnektor,,,,,,,,,2024. 09. 01.,,
4030610874,,,,Konnektor,,,,,,,,,2024. 09. 01.,,
4030610659,,,,Konnektor,,,,,,,,,2024. 09. 01.,,
6112203114,,,,Konnektor,,,,,,,,,2024. 09. 01.,,
4030610894,,,,Konnektor,,,,,,,,,2024. 09. 01.,,
4030610041,,,,Konnektor,,,,,,,,,2024. 09. 01.,,
4030610539,,,,Konnektor,,,,,,,,,2024. 09. 01.,,
4030610896,,,,Konnektor,,,,,,,,,2024. 09. 01.,,
4030610897,,,,Konnektor,,,,,,,,,2024. 09. 01.,,
4030610475,,,,Konnektor,,,,,,,,,2024. 09. 01.,,
4030610899,,,,Konnektor,,,,,,,,,2024. 09. 01.,,
4030610005,,,,Konnektor,,,,,,,,,2024. 09. 01.,,
4030610906,,,,Konnektor,,,,,,,,,2024. 09. 01.,,
4030610042,,,,Konnektor,,,,,,,,,2024. 09. 01.,,
4030610913,,,,Konnektor,,,,,,,,,2024. 09. 01.,,
4030610270,,,,Konnektor,,,,,,,,,2024. 09. 01.,,
4102213120.1,,,,Konnektor,,,,,,,,,2024. 09. 01.,,
4030610114,,,,Konnektor,,,,,,,,,2024. 09. 01.,,
4100913121.1,,,,Konnektor,,,,,,,,,2024. 09. 01.,,
4030610921,Konektor - 15397275,Automotive Connectors 3 Way F GT 150 Sealed,Products_Images/4030610921.Image.051535.png,Konnektor,APTIV,,,,15397275,,Anya,,2024. 09. 01.,,
4030610030,,,,Konnektor,,,,,,,,,2024. 09. 01.,,
4030610689,,,,Konnektor,,,,,,,,,2024. 09. 01.,,
4030610900,,,,Konnektor,,,,,,,,,2024. 09. 01.,,
4030610901,,,,Konnektor,,,,,,,,,2024. 09. 01.,,
4030610451,,,,Konnektor,,,,,,,,,2024. 09. 01.,,
4030610924,,,,Konnektor,,,,,,,,,2024. 09. 01.,,
4170110000,,,,Konnektor,,,,,,,,,2024. 09. 01.,,
4030610390,,,,Konnektor,,,,,,,,,2024. 09. 01.,,
4030610430,,,,Konnektor,,,,,,,,,2024. 09. 01.,,
CA000480,,,,Konnektor,,,,,,,,,2024. 09. 01.,,
4101711122,,,,Konnektor,,,,,,,,,2024. 09. 01.,,
4030610352,,,,Konnektor,,,,,,,,,2024. 09. 01.,,
4030610926,,,,Konnektor,,,,,,,,,2024. 09. 01.,,
C01300087,,,,Konnektor,,,,,,,,,2024. 09. 01.,,
6112203125,,,,Konnektor,,,,,,,,,2024. 09. 01.,,
4030610549,,,,Konnektor,,,,,,,,,2024. 09. 01.,,
4030610889,,,,Konnektor,,,,,,,,,2024. 09. 01.,,
4126023124,Konnektor MOLEX MINI-FIT 5559-18P (18 utas),,Products_Images/4126023124.Image.112204.png,Konnektor,Molex,,,,5559-18P,,Anya,,2024. 09. 01.,,
4030620958,,,,Konnektor,,,,,,,,,2024. 09. 01.,,
4030610959,Konnektor - 4540305,,Products_Images/4030610959.Image.083758.jpg,Konnektor,,,,,4540305,,Apa,,2024. 09. 01.,,
CA000427,,,,Konnektor,,,,,,,,,2024. 09. 01.,,
4153026223,,,,Konnektor,,,,,,,,,2024. 09. 01.,,
4030610197,,,,Konnektor,,,,,,,,,2024. 09. 01.,,
4030610533,,,,Konnektor,,,,,,,,,2024. 09. 01.,,
4XMC0016,,,,Konnektor,,,,,,,,,2024. 09. 01.,,
C099000003,,,,Konnektor,,,,,,,,,2024. 09. 01.,,
C08360672035,,,,Konnektor,,,,,,,,,2024. 09. 01.,,
4030610910,Konnektor - 4-1437290-0 (34 UTAS),"34POS,SUPERSEAL,REC HSG ASSY,SLD,COD 1",Products_Images/4030610910.Image.065005.jpg,Konnektor,,,,,4-1437290-0,,Apa,,2024. 09. 01.,,
4101913223.2,,,,Konnektor,,,,,,,,,2024. 09. 01.,,
4102013223.1,,,,Konnektor,,,,,,,,,2024. 09. 01.,,
4101611132,,,,Konnektor,,,,,,,,,2024. 09. 01.,,
4030610827,,,,Konnektor,,,,,,,,,2024. 09. 01.,,
4XMC0019,,,,Konnektor,,,,,,,,,2024. 09. 01.,,
4XMC0020,,,,Konnektor,,,,,,,,,2024. 09. 01.,,
4XMC0021,,,,Konnektor,,,,,,,,,2024. 09. 01.,,
4XMC0022,,,,Konnektor,,,,,,,,,2024. 09. 01.,,
4XMC0023,,,,Konnektor,,,,,,,,,2024. 09. 01.,,
4XMC0024,,,,Konnektor,,,,,,,,,2024. 09. 01.,,
4XMC0025,,,,Konnektor,,,,,,,,,2024. 09. 01.,,
4030610024,,,,Konnektor,,,,,,,,,2024. 09. 01.,,
4030610902,,,,Konnektor,,,,,,,,,2024. 09. 01.,,
4030610510,,,,Konnektor,,,,,,,,,2024. 09. 01.,,
CA182918-1,Konnektor - 182918-1 (37 utas),"CPC PLUG ASSEMBLY - 37 Position Circular Power Connector, Housing, 600 VDC, Wire-to-Wire, Wire & Cable, Receptacle, Pin, Power & Signal, AMP Circular Plastic Connectors",Products_Files_/CA182918-1.Image.044005.avif,Konnektor,TE,,,,182918-1,,Apa,,2024. 09. 01.,,
4030620561,,,,Konnektor,,,,,,,,,2024. 09. 01.,,
4130553123,,,,Konnektor,,,,,,,,,2024. 09. 01.,,
C08360670091,,,,Konnektor,,,,,,,,,2024. 09. 01.,,
4201323025,,,,Konnektor,,,,,,,,,2024. 09. 01.,,
4201323023,,,,Konnektor,,,,,,,,,2024. 09. 01.,,
4201323026,,,,Konnektor,,,,,,,,,2024. 09. 01.,,
4030610852,,,,Konnektor,,,,,,,,,2024. 09. 01.,,
4030610911,,,,Konnektor,,,,,,,,,2024. 09. 01.,,
4030610692,,,,Konnektor,,,,,,,,,2024. 09. 01.,,
4030610855,,,,Konnektor,,,,,,,,,2024. 09. 01.,,
4030610786,,,,Konnektor,,,,,,,,,2024. 09. 01.,,
4030610996,,,,Konnektor,,,,,,,,,2024. 09. 01.,,
4030621002,,,,Konnektor,,,,,,,,,2024. 09. 01.,,
4104513263,,,,Konnektor,,,,,,,,,2024. 09. 01.,,
4030610939,,,,Konnektor,,,,,,,,,2024. 09. 01.,,
CA000516,,,,Konnektor,,,,,,,,,2024. 09. 01.,,
4030611010,,,,Konnektor,,,,,,,,,2024. 09. 01.,,
4128223124,,,,Konnektor,,,,,,,,,2024. 09. 01.,,
4152013322,,,,Konnektor,,,,,,,,,2024. 09. 01.,,
4152013323,,,,Konnektor,,,,,,,,,2024. 09. 01.,,
C08360670539,,,,Konnektor,,,,,,,,,2024. 09. 01.,,
C08300035,,,,Konnektor,,,,,,,,,2024. 09. 01.,,
4030610769,,,,Konnektor,,,,,,,,,2024. 09. 01.,,
2081301722,Saru - RF-BM4,,Products_Images/2081301722.Image.063810.jpg,Saru,,,,,RF-BM4,,Apa,,2024. 09. 01.,,
2082301726,,,,Konnektor,,,,,,,,,2024. 09. 01.,,
4030610804,,,,Konnektor,,,,,,,,,2024. 09. 01.,,
4030610090,,,,Konnektor,,,,,,,,,2024. 09. 01.,,
4030610848,,,,Konnektor,,,,,,,,,2024. 09. 01.,,
4030610849,,,,Konnektor,,,,,,,,,2024. 09. 01.,,
4030621012,,,,Konnektor,,,,,,,,,2024. 09. 01.,,
4030621013,,,,Konnektor,,,,,,,,,2024. 09. 01.,,
4030611018,,,,Konnektor,,,,,,,,,2024. 09. 01.,,
4108813185,,,,Konnektor,,,,,,,,,2024. 09. 01.,,
4030611019,,,,Konnektor,,,,,,,,,2024. 09. 01.,,
4030611020,,,,Konnektor,,,,,,,,,2024. 09. 01.,,
C08360670086,,,,Konnektor,,,,,,,,,2024. 09. 01.,,
C08360670534,,,,Konnektor,,,,,,,,,2024. 09. 01.,,
4030620714,,,,Konnektor,,,,,,,,,2024. 09. 01.,,
4030620712,,,,Konnektor,,,,,,,,,2024. 09. 01.,,
4030611039,,,,Konnektor,,,,,,,,,2024. 09. 01.,,
4030610501,,,,Konnektor,,,,,,,,,2024. 09. 01.,,
4030621032,,,,Konnektor,,,,,,,,,2024. 09. 01.,,
4030621033,,,,Konnektor,,,,,,,,,2024. 09. 01.,,
4030621034,,,,Konnektor,,,,,,,,,2024. 09. 01.,,
4030621035,,,,Konnektor,,,,,,,,,2024. 09. 01.,,
4030621036,,,,Konnektor,,,,,,,,,2024. 09. 01.,,
4030621037,,,,Konnektor,,,,,,,,,2024. 09. 01.,,
4030621043,,,,Konnektor,,,,,,,,,2024. 09. 01.,,
4030621044,,,,Konnektor,,,,,,,,,2024. 09. 01.,,
4030620755,,,,Konnektor,,,,,,,,,2024. 09. 01.,,
C059069,,,,Konnektor,,,,,,,,,2024. 09. 01.,,
4030611008,,,,Konnektor,,,,,,,,,2024. 09. 01.,,
4030620604,Konnektor - 6188-0096 (2 utas),,Products_Images/4030620604.Image.073425.jpg,Konnektor,,,,,6188-0096,,Anya,,2024. 09. 01.,,
CA000504,,,,Konnektor,,,,,,,,,2024. 09. 01.,,
,,,,Konnektor,,,,,,,,,2024. 09. 01.,,
4102223124,,,Products_Images/4102223124.Image.113915.jpg,Konnektor,,,,,280099/0,,,,2024. 09. 01.,,
4102223124.1,Konnektor - 280430-0 (8 utas),,Products_Images/4102223124.1.Image.114416.jpg,Konnektor,,,,,280430-0,,Anya,,2024. 09. 01.,,
4102013224,Konnektor - 180904-0 (6 utas),,Products_Images/4102013224.Image.114549.jpg,Konnektor,,,,,180904-0,,Apa,,2024. 09. 01.,,
4102013124,,,Products_Images/4102013124.Image.114700.jpg,Konnektor,,,,,925276-0,,,,2024. 09. 01.,,
4101823124,Konnektor - 180901-0 (4 utas),,Products_Images/4101823124.Image.061241.jpg,Konnektor,,,,,180901-0,,Anya,,2024. 09. 01.,,
4101721124,Konnektor - 180940-0 (3 utas),,Products_Images/4101721124.Image.061610.jpg,Konnektor,,,,,180940-0,,Anya,,2024. 09. 01.,,
4101613124,Konnektor (2 utas),,Products_Images/4101613124.Image.095821.jpg,Konnektor,,,,,180923/0,,,,2024. 09. 01.,,
4101613122,,,Products_Images/4101613122.Image.095856.jpg,Konnektor,,,,,180923-1,,,,2024. 09. 01.,,
4101611124,Konnektor - 180907-0 (2 utas),,Products_Images/4101611124.Image.103808.jpg,Konnektor,,,,,180907-0,,Anya,,2024. 09. 01.,,
4105313124,,,Products_Images/4105313124.Image.100929.jpg,Konnektor,,,,,0854051700,,,,2024. 09. 01.,,
4105513124,KONNEKTOR (3 UTAS),,Products_Images/4105513124.Image.073220.jpg,Konnektor,,,,,,,Apa,,2024. 09. 01.,,
4105823224,,,Products_Images/4105823224.Image.073422.jpg,Konnektor,,,,,,,Anya,,2024. 09. 01.,,
4105423124,KONNEKTOR (2 UTAS),,,Konnektor,,,,,,,,,2024. 09. 01.,,
4106123124,,,,Konnektor,,,,,,,,,2024. 09. 01.,,
4105623224,,,,Konnektor,,,,,,,,,2024. 09. 01.,,
4106323224,,,,Konnektor,,,,,,,,,2024. 09. 01.,,
4106423224,,,,Konnektor,,,,,,,,,2024. 09. 01.,,
4141023229,,,,Konnektor,,,,,,,,,2024. 09. 01.,,
CA000046,,,,Konnektor,,,,,,,,,2024. 09. 01.,,
MC000022,,,,Konnektor,,,,,,,,,2024. 09. 01.,,
MC000006,,,,Konnektor,,,,,,,,,2024. 09. 01.,,
MC000007,,,,Konnektor,,,,,,,,,2024. 09. 01.,,
4145510120,,,,Konnektor,,,,,,,,,2024. 09. 01.,,
4145510121,,,,Konnektor,,,,,,,,,2024. 09. 01.,,
4113113223,,,,Konnektor,,,,,,,,,2024. 09. 01.,,
4030620833,Konnektor - 4540205,1 Utas,Products_Images/4030620833.Image.114553.jpg,Konnektor,,,,,4540205,,Anya,,2024. 09. 01.,,
4116223123.1,,,,Konnektor,,,,,,,,,2024. 09. 01.,,
4118113123,,,,Konnektor,,,,,,,,,2024. 09. 01.,,
4116023123.2,Konnektor - 282103-1 (1 utas),AMP SUPERSEAL,Products_Images/4116023123.2.Image.043827.jpg,Konnektor,,,,,282103-1,,Anya,,2024. 09. 01.,,
4116123123.2,Konnektor - 282104-1  (2 utas),"2 utas - AMP SUPERSEAL 1.5MM, CONNECTOR HOUSING",Products_Images/4116123123.2.Image.104950.jpg,Konnektor,AMP,,,,282104-1,,Anya,,2024. 09. 01.,,
4116223123.2,Konnektor - 282105-1 (3 utas),AMP SUPERSEAL,Products_Images/4116223123.2.Image.042100.jpg,Konnektor,,,,,282105-1,,Anya,,2024. 09. 01.,,
4116323123.2,Konnektor - 282106-1 (4 utas),AMP SUPERSEAL,Products_Images/4116323123.2.Image.044149.jpg,Konnektor,,,,,282106-1,,Anya,,2024. 09. 01.,,
4116323123.3,Konnektor - 282107-1 (5 utas),AMP SUPERSEAL,Products_Images/4116323123.3.Image.043617.jpg,Konnektor,,,,,282107-1,,Anya,,2024. 09. 01.,,
4116323123.4,Konnektor - 282108-1 (6 utas),AMP SUPERSEAL,Products_Images/4116323123.4.Image.043725.jpg,Konnektor,,,,,282108-1,,Anya,,2024. 09. 01.,,
4131820121,KONNEKTOR (4 UTAS),,Products_Images/4131820121.Image.115159.jpg,Konnektor,,,,,,,,,2024. 09. 01.,,
4132220121,Konnektor - 174657-2,Konnektor,Products_Images/4132220121.Image.104042.jpg,Konnektor,,,,,174657-2,,Anya,,2024. 09. 01.,,
4141923223,,,,Konnektor,,,,,,,,,2024. 09. 01.,,
4141623323.1,,,,Konnektor,,,,,,,,,2024. 09. 01.,,
90109,,,,Konnektor,,,,,,,,,2024. 09. 01.,,
4141623323,,,,Konnektor,,,,,,,,,2024. 09. 01.,,
4141313223,,,,Konnektor,,,,,,,,,2024. 09. 01.,,
4141213223,,,,Konnektor,,,,,,,,,2024. 09. 01.,,
4141813223,,,,Konnektor,,,,,,,,,2024. 09. 01.,,
4117223120,,,,Konnektor,,,,,,,,,2024. 09. 01.,,
4117523120.1,,,,Konnektor,,,,,,,,,2024. 09. 01.,,
4101623124.5,,,,Konnektor,,,,,,,,,2024. 09. 01.,,
4101721124.5,,,,Konnektor,,,,,,,,,2024. 09. 01.,,
4101823124.5,,,,Konnektor,,,,,,,,,2024. 09. 01.,,
4102023124.5,,,,Konnektor,,,,,,,,,2024. 09. 01.,,
4102223124.5,Konnektor - EPPKL16618,,Products_Images/4102223124.5.Image.044641.jpg,Konnektor,,,,,EPPKL16618,,Anya,,2024. 09. 01.,,
4110723183,,,,Konnektor,,,,,,,,,2024. 09. 01.,,
6112203122,,,,Konnektor,,,,,,,,,2024. 09. 01.,,
4111513184,,,,Konnektor,,,,,,,,,2024. 09. 01.,,
4111413189.1,,,,Konnektor,,,,,,,,,2024. 09. 01.,,
4111313184,Konnektor (5 utas),,Products_Images/4111313184.Image.035541.jpg,Konnektor,,,,,172494-1,,Apa,,2024. 09. 01.,,
4116423123,,,,Konnektor,,,,,,,,,2024. 09. 01.,,
4116523123,Konnektor - 10717597 (2 utas),280 METRI PACK,Products_Images/4116523123.Image.053345.jpg,Konnektor,,,,,10717597,,Apa,,2024. 09. 01.,,
4116623123,,,,Konnektor,,,,,,,,,2024. 09. 01.,,
4116723129,,,,Konnektor,,,,,,,,,2024. 09. 01.,,
4116923123,,,,Konnektor,,,,,,,,,2024. 09. 01.,,
4125023124,,,,Konnektor,,,,,,,,,2024. 09. 01.,,
4101523124,Konnektor - 180916 (1 utas),FASTON,Products_Images/4101523124.Image.101114.jpg,Konnektor,TE,,,,180916,,Anya,,2024. 09. 01.,,
4100923124,,,,Konnektor,,,,,,,,,2024. 09. 01.,,
4100923123,,,,Konnektor,,,,,,,,,2024. 09. 01.,,
4101023123,Konnektor,,Products_Images/4101023123.Image.040156.jpg,Konnektor,,,,,,,Apa,,2024. 09. 01.,,
4101023121,,,,Konnektor,,,,,,,,,2024. 09. 01.,,
4101223121,,,,Konnektor,,,,,,,,,2024. 09. 01.,,
MC000012,,,,Konnektor,,,,,,,,,2024. 09. 01.,,
4110923224.2,,,,Konnektor,,,,,,,,,2024. 09. 01.,,
MC000013,,,,Konnektor,,,,,,,,,2024. 09. 01.,,
CA000038,,,,Konnektor,,,,,,,,,2024. 09. 01.,,
4110723182,,,,Konnektor,,,,,,,,,2024. 09. 01.,,
4110723182.3,Konnektor - 282189-1 (2 utas),"Junior Power Timer - 12 V, 2 Position, Automotive Housing for Female Terminals, Wire-to-Wire, 5 mm [.197 in] Centerline, Sealable, Black, Wire & Cable, Power, Hybrid",Products_Files_/4110723182.3.Image.054453.avif,Konnektor,TE,,,,282189-1,,Anya,,2024. 09. 01.,,
4110723182.0,,,,Konnektor,,,,,,,,,2024. 09. 01.,,
4110723182.2,,,,Konnektor,,,,,,,,,2024. 09. 01.,,
4110813183,,,,Konnektor,,,,,,,,,2024. 09. 01.,,
2962500017,Saru - 1062-16-0122,DEUTSCH,Products_Images/2962500017.Image.044206.jpg,Saru,,,,,1062-16-0122,,Anya,,2024. 09. 01.,,
4141023223,,,,Konnektor,,,,,,,,,2024. 09. 01.,,
2200402436,,,,Konnektor,,,,,,,,,2024. 09. 01.,,
2200112229.1,,,,Konnektor,,,,,,,,,2024. 09. 01.,,
STAGN_5,,,,Konnektor,,,,,,,,,2024. 09. 01.,,
2200112026,,,,Konnektor,,,,,,,,,2024. 09. 01.,,
2200402234,,,,Konnektor,,,,,,,,,2024. 09. 01.,,
4125513124,Konnektor - MOLEX MINI-FIT. P/F 8 VIE 5557-08-R (8 utas),,Products_Images/4125513124.Image.055941.png,Konnektor,Molex,,,,MOLEX MINI-FIT. P/F 8 VIE 5557-08-R,,Apa,,2024. 09. 01.,,
4125313124,Konnektor - MOLEX MINI-FIT 5557-04-R (4 utas),,Products_Images/4125313124.Image.061159.png,Konnektor,Molex,,,,5557-04-R,,Apa,,2024. 09. 01.,,
90130,,,,Konnektor,,,,,,,,,2024. 09. 01.,,
CA000402,,,,Konnektor,,,,,,,,,2024. 09. 01.,,
MC000016,,,,Konnektor,,,,,,,,,2024. 09. 01.,,
MC000015,,,,Konnektor,,,,,,,,,2024. 09. 01.,,
MC000018,,,,Konnektor,,,,,,,,,2024. 09. 01.,,
MC000019,,,,Konnektor,,,,,,,,,2024. 09. 01.,,
MC000020,,,,Konnektor,,,,,,,,,2024. 09. 01.,,
MC000023,,,,Konnektor,,,,,,,,,2024. 09. 01.,,
4125716121,KONNEKTOR (12 UTAS),Mini-Fit,Products_Images/4125716121.Image.090435.jpg,Konnektor,Molex,,,,5559-12P1,,Anya,,2024. 09. 01.,,
4030620961,KONNEKTOR,,,Konnektor,,,,,,,,,2024. 09. 01.,,
4112523223.1,,,,Konnektor,,,,,,,,,2024. 09. 01.,,
4200623024,,,,Konnektor,,,,,,,,,2024. 09. 01.,,
4110703183.1,,,,Konnektor,,,,,,,,,2024. 09. 01.,,
MC000025,,,,Konnektor,,,,,,,,,2024. 09. 01.,,
4200223024.8,,,,Konnektor,,,,,,,,,2024. 09. 01.,,
MC000026,,,,Konnektor,,,,,,,,,2024. 09. 01.,,
4130923124.5,,,,Konnektor,,,,,,,,,2024. 09. 01.,,
CA000053,,,,Konnektor,,,,,,,,,2024. 09. 01.,,
4125613124,Konnektor - MOLEX MINI-FIT 5557-10-R (10 utas),,Products_Images/4125613124.Image.045526.jpg,Konnektor,Molex,,,,5557-10-R,,Apa,,2024. 09. 01.,,
4128223123,,,,Konnektor,,,,,,,,,2024. 09. 01.,,
4132020212,,,,Konnektor,,,,,,,,,2024. 09. 01.,,
4140613223,,,,Konnektor,,,,,,,,,2024. 09. 01.,,
4103323320.2,,,,Konnektor,,,,,,,,,2024. 09. 01.,,
4111413184,,,,Konnektor,,,,,,,,,2024. 09. 01.,,
4178013123,,,,Konnektor,,,,,,,,,2024. 09. 01.,,
4103613125,,,,Konnektor,,,,,,,,,2024. 09. 01.,,
CA000095,,,,Konnektor,,,,,,,,,2024. 09. 01.,,
4151026223,,,,Konnektor,,,,,,,,,2024. 09. 01.,,
CA000098,,,,Konnektor,,,,,,,,,2024. 09. 01.,,
CA000096,,,,Konnektor,,,,,,,,,2024. 09. 01.,,
4111413184.1,,,,Konnektor,,,,,,,,,2024. 09. 01.,,
4103323121.1,,,,Konnektor,,,,,,,,,2024. 09. 01.,,
CA000145,,,,Konnektor,,,,,,,,,2024. 09. 01.,,
4130923124.3,,,,Konnektor,,,,,,,,,2024. 09. 01.,,
4111017220,,,,Konnektor,,,,,,,,,2024. 09. 01.,,
4111117220,,,,Konnektor,,,,,,,,,2024. 09. 01.,,
4111117224,,,,Konnektor,,,,,,,,,2024. 09. 01.,,
4133800005,,,,Konnektor,,,,,,,,,2024. 09. 01.,,
4201113013,,,,Konnektor,,,,,,,,,2024. 09. 01.,,
4130923124.4,,,,Konnektor,,,,,,,,,2024. 09. 01.,,
4103323321,,,,Konnektor,,,,,,,,,2024. 09. 01.,,
4103325120,,,,Konnektor,,,,,,,,,2024. 09. 01.,,
4103325121,,,,Konnektor,,,,,,,,,2024. 09. 01.,,
4133705109,,,,Konnektor,,,,,,,,,2024. 09. 01.,,
4030610003,,,,Konnektor,,,,,,,,,2024. 09. 01.,,
4133705119,,,,Konnektor,,,,,,,,,2024. 09. 01.,,
4133705120,,,,Konnektor,,,,,,,,,2024. 09. 01.,,
4133705122,,,,Konnektor,,,,,,,,,2024. 09. 01.,,
4133705121,,,,Konnektor,,,,,,,,,2024. 09. 01.,,
4133705125,,,,Konnektor,,,,,,,,,2024. 09. 01.,,
4133705117,,,,Konnektor,,,,,,,,,2024. 09. 01.,,
4131023124,,,,Konnektor,,,,,,,,,2024. 09. 01.,,
4131023125,,,,Konnektor,,,,,,,,,2024. 09. 01.,,
4101611125,,,,Konnektor,,,,,,,,,2024. 09. 01.,,
4134426228,,,,Konnektor,,,,,,,,,2024. 09. 01.,,
4030610001,,,Products_Images/4030610001.Image.113249.jpg,Konnektor,,,,,917318-4,,,,2024. 09. 01.,,
4113213224,,,,Konnektor,,,,,,,,,2024. 09. 01.,,
4141613231,,,,Konnektor,,,,,,,,,2024. 09. 01.,,
403061,,,,Konnektor,,,,,,,,,2024. 09. 01.,,
4030610010,,,,Konnektor,,,,,,,,,2024. 09. 01.,,
4030620011,,,,Konnektor,,,,,,,,,2024. 09. 01.,,
CA000296,,,,Konnektor,,,,,,,,,2024. 09. 01.,,
4121025343.1,,,,Konnektor,,,,,,,,,2024. 09. 01.,,
4121017343,,,,Konnektor,,,,,,,,,2024. 09. 01.,,
4030610012,,,,Konnektor,,,,,,,,,2024. 09. 01.,,
4030620017,,,,Konnektor,,,,,,,,,2024. 09. 01.,,
4030620018,,,,Konnektor,,,,,,,,,2024. 09. 01.,,
4030620019,,,,Konnektor,,,,,,,,,2024. 09. 01.,,
4120615143.1,,,,Konnektor,,,,,,,,,2024. 09. 01.,,
4120625144,,,,Konnektor,,,,,,,,,2024. 09. 01.,,
4140613223.1,,,,Konnektor,,,,,,,,,2024. 09. 01.,,
4030610050,,,,Konnektor,,,,,,,,,2024. 09. 01.,,
APR0000000016,,,,Konnektor,,,,,,,,,2024. 09. 01.,,
4131823124.4,,,,Konnektor,,,,,,,,,2024. 09. 01.,,
4030620057,,,,Konnektor,,,,,,,,,2024. 09. 01.,,
4030620060,KONNEKTOR,,,Konnektor,,,,,,,,,2024. 09. 01.,,
4030610115,,,,Konnektor,,,,,,,,,2024. 09. 01.,,
CA000301,,,,Konnektor,,,,,,,,,2024. 09. 01.,,
4030610131,,,,Konnektor,,,,,,,,,2024. 09. 01.,,
4141023231,,,,Konnektor,,,,,,,,,2024. 09. 01.,,
4030620142,,,,Konnektor,,,,,,,,,2024. 09. 01.,,
4030620151,,,,Konnektor,,,,,,,,,2024. 09. 01.,,
4030620152,,,,Konnektor,,,,,,,,,2024. 09. 01.,,
4030620103,,,,Konnektor,,,,,,,,,2024. 09. 01.,,
4030610149,,,,Konnektor,,,,,,,,,2024. 09. 01.,,
4030610149.1,,,,Konnektor,,,,,,,,,2024. 09. 01.,,
4030610247,,,,Konnektor,,,,,,,,,2024. 09. 01.,,
4030610173,,,,Konnektor,,,,,,,,,2024. 09. 01.,,
4030610218,,,,Konnektor,,,,,,,,,2024. 09. 01.,,
4113113223.1,,,,Konnektor,,,,,,,,,2024. 09. 01.,,
4030620211,,,,Konnektor,,,,,,,,,2024. 09. 01.,,
4030620096,,,,Konnektor,,,,,,,,,2024. 09. 01.,,
4030620259,,,,Konnektor,,,,,,,,,2024. 09. 01.,,
CA000309,,,,Konnektor,,,,,,,,,2024. 09. 01.,,
CA000310,,,,Konnektor,,,,,,,,,2024. 09. 01.,,
4160005124,,,,Konnektor,,,,,,,,,2024. 09. 01.,,
4030610331,,,,Konnektor,,,,,,,,,2024. 09. 01.,,
4030620193,Konnektor - (6 UTAS),,Products_Images/4030620193.Image.053624.jpg,Konnektor,TE,,,,929505-2,,Apa,,2024. 09. 01.,,
4110923120,,,,Konnektor,,,,,,,,,2024. 09. 01.,,
4110923127,,,,Konnektor,,,,,,,,,2024. 09. 01.,,
4030620342,,,,Konnektor,,,,,,,,,2024. 09. 01.,,
4030620343,,,,Konnektor,,,,,,,,,2024. 09. 01.,,
4131820121.0,,,,Konnektor,,,,,,,,,2024. 09. 01.,,
4030620102,,,,Konnektor,,,,,,,,,2024. 09. 01.,,
4030620486,,,,Konnektor,,,,,,,,,2024. 09. 01.,,
4030620378,,,,Konnektor,,,,,,,,,2024. 09. 01.,,
4030620025,,,,Konnektor,,,,,,,,,2024. 09. 01.,,
4030620516,,,,Konnektor,,,,,,,,,2024. 09. 01.,,
4030620383,,,,Konnektor,,,,,,,,,2024. 09. 01.,,
4030620517,,,,Konnektor,,,,,,,,,2024. 09. 01.,,
4030610518,,,,Konnektor,,,,,,,,,2024. 09. 01.,,
4030620329,,,,Konnektor,,,,,,,,,2024. 09. 01.,,
4030620523,,,,Konnektor,,,,,,,,,2024. 09. 01.,,
CA000323,,,,Konnektor,,,,,,,,,2024. 09. 01.,,
MC000021,,,,Konnektor,,,,,,,,,2024. 09. 01.,,
4030610587,,,,Konnektor,,,,,,,,,2024. 09. 01.,,
4030620587,,,,Konnektor,,,,,,,,,2024. 09. 01.,,
4030620553,,,,Konnektor,,,,,,,,,2024. 09. 01.,,
4133705123,,,,Konnektor,,,,,,,,,2024. 09. 01.,,
4030620595,,,,Konnektor,,,,,,,,,2024. 09. 01.,,
4119023223.1,,,,Konnektor,,,,,,,,,2024. 09. 01.,,
CA000315,,,,Konnektor,,,,,,,,,2024. 09. 01.,,
4030620282,,,,Konnektor,,,,,,,,,2024. 09. 01.,,
4030620281,,,,Konnektor,,,,,,,,,2024. 09. 01.,,
CA000340,,,,Konnektor,,,,,,,,,2024. 09. 01.,,
CA000339,,,,Konnektor,,,,,,,,,2024. 09. 01.,,
CA000338,,,,Konnektor,,,,,,,,,2024. 09. 01.,,
CA000337,,,,Konnektor,,,,,,,,,2024. 09. 01.,,
CA000336,,,,Konnektor,,,,,,,,,2024. 09. 01.,,
CA000349,,,,Konnektor,,,,,,,,,2024. 09. 01.,,
4153016222,,,,Konnektor,,,,,,,,,2024. 09. 01.,,
CA000350,Konektor - DJ7034Y,"KIT - DJ7034Y-1.5 Automotive Water Temperature Sensor Plug 3p Throttle Male Female Socket 3-Hole Wiring Harness Waterproof Connector BHUPWZE(3p,1sets)",Products_Files_/CA000350.Image.065930.jpg_720x720q50.avif,Konnektor,APTIV,,,,DJ7034Y,,Apa,,2024. 09. 01.,,
4030620206,,,,Konnektor,,,,,,,,,2024. 09. 01.,,
C01300070,,,,Konnektor,,,,,,,,,2024. 09. 01.,,
4030620414,,,,Konnektor,,,,,,,,,2024. 09. 01.,,
4030620008.1,,,,Konnektor,,,,,,,,,2024. 09. 01.,,
4XM00057,,,,Konnektor,,,,,,,,,2024. 09. 01.,,
4030620645,,,,Konnektor,,,,,,,,,2024. 09. 01.,,
4030620554,,,,Konnektor,,,,,,,,,2024. 09. 01.,,
4030620555,,,,Konnektor,,,,,,,,,2024. 09. 01.,,
4109823123,,,,Konnektor,,,,,,,,,2024. 09. 01.,,
CA000354,,,,Konnektor,,,,,,,,,2024. 09. 01.,,
CA000355,,,,Konnektor,,,,,,,,,2024. 09. 01.,,
CA000489,,,,Konnektor,,,,,,,,,2024. 09. 01.,,
CA000356,,,,Konnektor,,,,,,,,,2024. 09. 01.,,
4030620655,,,,Konnektor,,,,,,,,,2024. 09. 01.,,
4103328320.5,,,,Konnektor,,,,,,,,,2024. 09. 01.,,
4030620648,,,,Konnektor,,,,,,,,,2024. 09. 01.,,
4030620638,,,,Konnektor,,,,,,,,,2024. 09. 01.,,
4030620488,,,,Konnektor,,,,,,,,,2024. 09. 01.,,
4030620637,,,,Konnektor,,,,,,,,,2024. 09. 01.,,
4103323121.5,,,,Konnektor,,,,,,,,,2024. 09. 01.,,
4160005122,,,,Konnektor,,,,,,,,,2024. 09. 01.,,
4030620337,,,,Konnektor,,,,,,,,,2024. 09. 01.,,
MC000030,,,,Konnektor,,,,,,,,,2024. 09. 01.,,
MC000028,,,,Konnektor,,,,,,,,,2024. 09. 01.,,
MC000029,,,,Konnektor,,,,,,,,,2024. 09. 01.,,
4103823263.1,KONNEKTOR (9 UTAS),,Products_Images/4103823263.1.Image.104009.jpg,Konnektor,,,,,,,,,2024. 09. 01.,,
4030620505,,,,Konnektor,,,,,,,,,2024. 09. 01.,,
4030620133,,,,Konnektor,,,,,,,,,2024. 09. 01.,,
4030620464,,,,Konnektor,,,,,,,,,2024. 09. 01.,,
CA000343,,,,Konnektor,,,,,,,,,2024. 09. 01.,,
4030620113,,,,Konnektor,,,,,,,,,2024. 09. 01.,,
CA000330,,,,Konnektor,,,,,,,,,2024. 09. 01.,,
4030620666,,,,Konnektor,,,,,,,,,2024. 09. 01.,,
4030620667,,,,Konnektor,,,,,,,,,2024. 09. 01.,,
4155526223,,,,Konnektor,,,,,,,,,2024. 09. 01.,,
4155426223,,,,Konnektor,,,,,,,,,2024. 09. 01.,,
4030620332,Konnektor - 5-1718323-1 (39 utas),"LEAVYSEAL Connector Housings - 12 V, 39 Position, Automotive Housing for Male Terminals, Wire-to-Wire, 5 mm [.197 in] Centerline, Sealable, Green, Wire & Cable, Power, LEAVYSEAL",Products_Files_/4030620332.Image.050300.avif,Konnektor,TE,,,,5-1718323-1,,Apa,,2024. 09. 01.,,
4030620192,,,,Konnektor,,,,,,,,,2024. 09. 01.,,
4030620434,,,,Konnektor,,,,,,,,,2024. 09. 01.,,
4030620435,,,,Konnektor,,,,,,,,,2024. 09. 01.,,
4030620449,,,,Konnektor,,,,,,,,,2024. 09. 01.,,
4030620450,,,,Konnektor,,,,,,,,,2024. 09. 01.,,
CA000369,,,,Konnektor,,,,,,,,,2024. 09. 01.,,
CA000370,,,,Konnektor,,,,,,,,,2024. 09. 01.,,
4030620536,,,,Konnektor,,,,,,,,,2024. 09. 01.,,
4030620537,,,,Konnektor,,,,,,,,,2024. 09. 01.,,
CA000375,,,,Konnektor,,,,,,,,,2024. 09. 01.,,
CA000376,,,,Konnektor,,,,,,,,,2024. 09. 01.,,
CA000379,,,,Konnektor,,,,,,,,,2024. 09. 01.,,
CA000029,,,,Konnektor,,,,,,,,,2024. 09. 01.,,
4030620006,,,,Konnektor,,,,,,,,,2024. 09. 01.,,
4030620716,,,,Konnektor,,,,,,,,,2024. 09. 01.,,
4030620717,,,,Konnektor,,,,,,,,,2024. 09. 01.,,
4030620236,,,,Konnektor,,,,,,,,,2024. 09. 01.,,
4030620718,,,,Konnektor,,,,,,,,,2024. 09. 01.,,
4030620187,,,,Konnektor,,,,,,,,,2024. 09. 01.,,
4030620317,,,,Konnektor,,,,,,,,,2024. 09. 01.,,
4XM00089,,,,Konnektor,,,,,,,,,2024. 09. 01.,,
4030620725,,,,Konnektor,,,,,,,,,2024. 09. 01.,,
4030610718,,,,Konnektor,,,,,,,,,2024. 09. 01.,,
4030610719,,,,Konnektor,,,,,,,,,2024. 09. 01.,,
C01300009,,,,Konnektor,,,,,,,,,2024. 09. 01.,,
C01300024,,,,Konnektor,,,,,,,,,2024. 09. 01.,,
4030620641,,,,Konnektor,,,,,,,,,2024. 09. 01.,,
4145910124,Konnektor - DRC16-70SA (70 utas),DEUTSCH,Products_Images/4145910124.Image.044829.jpg,Konnektor,TE,,,,DRC16-70SA,,Apa,,2024. 09. 01.,,
4121029343,,,,Konnektor,,,,,,,,,2024. 09. 01.,,
4030610726,,,,Konnektor,,,,,,,,,2024. 09. 01.,,
CA000384,,,,Konnektor,,,,,,,,,2024. 09. 01.,,
CA000385,,,,Konnektor,,,,,,,,,2024. 09. 01.,,
CA000386,,,,Konnektor,,,,,,,,,2024. 09. 01.,,
4030620143,,,,Konnektor,,,,,,,,,2024. 09. 01.,,
4030620748,,,,Konnektor,,,,,,,,,2024. 09. 01.,,
CA000390,,,,Konnektor,,,,,,,,,2024. 09. 01.,,
4030620185,,,,Konnektor,,,,,,,,,2024. 09. 01.,,
4030620743,,,,Konnektor,,,,,,,,,2024. 09. 01.,,
4030620756,,,,Konnektor,,,,,,,,,2024. 09. 01.,,
4030620758,,,,Konnektor,,,,,,,,,2024. 09. 01.,,
4030620170,KONNEKTOR (4UTAS),"DEUTSCH  DEUTSCH DT , DEUTSCH DTM",Products_Images/4030620170.Image.102801.jpg,Konnektor,TE,,,,DTM04-4P,,Anya,,2024. 09. 01.,,
4030620295,Konnektor - 206838-1 (24 utas),"24 Position Circular Power Connector, Housing, 600 VDC, Wire-to-Wire, Wire & Cable, Receptacle, Pin, Power & Signal, AMP Circular Plastic Connectors",Products_Files_/4030620295.Image.044156.avif,Konnektor,TE,,,,206838-1,,Apa,,2024. 09. 01.,,
4162010324,,,,Konnektor,,,,,,,,,2024. 09. 01.,,
4030620766,,,,Konnektor,,,,,,,,,2024. 09. 01.,,
4030620267,,,,Konnektor,,,,,,,,,2024. 09. 01.,,
4101721123,,,Products_Images/4101721123.Image.095306.jpg,Konnektor,,,,,,,Anya,,2024. 09. 01.,,
4030610425,,,,Konnektor,,,,,,,,,2024. 09. 01.,,
CA000394,,,,Konnektor,,,,,,,,,2024. 09. 01.,,
CA000396,,,,Konnektor,,,,,,,,,2024. 09. 01.,,
CA000399,,,,Konnektor,,,,,,,,,2024. 09. 01.,,
4104323263.1,,,,Konnektor,,,,,,,,,2024. 09. 01.,,
4104323263,,,,Konnektor,,,,,,,,,2024. 09. 01.,,
4030620167,KONNEKTOR,,,Konnektor,,,,,,,,,2024. 09. 01.,,
4145410120,,,,Konnektor,,,,,,,,,2024. 09. 01.,,
4030610742,,,,Konnektor,,,,,,,,,2024. 09. 01.,,
4030610271,,,,Konnektor,,,,,,,,,2024. 09. 01.,,
CA000400,,,,Konnektor,,,,,,,,,2024. 09. 01.,,
4030610765,,,,Konnektor,,,,,,,,,2024. 09. 01.,,
CA000401,,,,Konnektor,,,,,,,,,2024. 09. 01.,,
CA000403,,,,Konnektor,,,,,,,,,2024. 09. 01.,,
CA000404,,,,Konnektor,,,,,,,,,2024. 09. 01.,,
CA000405,,,,Konnektor,,,,,,,,,2024. 09. 01.,,
CA000406,,,,Konnektor,,,,,,,,,2024. 09. 01.,,
4030620709,,,,Konnektor,,,,,,,,,2024. 09. 01.,,
4030620783,,,,Konnektor,,,,,,,,,2024. 09. 01.,,
4030620784,,,,Konnektor,,,,,,,,,2024. 09. 01.,,
4030620785,,,,Konnektor,,,,,,,,,2024. 09. 01.,,
4030620392,,,,Konnektor,,,,,,,,,2024. 09. 01.,,
4030620838,,,,Konnektor,,,,,,,,,2024. 09. 01.,,
4030620788,,,,Konnektor,,,,,,,,,2024. 09. 01.,,
4145710120,,,,Konnektor,,,,,,,,,2024. 09. 01.,,
4030620787,,,,Konnektor,,,,,,,,,2024. 09. 01.,,
4030620787.1,,,,Konnektor,,,,,,,,,2024. 09. 01.,,
4145610120,KONNEKTOR (6 UTAS),,Products_Images/4145610120.Image.114850.jpg,Konnektor,,,,,,,,,2024. 09. 01.,,
4145526120,,,Products_Images/4145526120.Image.103926.jpg,Konnektor,,,,,,,,,2024. 09. 01.,,
CA000411,,,,Konnektor,,,,,,,,,2024. 09. 01.,,
CA000412,,,,Konnektor,,,,,,,,,2024. 09. 01.,,
CA000413,,,,Konnektor,,,,,,,,,2024. 09. 01.,,
4030620773,,,,Konnektor,,,,,,,,,2024. 09. 01.,,
4030620777,,,,Konnektor,,,,,,,,,2024. 09. 01.,,
CA000414,,,,Konnektor,,,,,,,,,2024. 09. 01.,,
4115224319,,,,Konnektor,,,,,,,,,2024. 09. 01.,,
4115224324,,,,Konnektor,,,,,,,,,2024. 09. 01.,,
4XM00157,,,,Konnektor,,,,,,,,,2024. 09. 01.,,
4115224326,,,,Konnektor,,,,,,,,,2024. 09. 01.,,
CA000415,,,,Konnektor,,,,,,,,,2024. 09. 01.,,
4030620083,,,,Konnektor,,,,,,,,,2024. 09. 01.,,
4030610361,,,,Konnektor,,,,,,,,,2024. 09. 01.,,
4030620397,Konnektor - 12185126 (6 utas),DUCON,Products_Images/4030620397.Image.065515.jpg,Konnektor,APTIV,,,,12185126,,Anya,,2024. 09. 01.,,
4111013184,,,,Konnektor,,,,,,,,,2024. 09. 01.,,
4030620811,,,,Konnektor,,,,,,,,,2024. 09. 01.,,
4030620728,,,,Konnektor,,,,,,,,,2024. 09. 01.,,
4030620814,,,,Konnektor,,,,,,,,,2024. 09. 01.,,
4030620818,,,,Konnektor,,,,,,,,,2024. 09. 01.,,
4030620819,,,,Konnektor,,,,,,,,,2024. 09. 01.,,
C01300081,,,,Konnektor,,,,,,,,,2024. 09. 01.,,
4030620822,,,,Konnektor,,,,,,,,,2024. 09. 01.,,
4030620822.1,,,,Konnektor,,,,,,,,,2024. 09. 01.,,
4030620175,,,,Konnektor,,,,,,,,,2024. 09. 01.,,
4030620476,,,,Konnektor,,,,,,,,,2024. 09. 01.,,
CA000419,,,,Konnektor,,,,,,,,,2024. 09. 01.,,
4030620562,,,,Konnektor,,,,,,,,,2024. 09. 01.,,
4030620708,,,,Konnektor,,,,,,,,,2024. 09. 01.,,
4030620477,,,,Konnektor,,,,,,,,,2024. 09. 01.,,
4030620834,,,,Konnektor,,,,,,,,,2024. 09. 01.,,
C08300036,Konnektor - VG95328K14-19SN (19 utas),,Products_Images/C08300036.Image.114056.png,Konnektor,,,,,VG95328K14-19SN    606701110,,Anya,,2024. 09. 01.,,
CA000423,,,,Konnektor,,,,,,,,,2024. 09. 01.,,
CA000321,,,,Konnektor,,,,,,,,,2024. 09. 01.,,
4030620844,,,,Konnektor,,,,,,,,,2024. 09. 01.,,
CA000388,,,,Konnektor,,,,,,,,,2024. 09. 01.,,
CA000429,,,,Konnektor,,,,,,,,,2024. 09. 01.,,
4030620297,,,,Konnektor,,,,,,,,,2024. 09. 01.,,
4030620482,,,,Konnektor,,,,,,,,,2024. 09. 01.,,
4030620053,,,,Konnektor,,,,,,,,,2024. 09. 01.,,
CA000368,,,,Konnektor,,,,,,,,,2024. 09. 01.,,
CA000367,,,,Konnektor,,,,,,,,,2024. 09. 01.,,
CA000366,,,,Konnektor,,,,,,,,,2024. 09. 01.,,
CA000365,,,,Konnektor,,,,,,,,,2024. 09. 01.,,
CA000432,,,,Konnektor,,,,,,,,,2024. 09. 01.,,
4030620515,Konnektor - 1-1703818-1 (4 utas),"Heavy Duty Sealed Connector Series - 12 V / 24 V / 48 V, 4 Position, Automotive Housing for Male Terminals, Wire-to-Wire, 6 mm [.236 in] Centerline, Heavy Duty Sealed Connector Series",Products_Files_/4030620515.Image.045540.avif,Konnektor,TE,,,,1-1703818-1,,Apa,,2024. 09. 01.,,
4030620873,,,,Konnektor,,,,,,,,,2024. 09. 01.,,
4030620835,,,,Konnektor,,,,,,,,,2024. 09. 01.,,
4030620872,,,,Konnektor,,,,,,,,,2024. 09. 01.,,
4030620532,,,,Konnektor,,,,,,,,,2024. 09. 01.,,
4030620871,,,,Konnektor,,,,,,,,,2024. 09. 01.,,
4030620869,,,,Konnektor,,,,,,,,,2024. 09. 01.,,
4030620261,,,,Konnektor,,,,,,,,,2024. 09. 01.,,
4030620874,,,,Konnektor,,,,,,,,,2024. 09. 01.,,
4030620659,,,,Konnektor,,,,,,,,,2024. 09. 01.,,
6112100005,,,,Konnektor,,,,,,,,,2024. 09. 01.,,
CA000440,,,,Konnektor,,,,,,,,,2024. 09. 01.,,
4030620041,,,,Konnektor,,,,,,,,,2024. 09. 01.,,
CA000426,,,,Konnektor,,,,,,,,,2024. 09. 01.,,
4030620896,,,,Konnektor,,,,,,,,,2024. 09. 01.,,
4030620897,,,,Konnektor,,,,,,,,,2024. 09. 01.,,
4030620475,,,,Konnektor,,,,,,,,,2024. 09. 01.,,
4030620899,,,,Konnektor,,,,,,,,,2024. 09. 01.,,
4030620005,,,,Konnektor,,,,,,,,,2024. 09. 01.,,
CA000447,,,,Konnektor,,,,,,,,,2024. 09. 01.,,
4030620906,,,,Konnektor,,,,,,,,,2024. 09. 01.,,
4XMC0001,,,,Konnektor,,,,,,,,,2024. 09. 01.,,
4030620913,,,,Konnektor,,,,,,,,,2024. 09. 01.,,
4XMC0006,,,,Konnektor,,,,,,,,,2024. 09. 01.,,
4XMC0007,,,,Konnektor,,,,,,,,,2024. 09. 01.,,
4XMC0008,,,,Konnektor,,,,,,,,,2024. 09. 01.,,
4XMC0009,,,,Konnektor,,,,,,,,,2024. 09. 01.,,
CA000474,,,,Konnektor,,,,,,,,,2024. 09. 01.,,
CA000475,,,,Konnektor,,,,,,,,,2024. 09. 01.,,
4030620900,,,,Konnektor,,,,,,,,,2024. 09. 01.,,
4030620901,,,,Konnektor,,,,,,,,,2024. 09. 01.,,
4030620451,,,,Konnektor,,,,,,,,,2024. 09. 01.,,
CA000492,,,,Konnektor,,,,,,,,,2024. 09. 01.,,
CA000478,,,,Konnektor,,,,,,,,,2024. 09. 01.,,
CA000479,,,,Konnektor,,,,,,,,,2024. 09. 01.,,
4030620390,,,,Konnektor,,,,,,,,,2024. 09. 01.,,
CA000481,,,,Konnektor,,,,,,,,,2024. 09. 01.,,
4101721122,,,,Konnektor,,,,,,,,,2024. 09. 01.,,
4030620352,,,,Konnektor,,,,,,,,,2024. 09. 01.,,
4030620926,,,,Konnektor,,,,,,,,,2024. 09. 01.,,
4030620950,,,,Konnektor,,,,,,,,,2024. 09. 01.,,
6112103125,,,,Konnektor,,,,,,,,,2024. 09. 01.,,
CA000486,,,,Konnektor,,,,,,,,,2024. 09. 01.,,
4126013124,Konnektor - MOLEX MINI-FIT 5557-18R (18 utas),,Products_Images/4126013124.Image.112352.png,Konnektor,Molex,,,,5557-18R,,Apa,,2024. 09. 01.,,
4030610958,,,,Konnektor,,,,,,,,,2024. 09. 01.,,
4030620959,Konnektor - 4540405,2 Utas,Products_Images/4030620959.Image.083649.jpg,Konnektor,,,,,4540405,,Anya,,2024. 09. 01.,,
CA000488,,,,Konnektor,,,,,,,,,2024. 09. 01.,,
4030620962,,,,Konnektor,,,,,,,,,2024. 09. 01.,,
4030620197,,,,Konnektor,,,,,,,,,2024. 09. 01.,,
4030610311,,,,Konnektor,,,,,,,,,2024. 09. 01.,,
CA000490,Konnektor - 2-6447232-3 (34 UTAS),SUPER SEAL 34POS CAP ASSY V AU,Products_Images/CA000490.Image.065612.jpg,Konnektor,TE,,,,2-6447232-3,,Anya,,2024. 09. 01.,,
4XMC0018,,,,Konnektor,,,,,,,,,2024. 09. 01.,,
4XMC0017,,,,Konnektor,,,,,,,,,2024. 09. 01.,,
4101621132,,,,Konnektor,,,,,,,,,2024. 09. 01.,,
4030620827,,,,Konnektor,,,,,,,,,2024. 09. 01.,,
CA000493,,,,Konnektor,,,,,,,,,2024. 09. 01.,,
CA000494,,,,Konnektor,,,,,,,,,2024. 09. 01.,,
4030620902,,,,Konnektor,,,,,,,,,2024. 09. 01.,,
CA000377,,,,Konnektor,,,,,,,,,2024. 09. 01.,,
CA182923-1,Konnektor - 182923-1 (37 utas),"CPC PLUG ASSY - 37 Position Circular Power Connector, Housing, 600 VDC, Wire-to-Wire, Wire & Cable, Plug, Socket, Power & Signal, AMP Circular Plastic Connectors",Products_Files_/CA182923-1.Image.043611.webp,Konnektor,TE,,,,182923-1,,Anya,,2024. 09. 01.,,
4030610561,,,,Konnektor,,,,,,,,,2024. 09. 01.,,
4030610444,,,,Konnektor,,,,,,,,,2024. 09. 01.,,
4130523123,,,,Konnektor,,,,,,,,,2024. 09. 01.,,
CA000437,,,,Konnektor,,,,,,,,,2024. 09. 01.,,
CA000502,,,,Konnektor,,,,,,,,,2024. 09. 01.,,
4XMC0039,,,,Konnektor,,,,,,,,,2024. 09. 01.,,
4030620852,,,,Konnektor,,,,,,,,,2024. 09. 01.,,
4030620911,,,,Konnektor,,,,,,,,,2024. 09. 01.,,
4XMC0041,,,,Konnektor,,,,,,,,,2024. 09. 01.,,
4030620786,,,,Konnektor,,,,,,,,,2024. 09. 01.,,
4030620996,,,,Konnektor,,,,,,,,,2024. 09. 01.,,
4030611002,,,,Konnektor,,,,,,,,,2024. 09. 01.,,
4030611005,,,,Konnektor,,,,,,,,,2024. 09. 01.,,
4104523263,,,,Konnektor,,,,,,,,,2024. 09. 01.,,
4XMC0042,,,,Konnektor,,,,,,,,,2024. 09. 01.,,
CA000517,,,,Konnektor,,,,,,,,,2024. 09. 01.,,
4128213124,,,,Konnektor,,,,,,,,,2024. 09. 01.,,
4152013321,,,,Konnektor,,,,,,,,,2024. 09. 01.,,
CA000518,,,,Konnektor,,,,,,,,,2024. 09. 01.,,
CA000408,,,,Konnektor,,,,,,,,,2024. 09. 01.,,
4030620769,,,,Konnektor,,,,,,,,,2024. 09. 01.,,
2082301722,,,,Konnektor,,,,,,,,,2024. 09. 01.,,
2081301726,,,,Konnektor,,,,,,,,,2024. 09. 01.,,
CA000300,,,,Konnektor,,,,,,,,,2024. 09. 01.,,
CA000424,,,,Konnektor,,,,,,,,,2024. 09. 01.,,
4030611013,,,,Konnektor,,,,,,,,,2024. 09. 01.,,
4030621018,,,,Konnektor,,,,,,,,,2024. 09. 01.,,
CA000523,,,,Konnektor,,,,,,,,,2024. 09. 01.,,
4030621019,,,,Konnektor,,,,,,,,,2024. 09. 01.,,
4030621020,,,,Konnektor,,,,,,,,,2024. 09. 01.,,
CA000524,,,,Konnektor,,,,,,,,,2024. 09. 01.,,
4030610335,,,,Konnektor,,,,,,,,,2024. 09. 01.,,
4030621039,,,,Konnektor,,,,,,,,,2024. 09. 01.,,
4030620501,,,,Konnektor,,,,,,,,,2024. 09. 01.,,
4030611045,,,,Konnektor,,,,,,,,,2024. 09. 01.,,
4030611046,,,,Konnektor,,,,,,,,,2024. 09. 01.,,
4030611038,,,,Konnektor,,,,,,,,,2024. 09. 01.,,
4030611047,,,,Konnektor,,,,,,,,,2024. 09. 01.,,
4030611033,,,,Konnektor,,,,,,,,,2024. 09. 01.,,
4030611034,,,,Konnektor,,,,,,,,,2024. 09. 01.,,
4030610755,,,,Konnektor,,,,,,,,,2024. 09. 01.,,
4030620636,,,,Konnektor,,,,,,,,,2024. 09. 01.,,
4030610604,Konnektor - 6189-0172 (2 utas),,Products_Images/4030610604.Image.073624.jpg,Konnektor,,,,,6189-0172,,Apa,,2024. 09. 01.,,
CA000505,,,,Konnektor,,,,,,,,,2024. 09. 01.,,
H_ME.911270246,FIX ÜLLŐ,,,Saruzófej Alkatrész,Mecal,,FIX ÜLLŐ,,911270246,,,,2024. 09. 01.,Használt,
H_ME.911340106,ELSŐ ÜLLŐ TARTÓ,,,Saruzófej Alkatrész,Mecal,,MOZGÓ ÜLLŐ TARTÓ,,911340106,,,,2024. 09. 02.,Használt,
H_ME.911380123,HÁTSÓ MOZGÓ ÜLLŐ TARTÓ,,,Saruzófej Alkatrész,Mecal,,MOZGÓ ÜLLŐ TARTÓ,,911380123,,,,2024. 09. 03.,Használt,
H_ME.911370129,HÁTSÓ MOZGÓ ÜLLŐ,,,Saruzófej Alkatrész,Mecal,,MOZGÓ ÜLLŐ,,911370129,,,,2024. 09. 03.,Használt,
H_ME.991460190,RÉZMEGFOGÓ,,,Saruzófej Alkatrész,Mecal,,RÉZMEGFOGÓ,,991460190,,,,2024. 09. 03.,Használt,
H_ME.991450169,SZIGETELÉSMEGFOGÓ,,,Saruzófej Alkatrész,Mecal,,SZIGETELÉSMEGFOGÓ,,991450169,,,,2024. 09. 03.,Használt,
H_ME.911271154,FIX ÜLLŐ,,,Saruzófej Alkatrész,Mecal,,FIX ÜLLŐ,,911271154,,,,2024. 09. 03.,Használt,
H_ME.911330108,ELSŐ MOZGÓ ÜLLŐ,,,Saruzófej Alkatrész,Mecal,,MOZGÓ ÜLLŐ,,911330108,,,,2024. 09. 03.,Használt,
H_ME.991450174,SZIGETELÉSMEGFOGÓ,,,Saruzófej Alkatrész,Mecal,,SZIGETELÉSMEGFOGÓ,,991450174,,,,2024. 09. 03.,Használt,
H_ME.991460236,RÉZMEGFOGÓ,,,Saruzófej Alkatrész,Mecal,,RÉZMEGFOGÓ,,991460236,,,,2024. 09. 03.,Használt,
H_KO.76052050,FIX ÜLLŐ,,,Saruzófej Alkatrész,Kormak,,FIX ÜLLŐ,,76052050,,,,2024. 09. 03.,Használt,
H_KO.79040860,VÁGÓKÉS VEZETŐ,,,Saruzófej Alkatrész,Kormak,,VÁGÓKÉS VEZETŐ,,79040860,,,,2024. 09. 03.,Használt,
H_KO.72122040,RÉZMEGFOGÓ,,,Saruzófej Alkatrész,Kormak,,RÉZMEGFOGÓ,,72122040,,,,2024. 09. 03.,Használt,
H_ME.901421777,FIX ÜLLŐ,,,Saruzófej Alkatrész,Mecal,,FIX ÜLLŐ,,901421777,,,,2024. 09. 03.,Használt,
H_ME.901330267,VÁGÓKÉS,,,Saruzófej Alkatrész,Mecal,,VÁGÓKÉS,,901330267,,,,2024. 09. 03.,Használt,
H_ME.901340100,VÁGÓKÉS ALAP,,,Saruzófej Alkatrész,Mecal,,VÁGÓKÉS ALAP,,901340100,,,,2024. 09. 03.,Használt,
H_ME.901340105,VÁGÓKÉS VEZETŐ,,,Saruzófej Alkatrész,Mecal,,VÁGÓKÉS VEZETŐ,,901340105,,,,2024. 09. 03.,Használt,
H_ME.901350105,VÁGÓKÉS VEZETŐ,,,Saruzófej Alkatrész,Mecal,,VÁGÓKÉS VEZETŐ,,901350105,,,,2024. 09. 03.,Használt,
H_ME.991450333,SZIGETELÉSMEGFOGÓ,,,Saruzófej Alkatrész,Mecal,,SZIGETELÉSMEGFOGÓ,,991450333,,,,2024. 09. 03.,Használt,
H_ME.991460912,RÉZMEGFOGÓ,,,Saruzófej Alkatrész,Mecal,,RÉZMEGFOGÓ,,991460912,,,,2024. 09. 03.,Használt,
H_ME.911270845,FIX ÜLLŐ,,,Saruzófej Alkatrész,Mecal,,FIX ÜLLŐ,,911270845,,,,2024. 09. 03.,Használt,
H_ME.911330174,ELSŐ MOZGÓ ÜLLŐ,,,Saruzófej Alkatrész,Mecal,,MOZGÓ ÜLLŐ,,911330174,,,,2024. 09. 03.,Használt,
H_ME.991450359,SZIGETELÉSMEGFOGÓ,,,Saruzófej Alkatrész,Mecal,,SZIGETELÉSMEGFOGÓ,,991450359,,,,2024. 09. 03.,Használt,
H_ME.991460629,RÉZMEGFOGÓ,,,Saruzófej Alkatrész,Mecal,,RÉZMEGFOGÓ,,991460629,,,,2024. 09. 03.,Használt,
,,,,,,,,,,,,,,,
,,,,,,,,,,,,,,,
,,,,,,,,,,,,,,,
ME.911300121,ÜLLŐ LENYOMÓ,ÜLLŐ LENYOMÓ,,Saruzófej Alkatrész,Mecal,,EGYÉB,,911300121,,,,2024. 09. 04.,Új,
H_ME.991450156,SZIGETELÉSMEGFOGÓ,,,Saruzófej Alkatrész,Mecal,,SZIGETELÉSMEGFOGÓ,,991450156,,,,2024. 09. 04.,Használt,
H_ME.991460205,RÉZMEGFOGÓ,,,Saruzófej Alkatrész,Mecal,,RÉZMEGFOGÓ,,991460205,,,,2024. 09. 04.,Használt,
H_ME.911270208,FIX ÜLLŐ,,,Saruzófej Alkatrész,Mecal,,FIX ÜLLŐ,,911270208,,,,2024. 09. 04.,Használt,
H_ME.911270540,FIX ÜLLŐ,,,Saruzófej Alkatrész,Mecal,,FIX ÜLLŐ,,911270540,,,,2024. 09. 04.,Használt,
H_ME.991450300,SZIGETELÉSMEGFOGÓ,,,Saruzófej Alkatrész,Mecal,,SZIGETELÉSMEGFOGÓ,,991450300,,,,2024. 09. 04.,Használt,
H_ME.991460149,RÉZMEGFOGÓ,,,Saruzófej Alkatrész,Mecal,,RÉZMEGFOGÓ,,991460149,,,,2024. 09. 04.,Használt,
H_ME.911270521,FIX ÜLLŐ,,,Saruzófej Alkatrész,Mecal,,FIX ÜLLŐ,,911270521,,,,2024. 09. 10.,Használt,
2244210022,SARU - 0010189001,,Products_Images/2244210022.Image.071908.jpg,Saru,,,,,0010189001,,,EGYÉB,2024. 09. 11.,,
2200112420,SARU - 0011030201,,Products_Images/2200112420.Image.072419.jpg,Saru,,,,,0011030201,,,Gyűrűs,2024. 09. 11.,,
2022110420.1,SARU - 0011398101,,Products_Images/2022110420.1.Image.072518.jpg,Saru,,,,,0011398101,,,Anya,2024. 09. 11.,,
2122120077,SARU - 0011406101,,Products_Images/2122120077.Image.072614.jpg,Saru,,,,,0011406101,,,Anya,2024. 09. 11.,,
2252120022.2,SARU - 011/3201/00,,Products_Images/2252120022.2.Image.072926.jpg,Saru,,,,,011/3201/00,,,Anya,2024. 09. 11.,,
2642520016,SARU - 08-50-0113,,Products_Images/2642520016.Image.073206.jpg,Saru,,,,,08-50-0113,,,Anya,2024. 09. 11.,,
H_ME.911270165,FIX ÜLLŐ,,,Saruzófej Alkatrész,Mecal,,FIX ÜLLŐ,,911270165,,,,2024. 09. 16.,Használt,
H_ME.991450109,SZIGETELÉSMEGFOGÓ,,,Saruzófej Alkatrész,Mecal,,SZIGETELÉSMEGFOGÓ,,991450109,,,,2024. 09. 16.,Használt,
H_ME.991460323,RÉZMEGFOGÓ,,,Saruzófej Alkatrész,Mecal,,RÉZMEGFOGÓ,,991460323,,,,2024. 09. 16.,Használt,
H_ME.901420731,FIX ÜLLŐ,,,Saruzófej Alkatrész,Mecal,,FIX ÜLLŐ,,901420731,,,,2024. 09. 30.,,
H_ME.991460132,RÉZMEGFOGÓ,,,Saruzófej Alkatrész,Mecal,,RÉZMEGFOGÓ,,991460132,,,,2024. 09. 30.,Használt,
H_ME.901422332,FIX ÜLLŐ,,,Saruzófej Alkatrész,Mecal,,FIX ÜLLŐ,,901422332,,,,2024. 09. 30.,Használt,
H_ME.991460742,RÉZMEGFOGÓ,,,Saruzófej Alkatrész,Mecal,,RÉZMEGFOGÓ,,991460742,,,,2024. 09. 30.,Használt,
H_ME.901330103,VÁGÓKÉS,,,Saruzófej Alkatrész,Mecal,,VÁGÓKÉS,,901330103,,,,2024. 09. 30.,Használt,
H_ME.901340101,VÁGÓKÉS ALAP,,,Saruzófej Alkatrész,Mecal,,VÁGÓKÉS ALAP,,901340101,,,,2024. 09. 30.,Használt,
H_ME.901350103,VÁGÓKÉS VEZETŐ,,,Saruzófej Alkatrész,Mecal,,VÁGÓKÉS VEZETŐ,,901350103,,,,2024. 09. 30.,Használt,
H_ME.911271668,FIX ÜLLŐ,,,Saruzófej Alkatrész,Mecal,,FIX ÜLLŐ,,911271668,,,,2024. 09. 30.,Használt,
H_ME.991450320,SZIGETELÉSMEGFOGÓ,,,Saruzófej Alkatrész,Mecal,,SZIGETELÉSMEGFOGÓ,,991450320,,,,2024. 09. 30.,Használt,
H_ME.991460411,RÉZMEGFOGÓ,,,Saruzófej Alkatrész,Mecal,,RÉZMEGFOGÓ,,991460411,,,,2024. 09. 30.,Használt,
H_ME.901420107,FIX ÜLLŐ,,,Saruzófej Alkatrész,Mecal,,FIX ÜLLŐ,,901420107,,,,2024. 09. 30.,Használt,
H_ME.991450102,SZIGETELÉSMEGFOGÓ,,,Saruzófej Alkatrész,Mecal,,SZIGETELÉSMEGFOGÓ,,991450102,,,,2024. 09. 30.,Használt,
H_ME.991460107,RÉZMEGFOGÓ,,,Saruzófej Alkatrész,Mecal,,RÉZMEGFOGÓ,,991460107,,,,2024. 09. 30.,Használt,
H_ME.991450356,SZIGETELÉSMEGFOGÓ,,,Saruzófej Alkatrész,Mecal,,SZIGETELÉSMEGFOGÓ,,991450356,,,,2024. 10. 01.,Használt,
H_ME.901330281,VÁGÓKÉS,,,Saruzófej Alkatrész,Mecal,,VÁGÓKÉS,,901330281,,,,2024. 10. 01.,Használt,
H_ME.901350227,VÁGÓKÉS VEZETŐ,,,Saruzófej Alkatrész,Mecal,,VÁGÓKÉS VEZETŐ,,901350227,,,,2024. 10. 01.,Használt,
H_ME.901420195,FIX ÜLLŐ,,,Saruzófej Alkatrész,Mecal,,FIX ÜLLŐ,,901420195,,,,2024. 10. 01.,Használt,
H_ME.991450152,SZIGETELÉSMEGFOGÓ,,,Saruzófej Alkatrész,Mecal,,SZIGETELÉSMEGFOGÓ,,991450152,,,,2024. 10. 01.,Használt,
H_ME.991460104,RÉZMEGFOGÓ,,,Saruzófej Alkatrész,Mecal,,RÉZMEGFOGÓ,,991460104,,,,2024. 10. 01.,Használt,
H_ME.901330105,VÁGÓKÉS,,,Saruzófej Alkatrész,Mecal,,VÁGÓKÉS,,901330105,,,,2024. 10. 01.,Használt,
H_ME.901350106,VÁGÓKÉS VEZETŐ,,,Saruzófej Alkatrész,Mecal,,VÁGÓKÉS VEZETŐ,,901350106,,,,2024. 10. 01.,Használt,
H_ME.901422319,FIX ÜLLŐ,,,Saruzófej Alkatrész,Mecal,,FIX ÜLLŐ,,901422319,,,,2024. 10. 02.,Használt,
H_ME.991450551,SZIGETELÉSMEGFOGÓ,,,Saruzófej Alkatrész,Mecal,,SZIGETELÉSMEGFOGÓ,,991450551,,,,2024. 10. 02.,Használt,
H_ME.991460182,RÉZMEGFOGÓ,,,Saruzófej Alkatrész,Mecal,,RÉZMEGFOGÓ,,991460182,,,,2024. 10. 02.,Használt,
H_ME.911271638,FIX ÜLLŐ,,,Saruzófej Alkatrész,Mecal,,FIX ÜLLŐ,,911271638,,,,2024. 10. 02.,Használt,
H_ME.991450104,SZIGETELÉSMEGFOGÓ,,,Saruzófej Alkatrész,Mecal,,SZIGETELÉSMEGFOGÓ,,991450104,,,,2024. 10. 02.,Használt,
H_ME.991460254,RÉZMEGFOGÓ,,,Saruzófej Alkatrész,Mecal,,RÉZMEGFOGÓ,,991460254,,,,2024. 10. 02.,Használt,
H_ME.911270471,FIX ÜLLŐ,,,Saruzófej Alkatrész,Mecal,,FIX ÜLLŐ,,911270471,,,,2024. 10. 02.,Használt,
H_ME.911270904,FIX ÜLLŐ,,,Saruzófej Alkatrész,Mecal,,FIX ÜLLŐ,,911270904,,,,2024. 10. 02.,Használt,
H_ME.991460155,RÉZMEGFOGÓ,,,Saruzófej Alkatrész,Mecal,,RÉZMEGFOGÓ,,991460155,,,,2024. 10. 02.,Használt,
H_ME.911270542,FIX ÜLLŐ,,,Saruzófej Alkatrész,Mecal,,FIX ÜLLŐ,,911270542,,,,2024. 10. 02.,Használt,
H_ME.991450194,SZIGETELÉSMEGFOGÓ,,,Saruzófej Alkatrész,Mecal,,SZIGETELÉSMEGFOGÓ,,991450194,,,,2024. 10. 02.,Használt,
H_ME.991460819,RÉZMEGFOGÓ,,,Saruzófej Alkatrész,Mecal,,RÉZMEGFOGÓ,,991460819,,,,2024. 10. 02.,Használt,
H_ME.901420461,FIX ÜLLŐ,,,Saruzófej Alkatrész,Mecal,,FIX ÜLLŐ,,901420461,,,,2024. 10. 02.,Használt,
H_ME.991450157,SZIGETELÉSMEGFOGÓ,,,Saruzófej Alkatrész,Mecal,,SZIGETELÉSMEGFOGÓ,,991450157,,,,2024. 10. 02.,Használt,
H_ME.901421834,FIX ÜLLŐ,,,Saruzófej Alkatrész,Mecal,,FIX ÜLLŐ,,901421834,,,,2024. 10. 02.,Használt,
H_ME.991450160,SZIGETELÉSMEGFOGÓ,,,Saruzófej Alkatrész,Mecal,,SZIGETELÉSMEGFOGÓ,,991450160,,,,2024. 10. 02.,Használt,
H_ME.991460667,RÉZMEGFOGÓ,,,Saruzófej Alkatrész,Mecal,,RÉZMEGFOGÓ,,991460667,,,,2024. 10. 02.,Használt,
H_ME.901330160,VÁGÓKÉS,,,Saruzófej Alkatrész,Mecal,,VÁGÓKÉS,,901330160,,,,2024. 10. 02.,Használt,
H_ME.901350107,VÁGÓKÉS VEZETŐ,,,Saruzófej Alkatrész,Mecal,,VÁGÓKÉS VEZETŐ,,901350107,,,,2024. 10. 02.,Használt,
ME.901420214,FIX ÜLLŐ,,,Saruzófej Alkatrész,Mecal,,FIX ÜLLŐ,,901420214,,,,2024. 10. 02.,Új,
H_ME.901420214,FIX ÜLLŐ,,,Saruzófej Alkatrész,Mecal,,FIX ÜLLŐ,,901420214,,,,2024. 10. 02.,Használt,
ME.991450158,SZIGETELÉSMEGFOGÓ,,,Saruzófej Alkatrész,Mecal,,SZIGETELÉSMEGFOGÓ,,991450158,,,,2024. 10. 02.,Új,
H_ME.991450158,SZIGETELÉSMEGFOGÓ,,,Saruzófej Alkatrész,Mecal,,SZIGETELÉSMEGFOGÓ,,991450158,,,,2024. 10. 02.,Használt,
45427616,MOZGÓ ÜLLŐ,,,Saruzófej Alkatrész,AMP,,MOZGÓ ÜLLŐ,,45427616,,,,2024. 10. 07.,Új,
H_45427616,MOZGÓ ÜLLŐ,,,Saruzófej Alkatrész,AMP,,MOZGÓ ÜLLŐ,,45427616,,,,2024. 10. 07.,Használt,
690459-1-N,ELSŐ MOZGÓ ÜLLŐ TARTÓ,,,Saruzófej Alkatrész,AMP,,MOZGÓ ÜLLŐ TARTÓ,,690459-1-N,,,,2024. 10. 07.,Új,
H_690459-1-N,ELSŐ MOZGÓ ÜLLŐ TARTÓ,,,Saruzófej Alkatrész,AMP,,MOZGÓ ÜLLŐ TARTÓ,,690459-1-N,,,,2024. 10. 07.,Használt,
458834-7,FIX ÜLLŐ,,,Saruzófej Alkatrész,AMP,,FIX ÜLLŐ,,458834-7,,,,2024. 10. 07.,Új,
H_458834-7,FIX ÜLLŐ,,,Saruzófej Alkatrész,AMP,,FIX ÜLLŐ,,458834-7,,,,2024. 10. 07.,Használt,
78538-3,SZIGETELÉSMEGFOGÓ,,,Saruzófej Alkatrész,AMP,,SZIGETELÉSMEGFOGÓ,,78538-3,,,,2024. 10. 07.,Új,
H_78538-3,SZIGETELÉSMEGFOGÓ,,,Saruzófej Alkatrész,AMP,,SZIGETELÉSMEGFOGÓ,,78538-3,,,,2024. 10. 07.,Használt,
784095-3,RÉZMEGFOGÓ,,,Saruzófej Alkatrész,AMP,,RÉZMEGFOGÓ,,784095-3,,,,2024. 10. 07.,Új,
H_784095-3,RÉZMEGFOGÓ,,,Saruzófej Alkatrész,AMP,,RÉZMEGFOGÓ,,784095-3,,,,2024. 10. 07.,Használt,
KO.79050615,FIX ÜLLŐ,,,Saruzófej Alkatrész,Kormak,,FIX ÜLLŐ,,79050615,,,,2024. 10. 07.,Új,
H_KO.79050615,FIX ÜLLŐ,,,Saruzófej Alkatrész,Kormak,,FIX ÜLLŐ,,79050615,,,,2024. 10. 07.,Használt,
KO.72013424,SZIGETELÉSMEGFOGÓ,,,Saruzófej Alkatrész,Kormak,,SZIGETELÉSMEGFOGÓ,,72013424,,,,2024. 10. 07.,Új,
H_KO.72013424,SZIGETELÉSMEGFOGÓ,,,Saruzófej Alkatrész,Kormak,,SZIGETELÉSMEGFOGÓ,,72013424,,,,2024. 10. 07.,Használt,
KO.72022434,RÉZMEGFOGÓ,,,Saruzófej Alkatrész,Kormak,,RÉZMEGFOGÓ,,72022434,,,,2024. 10. 07.,Új,
H_KO.72022434,RÉZMEGFOGÓ,,,Saruzófej Alkatrész,Kormak,,RÉZMEGFOGÓ,,72022434,,,,2024. 10. 07.,Használt,
KO.79940030,MOZGÓ ÜLLŐ TARTÓ,,,Saruzófej Alkatrész,Kormak,,MOZGÓ ÜLLŐ TARTÓ,,79940030,,,,2024. 10. 07.,Új,
H_KO.79940030,MOZGÓ ÜLLŐ TARTÓ,,,Saruzófej Alkatrész,Kormak,,MOZGÓ ÜLLŐ TARTÓ,,79940030,,,,2024. 10. 07.,Használt,
KO.79940031,MOZGÓ ÜLLŐ ,,,Saruzófej Alkatrész,Kormak,,MOZGÓ ÜLLŐ ,,79940031,,,,2024. 10. 07.,Új,
H_KO.79940031,MOZGÓ ÜLLŐ ,,,Saruzófej Alkatrész,Kormak,,MOZGÓ ÜLLŐ ,,79940031,,,,2024. 10. 07.,Használt,
KO.79030312,VÁGÓKÉS,,,Saruzófej Alkatrész,Kormak,,VÁGÓKÉS,,79030312,,,,2024. 10. 07.,Új,
H_KO.79030312,VÁGÓKÉS,,,Saruzófej Alkatrész,Kormak,,VÁGÓKÉS,,79030312,,,,2024. 10. 07.,Használt,
KO.79040700,VÁGÓKÉS VEZETŐ,,,Saruzófej Alkatrész,Kormak,,VÁGÓKÉS VEZETŐ,,79040700,,,,2024. 10. 07.,Új,
H_KO.79040700,VÁGÓKÉS VEZETŐ,,,Saruzófej Alkatrész,Kormak,,VÁGÓKÉS VEZETŐ,,79040700,,,,2024. 10. 07.,Használt,
KO.79040815,VÁGÓKÉS VEZETŐ,,,Saruzófej Alkatrész,Kormak,,VÁGÓKÉS VEZETŐ,,79040815,,,,2024. 10. 07.,Új,
H_KO.79040815,VÁGÓKÉS VEZETŐ,,,Saruzófej Alkatrész,Kormak,,VÁGÓKÉS VEZETŐ,,79040815,,,,2024. 10. 07.,Használt,
KO.79040846,VÁGÓKÉS VEZETŐ,,,Saruzófej Alkatrész,Kormak,,VÁGÓKÉS VEZETŐ,,79040846,,,,2024. 10. 07.,Új,
H_KO.79040846,VÁGÓKÉS VEZETŐ,,,Saruzófej Alkatrész,Kormak,,VÁGÓKÉS VEZETŐ,,79040846,,,,2024. 10. 07.,Használt,
KO.79050685,FIX ÜLLŐ,,,Saruzófej Alkatrész,Kormak,,FIX ÜLLŐ,,79050685,,,,2024. 10. 07.,Új,
H_KO.79050685,FIX ÜLLŐ,,,Saruzófej Alkatrész,Kormak,,FIX ÜLLŐ,,79050685,,,,2024. 10. 07.,Használt,
KO.74015534,SZIGETELÉSMEGFOGÓ,,,Saruzófej Alkatrész,Kormak,,SZIGETELÉSMEGFOGÓ,,74015534,,,,2024. 10. 07.,Új,
H_KO.74015534,SZIGETELÉSMEGFOGÓ,,,Saruzófej Alkatrész,Kormak,,SZIGETELÉSMEGFOGÓ,,74015534,,,,2024. 10. 07.,Használt,
KO.74024050,RÉZMEGFOGÓ,,,Saruzófej Alkatrész,Kormak,,RÉZMEGFOGÓ,,74024050,,,,2024. 10. 07.,Új,
H_KO.74024050,RÉZMEGFOGÓ,,,Saruzófej Alkatrész,Kormak,,RÉZMEGFOGÓ,,74024050,,,,2024. 10. 07.,Használt,
KO.79040910,VÁGÓKÉS ALAP,,,Saruzófej Alkatrész,Kormak,,VÁGÓKÉS ALAP,,79040910,,,,2024. 10. 07.,Új,
H_KO.79040910,VÁGÓKÉS ALAP,,,Saruzófej Alkatrész,Kormak,,VÁGÓKÉS ALAP,,79040910,,,,2024. 10. 07.,Használt,
KO.79040812,VÁGÓKÉS VEZETŐ,,,Saruzófej Alkatrész,Kormak,,VÁGÓKÉS VEZETŐ,,79040812,,,,2024. 10. 07.,Új,
H_KO.79040812,VÁGÓKÉS VEZETŐ,,,Saruzófej Alkatrész,Kormak,,VÁGÓKÉS VEZETŐ,,79040812,,,,2024. 10. 07.,Használt,
KO.79050928,FIX ÜLLŐ,,,Saruzófej Alkatrész,Kormak,,FIX ÜLLŐ,,79050928,,,,2024. 10. 07.,Új,
H_KO.79050928,FIX ÜLLŐ,,,Saruzófej Alkatrész,Kormak,,FIX ÜLLŐ,,79050928,,,,2024. 10. 07.,Használt,
KO.79050871,MOZGÓ ÜLLŐ,,,Saruzófej Alkatrész,Kormak,,MOZGÓ ÜLLŐ,,79050871,,,,2024. 10. 07.,Új,
H_KO.79050871,MOZGÓ ÜLLŐ,,,Saruzófej Alkatrész,Kormak,,MOZGÓ ÜLLŐ,,79050871,,,,2024. 10. 07.,Használt,
KO.72087004,MOZGÓ ÜLLŐ TARTÓ,,,Saruzófej Alkatrész,Kormak,,MOZGÓ ÜLLŐ TARTÓ,,72087004,,,,2024. 10. 07.,Új,
H_KO.72087004,MOZGÓ ÜLLŐ TARTÓ,,,Saruzófej Alkatrész,Kormak,,MOZGÓ ÜLLŐ TARTÓ,,72087004,,,,2024. 10. 07.,Használt,
KO.72014624,SZIGETELÉSMEGFOGÓ,,,Saruzófej Alkatrész,Kormak,,SZIGETELÉSMEGFOGÓ,,72014624,,,,2024. 10. 07.,Új,
H_KO.72014624,SZIGETELÉSMEGFOGÓ,,,Saruzófej Alkatrész,Kormak,,SZIGETELÉSMEGFOGÓ,,72014624,,,,2024. 10. 07.,Használt,
KO.72023244,RÉZMEGFOGÓ,,,Saruzófej Alkatrész,Kormak,,RÉZMEGFOGÓ,,72023244,,,,2024. 10. 07.,Új,
H_KO.72023244,RÉZMEGFOGÓ,,,Saruzófej Alkatrész,Kormak,,RÉZMEGFOGÓ,,72023244,,,,2024. 10. 07.,Használt,
KO.79050515,FIX ÜLLŐ,,,Saruzófej Alkatrész,Kormak,,FIX ÜLLŐ,,79050515,,,,2024. 10. 07.,Új,
H_KO.79050515,FIX ÜLLŐ,,,Saruzófej Alkatrész,Kormak,,FIX ÜLLŐ,,79050515,,,,2024. 10. 07.,Használt,
KO.79040832,MOZGÓ ÜLLŐ TARTÓ,,,Saruzófej Alkatrész,Kormak,,MOZGÓ ÜLLŐ TARTÓ,,79040832,,,,2024. 10. 07.,Új,
H_KO.79040832,MOZGÓ ÜLLŐ TARTÓ,,,Saruzófej Alkatrész,Kormak,,MOZGÓ ÜLLŐ TARTÓ,,79040832,,,,2024. 10. 07.,Használt,
KO.72013418,SZIGETELÉSMEGFOGÓ,,,Saruzófej Alkatrész,Kormak,,SZIGETELÉSMEGFOGÓ,,72013418,,,,2024. 10. 07.,Új,
H_KO.72013418,SZIGETELÉSMEGFOGÓ,,,Saruzófej Alkatrész,Kormak,,SZIGETELÉSMEGFOGÓ,,72013418,,,,2024. 10. 07.,Használt,
KO.72022430,RÉZMEGFOGÓ,,,Saruzófej Alkatrész,Kormak,,RÉZMEGFOGÓ,,72022430,,,,2024. 10. 07.,Új,
H_KO.72022430,RÉZMEGFOGÓ,,,Saruzófej Alkatrész,Kormak,,RÉZMEGFOGÓ,,72022430,,,,2024. 10. 07.,Használt,
KO.79040833,MOZGÓ ÜLLŐ,,,Saruzófej Alkatrész,Kormak,,MOZGÓ ÜLLŐ,,79040833,,,,2024. 10. 07.,Új,
H_KO.79040833,MOZGÓ ÜLLŐ,,,Saruzófej Alkatrész,Kormak,,MOZGÓ ÜLLŐ,,79040833,,,,2024. 10. 07.,Használt,
KO.79050634,FIX ÜLLŐ,,,Saruzófej Alkatrész,Kormak,,FIX ÜLLŐ,,79050634,,,,2024. 10. 07.,Új,
H_KO.79050634,FIX ÜLLŐ,,,Saruzófej Alkatrész,Kormak,,FIX ÜLLŐ,,79050634,,,,2024. 10. 07.,Használt,
KO.72015530,SZIGETELÉSMEGFOGÓ,,,Saruzófej Alkatrész,Kormak,,SZIGETELÉSMEGFOGÓ,,72015530,,,,2024. 10. 07.,Új,
H_KO.72015530,SZIGETELÉSMEGFOGÓ,,,Saruzófej Alkatrész,Kormak,,SZIGETELÉSMEGFOGÓ,,72015530,,,,2024. 10. 07.,Használt,
KO.72024050,RÉZMEGFOGÓ,,,Saruzófej Alkatrész,Kormak,,RÉZMEGFOGÓ,,72024050,,,,2024. 10. 07.,Új,
H_KO.72024050,RÉZMEGFOGÓ,,,Saruzófej Alkatrész,Kormak,,RÉZMEGFOGÓ,,72024050,,,,2024. 10. 07.,Használt,
KO.72131504,VÁGÓKÉS,,,Saruzófej Alkatrész,Kormak,,VÁGÓKÉS,,72131504,,,,2024. 10. 07.,Új,
H_KO.72131504,VÁGÓKÉS,,,Saruzófej Alkatrész,Kormak,,VÁGÓKÉS,,72131504,,,,2024. 10. 07.,Használt,
KO.72081504,VÁGÓKÉS,,,Saruzófej Alkatrész,Kormak,,VÁGÓKÉS,,72081504,,,,2024. 10. 07.,Új,
H_KO.72081504,VÁGÓKÉS,,,Saruzófej Alkatrész,Kormak,,VÁGÓKÉS,,72081504,,,,2024. 10. 07.,Használt,
KO.72070004,VÁGÓKÉS VEZETŐ,,,Saruzófej Alkatrész,Kormak,,VÁGÓKÉS VEZETŐ,,72070004,,,,2024. 10. 07.,Új,
H_KO.72070004,VÁGÓKÉS VEZETŐ,,,Saruzófej Alkatrész,Kormak,,VÁGÓKÉS VEZETŐ,,72070004,,,,2024. 10. 07.,Használt,
6240655-6,FIX ÜLLŐ,,,Saruzófej Alkatrész,AMP,,FIX ÜLLŐ,,6240655-6,,,,2024. 10. 07.,Új,
H_6240655-6,FIX ÜLLŐ,,,Saruzófej Alkatrész,AMP,,FIX ÜLLŐ,,6240655-6,,,,2024. 10. 07.,Használt,
66904039,SZIGETELÉSMEGFOGÓ,,,Saruzófej Alkatrész,AMP,,SZIGETELÉSMEGFOGÓ,,66904039,,,,2024. 10. 07.,Új,
H_66904039,SZIGETELÉSMEGFOGÓ,,,Saruzófej Alkatrész,AMP,,SZIGETELÉSMEGFOGÓ,,66904039,,,,2024. 10. 07.,Használt,
781131,VÁGÓKÉS,,,Saruzófej Alkatrész,AMP,,VÁGÓKÉS,,781131,,,,2024. 10. 07.,Új,
H_781131,VÁGÓKÉS,,,Saruzófej Alkatrész,AMP,,VÁGÓKÉS,,781131,,,,2024. 10. 07.,Használt,
690495-5,VÁGÓKÉS VEZETŐ,,,Saruzófej Alkatrész,AMP,,VÁGÓKÉS VEZETŐ,,690495-5,,,,2024. 10. 07.,Új,
H_690495-5,VÁGÓKÉS VEZETŐ,,,Saruzófej Alkatrész,AMP,,VÁGÓKÉS VEZETŐ,,690495-5,,,,2024. 10. 07.,Használt,
690474-3,VÁGÓKÉS,,,Saruzófej Alkatrész,AMP,,VÁGÓKÉS,,690474-3,,,,2024. 10. 07.,Új,
H_690474-3,VÁGÓKÉS,,,Saruzófej Alkatrész,AMP,,VÁGÓKÉS,,690474-3,,,,2024. 10. 07.,Használt,
4538112,RÉZMEGFOGÓ,,,Saruzófej Alkatrész,AMP,,RÉZMEGFOGÓ,,4538112,,,,2024. 10. 07.,Új,
H_4538112,RÉZMEGFOGÓ,,,Saruzófej Alkatrész,AMP,,RÉZMEGFOGÓ,,4538112,,,,2024. 10. 07.,Használt,
ME.911272029,FIX ÜLLŐ,,,Saruzófej Alkatrész,Mecal,,FIX ÜLLŐ,,911272029,,,,2024. 10. 08.,Új,
H_ME.911272029,FIX ÜLLŐ,,,Saruzófej Alkatrész,Mecal,,FIX ÜLLŐ,,911272029,,,,2024. 10. 08.,Használt,
ME.991450515,SZIGETELÉSMEGFOGÓ,,,Saruzófej Alkatrész,Mecal,,SZIGETELÉSMEGFOGÓ,,991450515,,,,2024. 10. 08.,Új,
H_ME.991450515,SZIGETELÉSMEGFOGÓ,,,Saruzófej Alkatrész,Mecal,,SZIGETELÉSMEGFOGÓ,,991450515,,,,2024. 10. 08.,Használt,
ME.991450526,SZIGETELÉSMEGFOGÓ,,,Saruzófej Alkatrész,Mecal,,SZIGETELÉSMEGFOGÓ,,ME.991450526,,,,2024. 10. 08.,Új,
H_ME.991450526,SZIGETELÉSMEGFOGÓ,,,Saruzófej Alkatrész,Mecal,,SZIGETELÉSMEGFOGÓ,,991450526,,,,2024. 10. 08.,Használt,
KO.79052272,FIX ÜLLŐ,,,Saruzófej Alkatrész,Mecal,,FIX ÜLLŐ,,79052272,,,,2024. 10. 08.,Új,
H_KO.79052272,FIX ÜLLŐ,,,Saruzófej Alkatrész,Mecal,,FIX ÜLLŐ,,79052272,,,,2024. 10. 08.,Használt,
KO.72013230,SZIGETELÉSMEGFOGÓ,,,Saruzófej Alkatrész,Mecal,,SZIGETELÉSMEGFOGÓ,,72013230,,,,2024. 10. 08.,Új,
H_KO.72013230,SZIGETELÉSMEGFOGÓ,,,Saruzófej Alkatrész,Mecal,,SZIGETELÉSMEGFOGÓ,,72013230,,,,2024. 10. 08.,Használt,
KO.72022234,RÉZMEGFOGÓ,,,Saruzófej Alkatrész,Mecal,,RÉZMEGFOGÓ,,72022234,,,,2024. 10. 08.,Új,
H_KO.72022234,RÉZMEGFOGÓ,,,Saruzófej Alkatrész,Mecal,,RÉZMEGFOGÓ,,72022234,,,,2024. 10. 08.,Használt,
KO.79030326,VÁGÓKÉS,,,Saruzófej Alkatrész,Mecal,,VÁGÓKÉS,,79030326,,,,2024. 10. 08.,Új,
H_KO.79030326,VÁGÓKÉS,,,Saruzófej Alkatrész,Mecal,,VÁGÓKÉS,,79030326,,,,2024. 10. 08.,Használt,
KO.79040826,VÁGÓKÉS ALAP,,,Saruzófej Alkatrész,Mecal,,VÁGÓKÉS ALAP,,79040826,,,,2024. 10. 08.,Új,
H_KO.79040826,VÁGÓKÉS ALAP,,,Saruzófej Alkatrész,Mecal,,VÁGÓKÉS ALAP,,79040826,,,,2024. 10. 08.,Használt,
KO.79050661,FIX ÜLLŐ,,,Saruzófej Alkatrész,Kormak,,FIX ÜLLŐ,,79050661,,,,2024. 10. 08.,Új,
H_KO.79050661,FIX ÜLLŐ,,,Saruzófej Alkatrész,Kormak,,FIX ÜLLŐ,,79050661,,,,2024. 10. 08.,Használt,
KO.72713018,SZIGETELÉSMEGFOGÓ,,,Saruzófej Alkatrész,Kormak,,SZIGETELÉSMEGFOGÓ,,72713018,,,,2024. 10. 08.,Új,
H_KO.72713018,SZIGETELÉSMEGFOGÓ,,,Saruzófej Alkatrész,Kormak,,SZIGETELÉSMEGFOGÓ,,72713018,,,,2024. 10. 08.,Használt,
KO.72122230,RÉZMEGFOGÓ,,,Saruzófej Alkatrész,Kormak,,RÉZMEGFOGÓ,,72122230,,,,2024. 10. 08.,Új,
H_KO.72122230,RÉZMEGFOGÓ,,,Saruzófej Alkatrész,Kormak,,RÉZMEGFOGÓ,,72122230,,,,2024. 10. 08.,Használt,
KO.0968-9-14,FIX ÜLLŐ,,,Saruzófej Alkatrész,Kormak,,FIX ÜLLŐ,,0968-9-14,,,,2024. 10. 08.,Új,
H_KO.0968-9-14,FIX ÜLLŐ,,,Saruzófej Alkatrész,Kormak,,FIX ÜLLŐ,,0968-9-14,,,,2024. 10. 08.,Használt,
KO.14140-1,MOZGÓ ÜLLŐ TARTÓ,,,Saruzófej Alkatrész,Kormak,,MOZGÓ ÜLLŐ TARTÓ,,14140-1,,,,2024. 10. 08.,Új,
H_KO.14140-1,MOZGÓ ÜLLŐ TARTÓ,,,Saruzófej Alkatrész,Kormak,,MOZGÓ ÜLLŐ TARTÓ,,14140-1,,,,2024. 10. 08.,Használt,
KO.1134-14,SZIGETELÉSMEGFOGÓ,,,Saruzófej Alkatrész,Kormak,,SZIGETELÉSMEGFOGÓ,,1134-14,,,,2024. 10. 08.,Új,
H_KO.1134-14,SZIGETELÉSMEGFOGÓ,,,Saruzófej Alkatrész,Kormak,,SZIGETELÉSMEGFOGÓ,,1134-14,,,,2024. 10. 08.,Használt,
KO.1272-10,SZIGETELÉSMEGFOGÓ,,,Saruzófej Alkatrész,Kormak,,SZIGETELÉSMEGFOGÓ,,1272-10,,,,2024. 10. 08.,Új,
H_KO.1272-10,SZIGETELÉSMEGFOGÓ,,,Saruzófej Alkatrész,Kormak,,SZIGETELÉSMEGFOGÓ,,1272-10,,,,2024. 10. 08.,Használt,
KO.1213-9,RÉZMEGFOGÓ,,,Saruzófej Alkatrész,Kormak,,RÉZMEGFOGÓ,,1213-9,,,,2024. 10. 08.,Új,
H_KO.1213-9,RÉZMEGFOGÓ,,,Saruzófej Alkatrész,Kormak,,RÉZMEGFOGÓ,,1213-9,,,,2024. 10. 08.,Használt,
KO.06042,MOZGÓ ÜLLŐ,,,Saruzófej Alkatrész,Kormak,,MOZGÓ ÜLLŐ,,6042,,,,2024. 10. 08.,Új,
H_KO.06042,MOZGÓ ÜLLŐ,,,Saruzófej Alkatrész,Kormak,,MOZGÓ ÜLLŐ,,6042,,,,2024. 10. 08.,Használt,
KO.79050581,FIX ÜLLŐ 1,,,Saruzófej Alkatrész,Kormak,,FIX ÜLLŐ,,79050581,,,,2024. 10. 08.,Új,
H_KO.79050581,FIX ÜLLŐ 1,,,Saruzófej Alkatrész,Kormak,,FIX ÜLLŐ,,79050581,,,,2024. 10. 08.,Használt,
KO.79050580,FIX ÜLLŐ 2,,,Saruzófej Alkatrész,Kormak,,FIX ÜLLŐ,,79050580,,,,2024. 10. 08.,Új,
H_KO.79050580,FIX ÜLLŐ 2,,,Saruzófej Alkatrész,Kormak,,FIX ÜLLŐ,,79050580,,,,2024. 10. 08.,Használt,
KO.79010095,SZIGETELÉSMEGFOGÓ,,,Saruzófej Alkatrész,Kormak,,SZIGETELÉSMEGFOGÓ,,79010095,,,,2024. 10. 08.,Új,
H_KO.79010095,SZIGETELÉSMEGFOGÓ,,,Saruzófej Alkatrész,Kormak,,SZIGETELÉSMEGFOGÓ,,79010095,,,,2024. 10. 08.,Használt,
KO.79030432,VÁGÓKÉS,,,Saruzófej Alkatrész,Kormak,,VÁGÓKÉS,,79030432,,,,2024. 10. 08.,Új,
H_KO.79030432,VÁGÓKÉS,,,Saruzófej Alkatrész,Kormak,,VÁGÓKÉS,,79030432,,,,2024. 10. 08.,Használt,
KO.75040939,VÁGÓKÉS ALAP,,,Saruzófej Alkatrész,Kormak,,VÁGÓKÉS ALAP,,75040939,,,,2024. 10. 08.,Új,
H_KO.75040939,VÁGÓKÉS ALAP,,,Saruzófej Alkatrész,Kormak,,VÁGÓKÉS ALAP,,75040939,,,,2024. 10. 08.,Használt,
ME.911270700,FIX ÜLLŐ,,,Saruzófej Alkatrész,Mecal,,FIX ÜLLŐ,,911270700,,,,2024. 10. 09.,Új,
H_ME.911270700,FIX ÜLLŐ,,,Saruzófej Alkatrész,Mecal,,FIX ÜLLŐ,,911270700,,,,2024. 10. 09.,Használt,
ME.991460114,RÉZMEGFOGÓ,,,Saruzófej Alkatrész,Mecal,,RÉZMEGFOGÓ,,991460114,,,,2024. 10. 09.,Új,
H_ME.991460114,RÉZMEGFOGÓ,,,Saruzófej Alkatrész,Mecal,,RÉZMEGFOGÓ,,991460114,,,,2024. 10. 09.,Használt,
ME.911271792,FIX ÜLLŐ,,,Saruzófej Alkatrész,Mecal,,FIX ÜLLŐ,,911271792,,,,2024. 10. 09.,Új,
H_ME.911271792,FIX ÜLLŐ,,,Saruzófej Alkatrész,Mecal,,FIX ÜLLŐ,,911271792,,,,2024. 10. 09.,Használt,
ME.991450534,SZIGETELÉSMEGFOGÓ,,,Saruzófej Alkatrész,Mecal,,SZIGETELÉSMEGFOGÓ,,991450534,,,,2024. 10. 09.,Új,
H_ME.991450534,SZIGETELÉSMEGFOGÓ,,,Saruzófej Alkatrész,Mecal,,SZIGETELÉSMEGFOGÓ,,991450534,,,,2024. 10. 09.,Használt,
ME.911272126,FIX ÜLLŐ,,,Saruzófej Alkatrész,Mecal,,FIX ÜLLŐ,,911272126,,,,2024. 10. 09.,Új,
H_ME.911272126,FIX ÜLLŐ,,,Saruzófej Alkatrész,Mecal,,FIX ÜLLŐ,,911272126,,,,2024. 10. 09.,Használt,
ME.991450576,SZIGETELÉSMEGFOGÓ,,,Saruzófej Alkatrész,Mecal,,SZIGETELÉSMEGFOGÓ,,991450576,,,,2024. 10. 09.,Új,
H_ME.991450576,SZIGETELÉSMEGFOGÓ,,,Saruzófej Alkatrész,Mecal,,SZIGETELÉSMEGFOGÓ,,991450576,,,,2024. 10. 09.,Használt,
ME.911271664,FIX ÜLLŐ,,,Saruzófej Alkatrész,Mecal,,FIX ÜLLŐ,,911271664,,,,2024. 10. 09.,Új,
H_ME.911271664,FIX ÜLLŐ,,,Saruzófej Alkatrész,Mecal,,FIX ÜLLŐ,,911271664,,,,2024. 10. 09.,Használt,
ME.991450256,SZIGETELÉSMEGFOGÓ,,,Saruzófej Alkatrész,Mecal,,SZIGETELÉSMEGFOGÓ,,991450256,,,,2024. 10. 09.,Új,
H_ME.991450256,SZIGETELÉSMEGFOGÓ,,,Saruzófej Alkatrész,Mecal,,SZIGETELÉSMEGFOGÓ,,991450256,,,,2024. 10. 09.,Használt,
ME.991460191,RÉZMEGFOGÓ,,,Saruzófej Alkatrész,Mecal,,RÉZMEGFOGÓ,,991460191,,,,2024. 10. 09.,Új,
H_ME.991460191,RÉZMEGFOGÓ,,,Saruzófej Alkatrész,Mecal,,RÉZMEGFOGÓ,,991460191,,,,2024. 10. 09.,Használt,
ME.911270169,FIX ÜLLŐ,,,Saruzófej Alkatrész,Mecal,,FIX ÜLLŐ,,911270169,,,,2024. 10. 09.,Új,
H_ME.911270169,FIX ÜLLŐ,,,Saruzófej Alkatrész,Mecal,,FIX ÜLLŐ,,911270169,,,,2024. 10. 09.,Használt,
ME.991460144,RÉZMEGFOGÓ,,,Saruzófej Alkatrész,Mecal,,RÉZMEGFOGÓ,,991460144,,,,2024. 10. 09.,Új,
H_ME.991460144,RÉZMEGFOGÓ,,,Saruzófej Alkatrész,Mecal,,RÉZMEGFOGÓ,,991460144,,,,2024. 10. 09.,Használt,
ME.991450135,SZIGETELÉSMEGFOGÓ,,,Saruzófej Alkatrész,Mecal,,SZIGETELÉSMEGFOGÓ,,991450135,,,,2024. 10. 09.,Új,
H_ME.991450135,SZIGETELÉSMEGFOGÓ,,,Saruzófej Alkatrész,Mecal,,SZIGETELÉSMEGFOGÓ,,991450135,,,,2024. 10. 09.,Használt,
ME.911280107,VÁGÓKÉS ALAP,,,Saruzófej Alkatrész,Mecal,,VÁGÓKÉS ALAP,,911280107,,,,2024. 10. 09.,Új,
H_ME.911280107,VÁGÓKÉS ALAP,,,Saruzófej Alkatrész,Mecal,,VÁGÓKÉS ALAP,,911280107,,,,2024. 10. 09.,Használt,
ME.901330119,VÁGÓKÉS HÁTSÓ,,,Saruzófej Alkatrész,Mecal,,VÁGÓKÉS,,901330119,,,,2024. 10. 09.,Új,
H_ME.901330119,VÁGÓKÉS HÁTSÓ,,,Saruzófej Alkatrész,Mecal,,VÁGÓKÉS,,901330119,,,,2024. 10. 09.,Használt,
ME.901330120,VÁGÓKÉS ELSŐ,,,Saruzófej Alkatrész,Mecal,,VÁGÓKÉS,,901330120,,,,2024. 10. 09.,Új,
H_ME.901330120,VÁGÓKÉS ELSŐ,,,Saruzófej Alkatrész,Mecal,,VÁGÓKÉS,,901330120,,,,2024. 10. 09.,Használt,
ME.911270617,FIX ÜLLŐ,,,Saruzófej Alkatrész,Mecal,,FIX ÜLLŐ,,911270617,,,,2024. 10. 09.,Új,
H_ME.911270617,FIX ÜLLŐ,,,Saruzófej Alkatrész,Mecal,,FIX ÜLLŐ,,911270617,,,,2024. 10. 09.,Használt,
ME.991450188,SZIGETELÉSMEGFOGÓ,,,Saruzófej Alkatrész,Mecal,,SZIGETELÉSMEGFOGÓ,,991450188,,,,2024. 10. 09.,Új,
H_ME.991450188,SZIGETELÉSMEGFOGÓ,,,Saruzófej Alkatrész,Mecal,,SZIGETELÉSMEGFOGÓ,,991450188,,,,2024. 10. 09.,Használt,
ME.991460316,RÉZMEGFOGÓ,,,Saruzófej Alkatrész,Mecal,,RÉZMEGFOGÓ,,991460316,,,,2024. 10. 09.,Új,
H_ME.991460316,RÉZMEGFOGÓ,,,Saruzófej Alkatrész,Mecal,,RÉZMEGFOGÓ,,991460316,,,,2024. 10. 09.,Használt,
ME.911270883,FIX ÜLLŐ,,,Saruzófej Alkatrész,Mecal,,FIX ÜLLŐ,,911270883,,,,2024. 10. 09.,Új,
H_ME.911270883,FIX ÜLLŐ,,,Saruzófej Alkatrész,Mecal,,FIX ÜLLŐ,,911270883,,,,2024. 10. 09.,Használt,
ME.991450399,SZIGETELÉSMEGFOGÓ,,,Saruzófej Alkatrész,Mecal,,SZIGETELÉSMEGFOGÓ,,991450399,,,,2024. 10. 09.,Új,
H_ME.991450399,SZIGETELÉSMEGFOGÓ,,,Saruzófej Alkatrész,Mecal,,SZIGETELÉSMEGFOGÓ,,991450399,,,,2024. 10. 09.,Használt,
ME.911271409,FIX ÜLLŐ,,,Saruzófej Alkatrész,Mecal,,FIX ÜLLŐ,,911271409,,,,2024. 10. 09.,Új,
H_ME.911271409,FIX ÜLLŐ,,,Saruzófej Alkatrész,Mecal,,FIX ÜLLŐ,,911271409,,,,2024. 10. 09.,Használt,
ME.991450531,SZIGETELÉSMEGFOGÓ,,,Saruzófej Alkatrész,Mecal,,SZIGETELÉSMEGFOGÓ,,991450531,,,,2024. 10. 09.,Új,
H_ME.991450531,SZIGETELÉSMEGFOGÓ,,,Saruzófej Alkatrész,Mecal,,SZIGETELÉSMEGFOGÓ,,991450531,,,,2024. 10. 09.,Használt,
ME.991460150,RÉZMEGFOGÓ,,,Saruzófej Alkatrész,Mecal,,RÉZMEGFOGÓ,,991460150,,,,2024. 10. 09.,Új,
H_ME.991460150,RÉZMEGFOGÓ,,,Saruzófej Alkatrész,Mecal,,RÉZMEGFOGÓ,,991460150,,,,2024. 10. 09.,Használt,
ME.911271218,FIX ÜLLŐ,,,Saruzófej Alkatrész,Mecal,,FIX ÜLLŐ,,911271218,,,,2024. 10. 09.,Új,
H_ME.911271218,FIX ÜLLŐ,,,Saruzófej Alkatrész,Mecal,,FIX ÜLLŐ,,911271218,,,,2024. 10. 09.,Használt,
ME.991450388,SZIGETELÉSMEGFOGÓ,,,Saruzófej Alkatrész,Mecal,,SZIGETELÉSMEGFOGÓ,,991450388,,,,2024. 10. 09.,Új,
H_ME.991450388,SZIGETELÉSMEGFOGÓ,,,Saruzófej Alkatrész,Mecal,,SZIGETELÉSMEGFOGÓ,,991450388,,,,2024. 10. 09.,Használt,
ME.991460479,RÉZMEGFOGÓ,,,Saruzófej Alkatrész,Mecal,,RÉZMEGFOGÓ,,991460479,,,,2024. 10. 09.,Új,
H_ME.991460479,RÉZMEGFOGÓ,,,Saruzófej Alkatrész,Mecal,,RÉZMEGFOGÓ,,991460479,,,,2024. 10. 09.,Használt,
KO.79050514,FIX ÜLLŐ,,,Saruzófej Alkatrész,Kormak,,FIX ÜLLŐ,,79050514,,,,2024. 10. 09.,Új,
H_KO.79050514,FIX ÜLLŐ,,,Saruzófej Alkatrész,Kormak,,FIX ÜLLŐ,,79050514,,,,2024. 10. 09.,Használt,
KO.72114020,SZIGETELÉSMEGFOGÓ,,,Saruzófej Alkatrész,Kormak,,SZIGETELÉSMEGFOGÓ,,72114020,,,,2024. 10. 09.,Új,
H_KO.72114020,SZIGETELÉSMEGFOGÓ,,,Saruzófej Alkatrész,Kormak,,SZIGETELÉSMEGFOGÓ,,72114020,,,,2024. 10. 09.,Használt,
KO.72022830,RÉZMEGFOGÓ,,,Saruzófej Alkatrész,Kormak,,RÉZMEGFOGÓ,,72022830,,,,2024. 10. 09.,Új,
H_KO.72022830,RÉZMEGFOGÓ,,,Saruzófej Alkatrész,Kormak,,RÉZMEGFOGÓ,,72022830,,,,2024. 10. 09.,Használt,
KO.79050991,FIX ÜLLŐ,,,Saruzófej Alkatrész,Kormak,,FIX ÜLLŐ,,79050991,,,,2024. 10. 09.,Új,
H_KO.79050991,FIX ÜLLŐ,,,Saruzófej Alkatrész,Kormak,,FIX ÜLLŐ,,79050991,,,,2024. 10. 09.,Használt,
KO.72113430,SZIGETELÉSMEGFOGÓ,,,Saruzófej Alkatrész,Kormak,,SZIGETELÉSMEGFOGÓ,,72113430,,,,2024. 10. 09.,Új,
H_KO.72113430,SZIGETELÉSMEGFOGÓ,,,Saruzófej Alkatrész,Kormak,,SZIGETELÉSMEGFOGÓ,,72113430,,,,2024. 10. 09.,Használt,
KO.72022440,RÉZMEGFOGÓ,,,Saruzófej Alkatrész,Kormak,,RÉZMEGFOGÓ,,72022440,,,,2024. 10. 09.,Új,
H_KO.72022440,RÉZMEGFOGÓ,,,Saruzófej Alkatrész,Kormak,,RÉZMEGFOGÓ,,72022440,,,,2024. 10. 09.,Használt,
KO.79030315,VÁGÓKÉS,,,Saruzófej Alkatrész,Kormak,,VÁGÓKÉS,,79030315,,,,2024. 10. 09.,Új,
H_KO.79030315,VÁGÓKÉS,,,Saruzófej Alkatrész,Kormak,,VÁGÓKÉS,,79030315,,,,2024. 10. 09.,Használt,
KO.79040848,VÁGÓKÉS VEZETŐ,,,Saruzófej Alkatrész,Kormak,,VÁGÓKÉS VEZETŐ,,79040848,,,,2024. 10. 09.,Új,
H_KO.79040848,VÁGÓKÉS VEZETŐ,,,Saruzófej Alkatrész,Kormak,,VÁGÓKÉS VEZETŐ,,79040848,,,,2024. 10. 09.,Használt,
KO.79050487,FIX ÜLLŐ,,,Saruzófej Alkatrész,Kormak,,FIX ÜLLŐ,,79040831,,,,2024. 10. 09.,Új,
H_KO.79050487,FIX ÜLLŐ,,,Saruzófej Alkatrész,Kormak,,FIX ÜLLŐ,,79040831,,,,2024. 10. 09.,Használt,
KO.72014024,SZIGETELÉSMEGFOGÓ,,,Saruzófej Alkatrész,Kormak,,SZIGETELÉSMEGFOGÓ,,72014024,,,,2024. 10. 09.,Új,
H_KO.72014024,SZIGETELÉSMEGFOGÓ,,,Saruzófej Alkatrész,Kormak,,SZIGETELÉSMEGFOGÓ,,72014024,,,,2024. 10. 09.,Használt,
KO.79030365,RÉZMEGFOGÓ,,,Saruzófej Alkatrész,Kormak,,RÉZMEGFOGÓ,,79030365,,,,2024. 10. 09.,Új,
H_KO.79030365,RÉZMEGFOGÓ,,,Saruzófej Alkatrész,Kormak,,RÉZMEGFOGÓ,,79030365,,,,2024. 10. 09.,Használt,
KO.79040831,VÁGÓKÉS VEZETŐ,,,Saruzófej Alkatrész,Kormak,,VÁGÓKÉS VEZETŐ,,79040831,,,,2024. 10. 09.,Új,
H_KO.79040831,VÁGÓKÉS VEZETŐ,,,Saruzófej Alkatrész,Kormak,,VÁGÓKÉS VEZETŐ,,79040831,,,,2024. 10. 09.,Használt,
IN.003,FIX ÜLLŐ,,,Saruzófej Alkatrész,Inarca,,FIX ÜLLŐ,,003,,,,2024. 10. 22.,Új,
H_IN.003,FIX ÜLLŐ,,,Saruzófej Alkatrész,Inarca,,FIX ÜLLŐ,,003,,,,2024. 10. 22.,Használt,
IN.125007,SZIGETELÉSMEGFOGÓ,,,Saruzófej Alkatrész,Inarca,,SZIGETELÉSMEGFOGÓ,,125007,,,,2024. 10. 22.,Új,
H_IN.125007,SZIGETELÉSMEGFOGÓ,,,Saruzófej Alkatrész,Inarca,,SZIGETELÉSMEGFOGÓ,,125007,,,,2024. 10. 22.,Használt,
IN.123124,RÉZMEGFOGÓ,,,Saruzófej Alkatrész,Inarca,,RÉZMEGFOGÓ,,123124,,,,2024. 10. 22.,Új,
H_IN.123124,RÉZMEGFOGÓ,,,Saruzófej Alkatrész,Inarca,,RÉZMEGFOGÓ,,123124,,,,2024. 10. 22.,Használt,
IN.M7502121005,VÁGÓKÉS,,,Saruzófej Alkatrész,Inarca,,VÁGÓKÉS,,M7502121005,,,,2024. 10. 22.,Új,
H_IN.M7502121005,VÁGÓKÉS,,,Saruzófej Alkatrész,Inarca,,VÁGÓKÉS,,M7502121005,,,,2024. 10. 22.,Használt,
IN.186001,VÁGÓKÉS ALAP,,,Saruzófej Alkatrész,Inarca,,VÁGÓKÉS ALAP,,186001,,,,2024. 10. 22.,Új,
H_IN.186001,VÁGÓKÉS ALAP,,,Saruzófej Alkatrész,Inarca,,VÁGÓKÉS ALAP,,186001,,,,2024. 10. 22.,Használt,
KO.187005,VÁGÓKÉS VEZETŐ,,,Saruzófej Alkatrész,Kormak,,VÁGÓKÉS VEZETŐ,,187005,,,,2024. 10. 22.,Új,
H_KO.187005,VÁGÓKÉS VEZETŐ,,,Saruzófej Alkatrész,Kormak,,VÁGÓKÉS VEZETŐ,,187005,,,,2024. 10. 22.,Használt,
ME.911270609,FIX ÜLLŐ,,,Saruzófej Alkatrész,Mecal,,FIX ÜLLŐ,,911270609,,,,2024. 10. 22.,Új,
H_ME.911270609,FIX ÜLLŐ,,,Saruzófej Alkatrész,Mecal,,FIX ÜLLŐ,,911270609,,,,2024. 10. 22.,Használt,
ME.991460210,RÉZMEGFOGÓ,,,Saruzófej Alkatrész,Mecal,,RÉZMEGFOGÓ,,991460210,,,,2024. 10. 22.,Új,
H_ME.991460210,RÉZMEGFOGÓ,,,Saruzófej Alkatrész,Mecal,,RÉZMEGFOGÓ,,991460210,,,,2024. 10. 22.,Használt,
ME.991450244,SZIGETELÉSMEGFOGÓ,,,Saruzófej Alkatrész,Mecal,,SZIGETELÉSMEGFOGÓ,,991450244,,,,2024. 10. 22.,Új,
H_ME.991450244,SZIGETELÉSMEGFOGÓ,,,Saruzófej Alkatrész,Mecal,,SZIGETELÉSMEGFOGÓ,,991450244,,,,2024. 10. 22.,Használt,
MI.5100,Tisztító folyadék,A Markem Imaje jelölőhöz használható tisztító folyadék.,Products_Images/MI.5100.Image.061409.jpg,Egyéb,Markem Imaje,,EGYÉB,,5100,,,,2024. 10. 22.,Új,Daraboló Részleg
KO.79040838,HÁTSÓ MOZGÓ ÜLLŐ,,,Saruzófej Alkatrész,Kormak,,MOZGÓ ÜLLŐ,,79040838,,,,2024. 10. 22.,Új,
H_KO.79040838,HÁTSÓ MOZGÓ ÜLLŐ,,,Saruzófej Alkatrész,Kormak,,MOZGÓ ÜLLŐ,,79040838,,,,2024. 10. 22.,Használt,
KO.72023238,RÉZMEGFOGÓ,,,Saruzófej Alkatrész,Kormak,,RÉZMEGFOGÓ,,72023238,,,,2024. 10. 22.,Új,
H_KO.72023238,RÉZMEGFOGÓ,,,Saruzófej Alkatrész,Kormak,,RÉZMEGFOGÓ,,72023238,,,,2024. 10. 22.,Használt,
KO.79051391,FIX ÜLLŐ,,,Saruzófej Alkatrész,Kormak,,FIX ÜLLŐ,,79051391,,,,2024. 10. 22.,Új,
H_KO.79051391,FIX ÜLLŐ,,,Saruzófej Alkatrész,Kormak,,FIX ÜLLŐ,,79051391,,,,2024. 10. 22.,Használt,
KO.79041073,ELSŐ MOZGÓ ÜLLŐ,,,Saruzófej Alkatrész,Kormak,,MOZGÓ ÜLLŐ,,79041073,,,,2024. 10. 22.,Új,
H_KO.79041073,ELSŐ MOZGÓ ÜLLŐ,,,Saruzófej Alkatrész,Kormak,,MOZGÓ ÜLLŐ,,79041073,,,,2024. 10. 22.,Használt,
KO.79041072,ELSŐ MOZGÓ ÜLLŐ TARTÓ,,,Saruzófej Alkatrész,Kormak,,MOZGÓ ÜLLŐ TARTÓ,,79041072,,,,2024. 10. 22.,Új,
H_KO.79041072,ELSŐ MOZGÓ ÜLLŐ TARTÓ,,,Saruzófej Alkatrész,Kormak,,MOZGÓ ÜLLŐ TARTÓ,,79041072,,,,2024. 10. 22.,Használt,
KO.79040705,HÁTSÓ MOZGÓ ÜLLŐ TARTÓ,,,Saruzófej Alkatrész,Kormak,,MOZGÓ ÜLLŐ TARTÓ,,79040705,,,,2024. 10. 22.,Új,
H_KO.79040705,HÁTSÓ MOZGÓ ÜLLŐ TARTÓ,,,Saruzófej Alkatrész,Kormak,,MOZGÓ ÜLLŐ TARTÓ,,79040705,,,,2024. 10. 22.,Használt,
KO.79010145,SZIGETELÉSMEGFOGÓ,,,Saruzófej Alkatrész,Kormak,,SZIGETELÉSMEGFOGÓ,,7901014,,,,2024. 10. 22.,Új,
H_KO.79010145,SZIGETELÉSMEGFOGÓ,,,Saruzófej Alkatrész,Kormak,,SZIGETELÉSMEGFOGÓ,,7901014,,,,2024. 10. 22.,Használt,
ME.911271152,FIX ÜLLŐ,,,Saruzófej Alkatrész,Mecal,,FIX ÜLLŐ,,911271152,,,,2024. 10. 22.,Új,
H_ME.911271152,FIX ÜLLŐ,,,Saruzófej Alkatrész,Mecal,,FIX ÜLLŐ,,911271152,,,,2024. 10. 22.,Használt,
ME.991450144,SZIGETELÉSMEGFOGÓ,,,Saruzófej Alkatrész,Mecal,,SZIGETELÉSMEGFOGÓ,,991450144,,,,2024. 10. 22.,Új,
H_ME.991450144,SZIGETELÉSMEGFOGÓ,,,Saruzófej Alkatrész,Mecal,,SZIGETELÉSMEGFOGÓ,,991450144,,,,2024. 10. 22.,Használt,
ME.991460505,RÉZMEGFOGÓ,,,Saruzófej Alkatrész,Mecal,,RÉZMEGFOGÓ,,991460505,,,,2024. 10. 22.,Új,
H_ME.991460505,RÉZMEGFOGÓ,,,Saruzófej Alkatrész,Mecal,,RÉZMEGFOGÓ,,991460505,,,,2024. 10. 22.,Használt,
KO.79050635,FIX ÜLLŐ,,,Saruzófej Alkatrész,Kormak,,FIX ÜLLŐ,,79050635,,,,2024. 10. 22.,Új,
H_KO.79050635,FIX ÜLLŐ,,,Saruzófej Alkatrész,Kormak,,FIX ÜLLŐ,,79050635,,,,2024. 10. 22.,Használt,
KO.79040871,ELSŐ MOZGÓ ÜLLŐ,,,Saruzófej Alkatrész,Kormak,,MOZGÓ ÜLLŐ,,79040871,,,,2024. 10. 22.,Új,
H_KO.79040871,ELSŐ MOZGÓ ÜLLŐ,,,Saruzófej Alkatrész,Kormak,,MOZGÓ ÜLLŐ,,79040871,,,,2024. 10. 22.,Használt,
KO.72121830,RÉZMEGFOGÓ,,,Saruzófej Alkatrész,Kormak,,RÉZMEGFOGÓ,,72121830,,,,2024. 10. 22.,Új,
H_KO.72121830,RÉZMEGFOGÓ,,,Saruzófej Alkatrész,Kormak,,RÉZMEGFOGÓ,,72121830,,,,2024. 10. 22.,Használt,
KO.781131-OA,VÁGÓKÉS ALAP,,,Saruzófej Alkatrész,Kormak,,VÁGÓKÉS ALAP,,781131-OA,,,,2024. 10. 22.,Új,
H_KO.781131-OA,VÁGÓKÉS ALAP,,,Saruzófej Alkatrész,Kormak,,VÁGÓKÉS ALAP,,781131-OA,,,,2024. 10. 22.,Használt,
ME.911271093,FIX ÜLLŐ,,,Saruzófej Alkatrész,Mecal,,FIX ÜLLŐ,,911271093,,,,2024. 10. 22.,Új,
H_ME.911271093,FIX ÜLLŐ,,,Saruzófej Alkatrész,Mecal,,FIX ÜLLŐ,,911271093,,,,2024. 10. 22.,Használt,
ME.991450646,SZIGETELÉSMEGFOGÓ,,,Saruzófej Alkatrész,Mecal,,SZIGETELÉSMEGFOGÓ,,991450646,,,,2024. 10. 22.,Új,
H_ME.991450646,SZIGETELÉSMEGFOGÓ,,,Saruzófej Alkatrész,Mecal,,SZIGETELÉSMEGFOGÓ,,991450646,,,,2024. 10. 22.,Használt,
ME.991460357,RÉZMEGFOGÓ,,,Saruzófej Alkatrész,Mecal,,RÉZMEGFOGÓ,,991460357,,,,2024. 10. 22.,Új,
H_ME.991460357,RÉZMEGFOGÓ,,,Saruzófej Alkatrész,Mecal,,RÉZMEGFOGÓ,,991460357,,,,2024. 10. 22.,Használt,
ME.911272640,FIX ÜLLŐ,,,Saruzófej Alkatrész,Mecal,,FIX ÜLLŐ,,911272640,,,,2024. 10. 22.,Új,
H_ME.911272640,FIX ÜLLŐ,,,Saruzófej Alkatrész,Mecal,,FIX ÜLLŐ,,911272640,,,,2024. 10. 22.,Használt,
ME.991460203,RÉZMEGFOGÓ,,,Saruzófej Alkatrész,Mecal,,RÉZMEGFOGÓ,,991460203,,,,2024. 10. 22.,Új,
H_ME.991460203,RÉZMEGFOGÓ,,,Saruzófej Alkatrész,Mecal,,RÉZMEGFOGÓ,,991460203,,,,2024. 10. 22.,Használt,
ME.911271918,FIX ÜLLŐ,,,Saruzófej Alkatrész,Mecal,,FIX ÜLLŐ,,911271918,,,,2024. 10. 22.,Új,
H_ME.911271918,FIX ÜLLŐ,,,Saruzófej Alkatrész,Mecal,,FIX ÜLLŐ,,911271918,,,,2024. 10. 22.,Használt,
ME.991450474,SZIGETELÉSMEGFOGÓ,,,Saruzófej Alkatrész,Mecal,,SZIGETELÉSMEGFOGÓ,,991450474,,,,2024. 10. 22.,Új,
H_ME.991450474,SZIGETELÉSMEGFOGÓ,,,Saruzófej Alkatrész,Mecal,,SZIGETELÉSMEGFOGÓ,,991450474,,,,2024. 10. 22.,Használt,
ME.991440000,RÉZMEGFOGÓ,,,Saruzófej Alkatrész,Mecal,,RÉZMEGFOGÓ,,991440000,,,,2024. 10. 22.,Új,
H_ME.991440000,RÉZMEGFOGÓ,,,Saruzófej Alkatrész,Mecal,,RÉZMEGFOGÓ,,991440000,,,,2024. 10. 22.,Használt,
ME.911400102,ELSŐ MOZGÓ ÜLLŐ KÉSLAP,,,Saruzófej Alkatrész,Mecal,,EGYÉB,,911400102,,,,2024. 10. 22.,Új,
H_ME.911400102,ELSŐ MOZGÓ ÜLLŐ KÉSLAP,,,Saruzófej Alkatrész,Mecal,,EGYÉB,,911400102,,,,2024. 10. 22.,Használt,
ME.911272642,FIX ÜLLŐ,,,Saruzófej Alkatrész,Mecal,,FIX ÜLLŐ,,911272642,,,,2024. 10. 22.,Új,
H_ME.911272642,FIX ÜLLŐ,,,Saruzófej Alkatrész,Mecal,,FIX ÜLLŐ,,911272642,,,,2024. 10. 22.,Használt,
ME.991450616,SZIGETELÉSMEGFOGÓ,,,Saruzófej Alkatrész,Mecal,,SZIGETELÉSMEGFOGÓ,,991450616,,,,2024. 10. 22.,Új,
H_ME.991450616,SZIGETELÉSMEGFOGÓ,,,Saruzófej Alkatrész,Mecal,,SZIGETELÉSMEGFOGÓ,,991450616,,,,2024. 10. 22.,Használt,
ME.911272328,FIX ÜLLŐ,,,Saruzófej Alkatrész,Mecal,,FIX ÜLLŐ,,911272328,,,,2024. 10. 22.,Új,
H_ME.911272328,FIX ÜLLŐ,,,Saruzófej Alkatrész,Mecal,,FIX ÜLLŐ,,911272328,,,,2024. 10. 22.,Használt,
ME.991450316,SZIGETELÉSMEGFOGÓ,,,Saruzófej Alkatrész,Mecal,,SZIGETELÉSMEGFOGÓ,,991450316,,,,2024. 10. 22.,Új,
H_ME.991450316,SZIGETELÉSMEGFOGÓ,,,Saruzófej Alkatrész,Mecal,,SZIGETELÉSMEGFOGÓ,,991450316,,,,2024. 10. 22.,Használt,
ME.991460142,RÉZMEGFOGÓ,,,Saruzófej Alkatrész,Mecal,,RÉZMEGFOGÓ,,991460142,,,,2024. 10. 22.,Új,
H_ME.991460142,RÉZMEGFOGÓ,,,Saruzófej Alkatrész,Mecal,,RÉZMEGFOGÓ,,991460142,,,,2024. 10. 22.,Használt,
ME.911270220,FIX ÜLLŐ,,,Saruzófej Alkatrész,Mecal,,FIX ÜLLŐ,,911270220,,,,2024. 10. 22.,Új,
H_ME.911270220,FIX ÜLLŐ,,,Saruzófej Alkatrész,Mecal,,FIX ÜLLŐ,,911270220,,,,2024. 10. 22.,Használt,
ME.991450115,SZIGETELÉSMEGFOGÓ,,,Saruzófej Alkatrész,Mecal,,SZIGETELÉSMEGFOGÓ,,991450115,,,,2024. 10. 22.,Új,
H_ME.991450115,SZIGETELÉSMEGFOGÓ,,,Saruzófej Alkatrész,Mecal,,SZIGETELÉSMEGFOGÓ,,991450115,,,,2024. 10. 22.,Használt,
ME.991460176,RÉZMEGFOGÓ,,,Saruzófej Alkatrész,Mecal,,RÉZMEGFOGÓ,,991460176,,,,2024. 10. 22.,Új,
H_ME.991460176,RÉZMEGFOGÓ,,,Saruzófej Alkatrész,Mecal,,RÉZMEGFOGÓ,,991460176,,,,2024. 10. 22.,Használt,
KO.79052916,FIX ÜLLŐ,,,Saruzófej Alkatrész,KORMAK,,FIX ÜLLŐ,,79052916,,,,2024. 10. 22.,Új,
H_KO.79052916,FIX ÜLLŐ,,,Saruzófej Alkatrész,KORMAK,,FIX ÜLLŐ,,79052916,,,,2024. 10. 22.,Használt,
KO.0.40-6,VÁGÓKÉS VEZETŐ,,,Saruzófej Alkatrész,KORMAK,,VÁGÓKÉS VEZETŐ,,0.40-6,,,,2024. 10. 22.,Új,
H_KO.0.40-6,VÁGÓKÉS VEZETŐ,,,Saruzófej Alkatrész,KORMAK,,VÁGÓKÉS VEZETŐ,,0.40-6,,,,2024. 10. 22.,Használt,
KO.0.90-6,VÁGÓKÉS,,,Saruzófej Alkatrész,KORMAK,,VÁGÓKÉS,,0.90-6,,,,2024. 10. 22.,Új,
H_KO.0.90-6,VÁGÓKÉS,,,Saruzófej Alkatrész,KORMAK,,VÁGÓKÉS,,0.90-6,,,,2024. 10. 22.,Használt,
KO.72021844,RÉZMEGFOGÓ,,,Saruzófej Alkatrész,KORMAK,,RÉZMEGFOGÓ,,72021844,,,,2024. 10. 22.,Új,
H_KO.72021844,RÉZMEGFOGÓ,,,Saruzófej Alkatrész,KORMAK,,RÉZMEGFOGÓ,,72021844,,,,2024. 10. 22.,Használt,
KO.72012830,SZIGETELÉSMEGFOGÓ,,,Saruzófej Alkatrész,KORMAK,,SZIGETELÉSMEGFOGÓ,,72012830,,,,2024. 10. 22.,Új,
H_KO.72012830,SZIGETELÉSMEGFOGÓ,,,Saruzófej Alkatrész,KORMAK,,SZIGETELÉSMEGFOGÓ,,72012830,,,,2024. 10. 22.,Használt,
MI.A188,Higító A188,Higító a MarkemImaje 9450E típusú jelölögéphez,Products_Images/MI.A188.Image.113439.png,Egyéb,Markem Imaje,,,,A188,,,,2024. 10. 29.,,
MI.MB175,MB175 Tinta,Tinta a MarkemImaje 9450E típusú jelölögéphez,Products_Images/MI.MB175.Image.114222.png,Egyéb,Markem Imaje,,,,MB175,,,,2024. 10. 29.,,
12002.00.02,Mikrométer,,Products_Images/12002.00.02.Image.082313.jpg,Egyéb,Ultra Prazision,,,,,,,,2024. 10. 30.,,
ME.991271235,RÉZMEGFOGÓ ÜLLŐ,,,Saruzófej Alkatrész,Mecal,,FIX ÜLLŐ,,991271235,,,,2024. 10. 30.,Új,
H_ME.991271235,RÉZMEGFOGÓ ÜLLŐ,,,Saruzófej Alkatrész,Mecal,,FIX ÜLLŐ,,991271235,,,,2024. 10. 30.,Használt,
ME.991270166,SZIGETELÉSMEGFOGÓ ÜLLŐ,,,Saruzófej Alkatrész,Mecal,,FIX ÜLLŐ,,991270166,,,,2024. 10. 30.,Új,
H_ME.991270166,SZIGETELÉSMEGFOGÓ ÜLLŐ,,,Saruzófej Alkatrész,Mecal,,FIX ÜLLŐ,,991270166,,,,2024. 10. 30.,Használt,
ME.991450584,SZIGETELÉSMEGFOGÓ,,,Saruzófej Alkatrész,Mecal,,SZIGETELÉSMEGFOGÓ,,991450584,,,,2024. 10. 30.,Új,
H_ME.991450584,SZIGETELÉSMEGFOGÓ,,,Saruzófej Alkatrész,Mecal,,SZIGETELÉSMEGFOGÓ,,991450584,,,,2024. 10. 30.,Használt,
ME.991460719,RÉZMEGFOGÓ,,,Saruzófej Alkatrész,Mecal,,RÉZMEGFOGÓ,,991460719,,,,2024. 10. 30.,Új,
H_ME.991460719,RÉZMEGFOGÓ,,,Saruzófej Alkatrész,Mecal,,RÉZMEGFOGÓ,,991460719,,,,2024. 10. 30.,Használt,
ME.911330285,ELSŐ MOZGÓ ÜLLŐ,,,Saruzófej Alkatrész,Mecal,,MOZGÓ ÜLLŐ,,911330285,,,,2024. 10. 30.,Új,
H_ME.911330285,ELSŐ MOZGÓ ÜLLŐ,,,Saruzófej Alkatrész,Mecal,,MOZGÓ ÜLLŐ,,911330285,,,,2024. 10. 30.,Használt,
ME.911340280,MOZGÓ ÜLLŐ TARTÓ,,,Saruzófej Alkatrész,Mecal,,MOZGÓ ÜLLŐ TARTÓ,,911340280,,,,2024. 10. 30.,Új,
H_ME.911340280,MOZGÓ ÜLLŐ TARTÓ,,,Saruzófej Alkatrész,Mecal,,MOZGÓ ÜLLŐ TARTÓ,,911340280,,,,2024. 10. 30.,Használt,
ME.991270624,RÉZMEGFOGÓ ÜLLŐ,,,Saruzófej Alkatrész,Mecal,,FIX ÜLLŐ,,991270624,,,,2024. 10. 30.,Új,
H_ME.991270624,RÉZMEGFOGÓ ÜLLŐ,,,Saruzófej Alkatrész,Mecal,,FIX ÜLLŐ,,991270624,,,,2024. 10. 30.,Használt,
ME.991270625,SZIGETELÉSMEGFOGÓ ÜLLŐ,,,Saruzófej Alkatrész,Mecal,,FIX ÜLLŐ,,991270625,,,,2024. 10. 30.,Új,
H_ME.991270625,SZIGETELÉSMEGFOGÓ ÜLLŐ,,,Saruzófej Alkatrész,Mecal,,FIX ÜLLŐ,,991270625,,,,2024. 10. 30.,Használt,
ME.991450484,SZIGETELÉSMEGFOGÓ,,,Saruzófej Alkatrész,Mecal,,SZIGETELÉSMEGFOGÓ,,991450484,,,,2024. 10. 30.,Új,
H_ME.991450484,SZIGETELÉSMEGFOGÓ,,,Saruzófej Alkatrész,Mecal,,SZIGETELÉSMEGFOGÓ,,991450484,,,,2024. 10. 30.,Használt,
ME.911330283,ELSŐ MOZGÓ ÜLLŐ,,,Saruzófej Alkatrész,Mecal,,MOZGÓ ÜLLŐ,,911330283,,,,2024. 10. 30.,Új,
H_ME.911330283,ELSŐ MOZGÓ ÜLLŐ,,,Saruzófej Alkatrész,Mecal,,MOZGÓ ÜLLŐ,,911330283,,,,2024. 10. 30.,Használt,
ME.991271089,RÉZMEGFOGÓ ÜLLŐ,,,Saruzófej Alkatrész,Mecal,,RÉZMEGFOGÓ ÜLLŐ,,991271089,,,,2024. 10. 30.,Új,
H_ME.991271089,RÉZMEGFOGÓ ÜLLŐ,,,Saruzófej Alkatrész,Mecal,,RÉZMEGFOGÓ ÜLLŐ,,991271089,,,,2024. 10. 30.,Használt,
ME.991270296,SZIGETELÉSMEGFOGÓ ÜLLŐ,,,Saruzófej Alkatrész,Mecal,,SZIGETELÉSMEGFOGÓ ÜLLŐ,,991270296,,,,2024. 10. 30.,Új,
H_ME.991270296,SZIGETELÉSMEGFOGÓ ÜLLŐ,,,Saruzófej Alkatrész,Mecal,,SZIGETELÉSMEGFOGÓ ÜLLŐ,,991270296,,,,2024. 10. 30.,Használt,
ME.991270252,RÉZMEGFOGÓ ÜLLŐ,,,Saruzófej Alkatrész,Mecal,,RÉZMEGFOGÓ ÜLLŐ,,991270252,,,,2024. 10. 30.,Új,
H_ME.991270252,RÉZMEGFOGÓ ÜLLŐ,,,Saruzófej Alkatrész,Mecal,,RÉZMEGFOGÓ ÜLLŐ,,991270252,,,,2024. 10. 30.,Használt,
ME.991270658,SZIGETELÉSMEGFOGÓ ÜLLŐ,,,Saruzófej Alkatrész,Mecal,,SZIGETELÉSMEGFOGÓ ÜLLŐ,,991270658,,,,2024. 10. 30.,Új,
H_ME.991270658,SZIGETELÉSMEGFOGÓ ÜLLŐ,,,Saruzófej Alkatrész,Mecal,,SZIGETELÉSMEGFOGÓ ÜLLŐ,,991270658,,,,2024. 10. 30.,Használt,
ME.991450192,SZIGETELÉSMEGFOGÓ,,,Saruzófej Alkatrész,Mecal,,SZIGETELÉSMEGFOGÓ,,991450192,,,,2024. 10. 30.,Új,
H_ME.991450192,SZIGETELÉSMEGFOGÓ,,,Saruzófej Alkatrész,Mecal,,SZIGETELÉSMEGFOGÓ,,991450192,,,,2024. 10. 30.,Használt,
ME.991460187,RÉZMEGFOGÓ,,,Saruzófej Alkatrész,Mecal,,RÉZMEGFOGÓ,,991460187,,,,2024. 10. 30.,Új,
H_ME.991460187,RÉZMEGFOGÓ,,,Saruzófej Alkatrész,Mecal,,RÉZMEGFOGÓ,,991460187,,,,2024. 10. 30.,Használt,
ME.991270591,RÉZMEGFOGÓ ÜLLŐ,,,Saruzófej Alkatrész,Mecal,,RÉZMEGFOGÓ ÜLLŐ,,991270591,,,,2024. 10. 30.,Új,
H_ME.991270591,RÉZMEGFOGÓ ÜLLŐ,,,Saruzófej Alkatrész,Mecal,,RÉZMEGFOGÓ ÜLLŐ,,991270591,,,,2024. 10. 30.,Használt,
ME.991270592,SZIGETELÉSMEGFOGÓ ÜLLŐ,,,Saruzófej Alkatrész,Mecal,,SZIGETELÉSMEGFOGÓ ÜLLŐ,,991270592,,,,2024. 10. 30.,Új,
H_ME.991270592,SZIGETELÉSMEGFOGÓ ÜLLŐ,,,Saruzófej Alkatrész,Mecal,,SZIGETELÉSMEGFOGÓ ÜLLŐ,,991270592,,,,2024. 10. 30.,Használt,
ME.991450145,SZIGETELÉSMEGFOGÓ,,,Saruzófej Alkatrész,Mecal,,SZIGETELÉSMEGFOGÓ,,991450145,,,,2024. 10. 30.,Új,
H_ME.991450145,SZIGETELÉSMEGFOGÓ,,,Saruzófej Alkatrész,Mecal,,SZIGETELÉSMEGFOGÓ,,991450145,,,,2024. 10. 30.,Használt,
ME.991460216,RÉZMEGFOGÓ,,,Saruzófej Alkatrész,Mecal,,RÉZMEGFOGÓ,,991460216,,,,2024. 10. 30.,Új,
H_ME.991460216,RÉZMEGFOGÓ,,,Saruzófej Alkatrész,Mecal,,RÉZMEGFOGÓ,,991460216,,,,2024. 10. 30.,Használt,
ME.911330282,MOZGÓ ÜLLŐ,,,Saruzófej Alkatrész,Mecal,,MOZGÓ ÜLLŐ,,911330282,,,,2024. 10. 30.,Új,
H_ME.911330282,MOZGÓ ÜLLŐ,,,Saruzófej Alkatrész,Mecal,,MOZGÓ ÜLLŐ,,911330282,,,,2024. 10. 30.,Használt,
ME.991270347,RÉZMEGFOGÓ ÜLLŐ,,,Saruzófej Alkatrész,Mecal,,RÉZMEGFOGÓ ÜLLŐ,,991270347,,,,2024. 10. 30.,Új,
H_ME.991270347,RÉZMEGFOGÓ ÜLLŐ,,,Saruzófej Alkatrész,Mecal,,RÉZMEGFOGÓ ÜLLŐ,,991270347,,,,2024. 10. 30.,Használt,
ME.991271059,SZIGETELÉSMEGFOGÓ ÜLLŐ,,,Saruzófej Alkatrész,Mecal,,SZIGETELÉSMEGFOGÓ ÜLLŐ,,991271059,,,,2024. 10. 30.,Új,
H_ME.991271059,SZIGETELÉSMEGFOGÓ ÜLLŐ,,,Saruzófej Alkatrész,Mecal,,SZIGETELÉSMEGFOGÓ ÜLLŐ,,991271059,,,,2024. 10. 30.,Használt,
ME.991450762,SZIGETELÉSMEGFOGÓ,,,Saruzófej Alkatrész,Mecal,,SZIGETELÉSMEGFOGÓ,,991450762,,,,2024. 10. 30.,Új,
H_ME.991450762,SZIGETELÉSMEGFOGÓ,,,Saruzófej Alkatrész,Mecal,,SZIGETELÉSMEGFOGÓ,,991450762,,,,2024. 10. 30.,Használt,
ME.991460756,RÉZMEGFOGÓ,,,Saruzófej Alkatrész,Mecal,,RÉZMEGFOGÓ,,991460756,,,,2024. 10. 30.,Új,
H_ME.991460756,RÉZMEGFOGÓ,,,Saruzófej Alkatrész,Mecal,,RÉZMEGFOGÓ,,991460756,,,,2024. 10. 30.,Használt,
ME.991271057,RÉZMEGFOGÓ ÜLLŐ,,,Saruzófej Alkatrész,Mecal,,RÉZMEGFOGÓ ÜLLŐ,,991271057,,,,2024. 10. 30.,Új,
H_ME.991271057,RÉZMEGFOGÓ ÜLLŐ,,,Saruzófej Alkatrész,Mecal,,RÉZMEGFOGÓ ÜLLŐ,,991271057,,,,2024. 10. 30.,Használt,
ME.991270501,SZIGETELÉSMEGFOGÓ ÜLLŐ,,,Saruzófej Alkatrész,Mecal,,SZIGETELÉSMEGFOGÓ ÜLLŐ,,991270501,,,,2024. 10. 30.,Új,
H_ME.991270501,SZIGETELÉSMEGFOGÓ ÜLLŐ,,,Saruzófej Alkatrész,Mecal,,SZIGETELÉSMEGFOGÓ ÜLLŐ,,991270501,,,,2024. 10. 30.,Használt,
ME.991450321,SZIGETELÉSMEGFOG,,,Saruzófej Alkatrész,Mecal,,SZIGETELÉSMEGFOG,,991450321,,,,2024. 10. 30.,Új,
H_ME.991450321,SZIGETELÉSMEGFOG,,,Saruzófej Alkatrész,Mecal,,SZIGETELÉSMEGFOG,,991450321,,,,2024. 10. 30.,Használt,
ME.991270697,RÉZMEGFOGÓ ÜLLŐ,,,Saruzófej Alkatrész,Mecal,,RÉZMEGFOGÓ ÜLLŐ,,991270697,,,,2024. 10. 30.,Új,
H_ME.991270697,RÉZMEGFOGÓ ÜLLŐ,,,Saruzófej Alkatrész,Mecal,,RÉZMEGFOGÓ ÜLLŐ,,991270697,,,,2024. 10. 30.,Használt,
ME.991270197,SZIGETELÉSMEGFOGÓ ÜLLŐ,,,Saruzófej Alkatrész,Mecal,,SZIGETELÉSMEGFOGÓ ÜLLŐ,,991270197,,,,2024. 10. 30.,Új,
H_ME.991270197,SZIGETELÉSMEGFOGÓ ÜLLŐ,,,Saruzófej Alkatrész,Mecal,,SZIGETELÉSMEGFOGÓ ÜLLŐ,,991270197,,,,2024. 10. 30.,Használt,
ME.991450375,SZIGETELÉSMEGFOGÓ,,,Saruzófej Alkatrész,Mecal,,SZIGETELÉSMEGFOGÓ,,991460795,,,,2024. 10. 30.,Új,
H_ME.991450375,SZIGETELÉSMEGFOGÓ,,,Saruzófej Alkatrész,Mecal,,SZIGETELÉSMEGFOGÓ,,991460795,,,,2024. 10. 30.,Használt,
ME.991460795,RÉZMEGFOGÓ,,,Saruzófej Alkatrész,Mecal,,RÉZMEGFOGÓ,,991460795,,,,2024. 10. 30.,Új,
H_ME.991460795,RÉZMEGFOGÓ,,,Saruzófej Alkatrész,Mecal,,RÉZMEGFOGÓ,,991460795,,,,2024. 10. 30.,Használt,
ME.911330298,ELSŐ MOZGÓ ÜLLŐ,,,Saruzófej Alkatrész,Mecal,,MOZGÓ ÜLLŐ,,911330298,,,,2024. 10. 30.,Új,
H_ME.911330298,ELSŐ MOZGÓ ÜLLŐ,,,Saruzófej Alkatrész,Mecal,,MOZGÓ ÜLLŐ,,911330298,,,,2024. 10. 30.,Használt,
ME.991270196,RÉZMEGFOGÓ ÜLLŐ,,,Saruzófej Alkatrész,Mecal,,RÉZMEGFOGÓ ÜLLŐ,,991270196,,,,2024. 10. 30.,Új,
H_ME.991270196,RÉZMEGFOGÓ ÜLLŐ,,,Saruzófej Alkatrész,Mecal,,RÉZMEGFOGÓ ÜLLŐ,,991270196,,,,2024. 10. 30.,Használt,
ME.991270414,SZIGETELÉSMEGFOGÓ ÜLLŐ,,,Saruzófej Alkatrész,Mecal,,SZIGETELÉSMEGFOGÓ ÜLLŐ,,991270414,,,,2024. 10. 30.,Új,
H_ME.991270414,SZIGETELÉSMEGFOGÓ ÜLLŐ,,,Saruzófej Alkatrész,Mecal,,SZIGETELÉSMEGFOGÓ ÜLLŐ,,991270414,,,,2024. 10. 30.,Használt,
ME.991450173,SZIGETELÉSMEGFOGÓ,,,Saruzófej Alkatrész,Mecal,,SZIGETELÉSMEGFOGÓ,,991450173,,,,2024. 10. 30.,Új,
H_ME.991450173,SZIGETELÉSMEGFOGÓ,,,Saruzófej Alkatrész,Mecal,,SZIGETELÉSMEGFOGÓ,,991450173,,,,2024. 10. 30.,Használt,
ME.991270061,RÉZMEGFOGÓ ÜLLŐ,,,Saruzófej Alkatrész,Mecal,,RÉZMEGFOGÓ ÜLLŐ,,991270061,,,,2024. 10. 30.,Új,
H_ME.991270061,RÉZMEGFOGÓ ÜLLŐ,,,Saruzófej Alkatrész,Mecal,,RÉZMEGFOGÓ ÜLLŐ,,991270061,,,,2024. 10. 30.,Használt,
ME.991270458,SZIGETELÉSMEGFOGÓ ÜLLŐ,,,Saruzófej Alkatrész,Mecal,,SZIGETELÉSMEGFOGÓ ÜLLŐ,,991270458,,,,2024. 10. 30.,Új,
H_ME.991270458,SZIGETELÉSMEGFOGÓ ÜLLŐ,,,Saruzófej Alkatrész,Mecal,,SZIGETELÉSMEGFOGÓ ÜLLŐ,,991270458,,,,2024. 10. 30.,Használt,
ME.991450136,SZIGETELÉSMEGFOGÓ,,,Saruzófej Alkatrész,Mecal,,SZIGETELÉSMEGFOGÓ,,991450136,,,,2024. 10. 30.,Új,
H_ME.991450136,SZIGETELÉSMEGFOGÓ,,,Saruzófej Alkatrész,Mecal,,SZIGETELÉSMEGFOGÓ,,991450136,,,,2024. 10. 30.,Használt,
ME.991460178,RÉZMEGFOGÓ,,,Saruzófej Alkatrész,Mecal,,RÉZMEGFOGÓ,,991460178,,,,2024. 10. 30.,Új,
H_ME.991460178,RÉZMEGFOGÓ,,,Saruzófej Alkatrész,Mecal,,RÉZMEGFOGÓ,,991460178,,,,2024. 10. 30.,Használt,
ME.901330305,VÁGÓKÉS,,,Saruzófej Alkatrész,Mecal,,VÁGÓKÉS,,901330305,,,,2024. 10. 30.,Új,
H_ME.901330305,VÁGÓKÉS,,,Saruzófej Alkatrész,Mecal,,VÁGÓKÉS,,901330305,,,,2024. 10. 30.,Használt,
35103.00.02,WEETECH 1 Teszt állomás,,Products_Images/35103.00.02.Image.120154.jpg,Egyéb Gép,,,,,280-1630,,,,2024. 11. 07.,,
35103.00.01,WEETECH 2 Teszt állomás,,Products_Images/35103.00.01.Image.120255.jpg,Egyéb Gép,,,,,280-2796,,,,2024. 11. 07.,,
50103.00.02,Schleuniger PowerStrip 9500,,Products_Images/50103.00.02.Image.120554.jpg,Daraboló,Schleuniger,,,,,,,,2024. 11. 07.,,
50103.00.05,Schleuniger ES 9380,,,Daraboló,Schleuniger,,,,2018/1007,,,,2024. 11. 07.,,
ME.991270119,RÉZMEGFOGÓ ÜLLŐ,,,Saruzófej Alkatrész,Mecal,,RÉZMEGFOGÓ ÜLLŐ,,991270119,,,,2024. 11. 07.,Új,
H_ME.991270119,RÉZMEGFOGÓ ÜLLŐ,,,Saruzófej Alkatrész,Mecal,,RÉZMEGFOGÓ ÜLLŐ,,991270119,,,,2024. 11. 07.,Használt,
ME.991270232,SZIGETELÉSMEGFOGÓ ÜLLŐ,,,Saruzófej Alkatrész,Mecal,,SZIGETELÉSMEGFOGÓ ÜLLŐ,,991270232,,,,2024. 11. 07.,Új,
H_ME.991270232,SZIGETELÉSMEGFOGÓ ÜLLŐ,,,Saruzófej Alkatrész,Mecal,,SZIGETELÉSMEGFOGÓ ÜLLŐ,,991270232,,,,2024. 11. 07.,Használt,
ME.991450895,SZIGETELÉSMEGFOGÓ,,,Saruzófej Alkatrész,Mecal,,SZIGETELÉSMEGFOGÓ,,991450895,,,,2024. 11. 07.,Új,
H_ME.991450895,SZIGETELÉSMEGFOGÓ,,,Saruzófej Alkatrész,Mecal,,SZIGETELÉSMEGFOGÓ,,991450895,,,,2024. 11. 07.,Használt,
ME.991460118,RÉZMEGFOGÓ,,,Saruzófej Alkatrész,Mecal,,RÉZMEGFOGÓ,,991460118,,,,2024. 11. 07.,Új,
H_ME.991460118,RÉZMEGFOGÓ,,,Saruzófej Alkatrész,Mecal,,RÉZMEGFOGÓ,,991460118,,,,2024. 11. 07.,Használt,
ME.991270366,RÉZMEGFOGÓ ÜLLŐ,,,Saruzófej Alkatrész,Mecal,,RÉZMEGFOGÓ ÜLLŐ,,991270366,,,,2024. 11. 07.,Új,
H_ME.991270366,RÉZMEGFOGÓ ÜLLŐ,,,Saruzófej Alkatrész,Mecal,,RÉZMEGFOGÓ ÜLLŐ,,991270366,,,,2024. 11. 07.,Használt,
ME.991270367,SZIGETELÉSMEGFOGÓ ÜLLŐ,,,Saruzófej Alkatrész,Mecal,,SZIGETELÉSMEGFOGÓ ÜLLŐ,,991270367,,,,2024. 11. 07.,Új,
H_ME.991270367,SZIGETELÉSMEGFOGÓ ÜLLŐ,,,Saruzófej Alkatrész,Mecal,,SZIGETELÉSMEGFOGÓ ÜLLŐ,,991270367,,,,2024. 11. 07.,Használt,
ME.991450516,SZIGETELÉSMEGFOGÓ,,,Saruzófej Alkatrész,Mecal,,SZIGETELÉSMEGFOGÓ,,991450516,,,,2024. 11. 07.,Új,
H_ME.991450516,SZIGETELÉSMEGFOGÓ,,,Saruzófej Alkatrész,Mecal,,SZIGETELÉSMEGFOGÓ,,991450516,,,,2024. 11. 07.,Használt,
ME.991460330,RÉZMEGFOGÓ,,,Saruzófej Alkatrész,Mecal,,RÉZMEGFOGÓ,,991460330,,,,2024. 11. 07.,Új,
H_ME.991460330,RÉZMEGFOGÓ,,,Saruzófej Alkatrész,Mecal,,RÉZMEGFOGÓ,,991460330,,,,2024. 11. 07.,Használt,
ME.991270929,RÉZMEGFOGÓ ÜLLŐ,,,Saruzófej Alkatrész,Mecal,,RÉZMEGFOGÓ ÜLLŐ,,991270929,,,,2024. 11. 07.,Új,
H_ME.991270929,RÉZMEGFOGÓ ÜLLŐ,,,Saruzófej Alkatrész,Mecal,,RÉZMEGFOGÓ ÜLLŐ,,991270929,,,,2024. 11. 07.,Használt,
ME.991270930,SZIGETELÉSMEGFOGÓ ÜLLŐ,,,Saruzófej Alkatrész,Mecal,,SZIGETELÉSMEGFOGÓ ÜLLŐ,,991270930,,,,2024. 11. 07.,Új,
H_ME.991270930,SZIGETELÉSMEGFOGÓ ÜLLŐ,,,Saruzófej Alkatrész,Mecal,,SZIGETELÉSMEGFOGÓ ÜLLŐ,,991270930,,,,2024. 11. 07.,Használt,
ME.991450702,SZIGETELÉSMEGFOGÓ,,,Saruzófej Alkatrész,Mecal,,SZIGETELÉSMEGFOGÓ,,991450702,,,,2024. 11. 07.,Új,
H_ME.991450702,SZIGETELÉSMEGFOGÓ,,,Saruzófej Alkatrész,Mecal,,SZIGETELÉSMEGFOGÓ,,991450702,,,,2024. 11. 07.,Használt,
ME.991460174,RÉZMEGFOGÓ,,,Saruzófej Alkatrész,Mecal,,RÉZMEGFOGÓ,,991460174,,,,2024. 11. 07.,Új,
H_ME.991460174,RÉZMEGFOGÓ,,,Saruzófej Alkatrész,Mecal,,RÉZMEGFOGÓ,,991460174,,,,2024. 11. 07.,Használt,
ME.991270240,RÉZMEGFOGÓ ÜLLŐ,,,Saruzófej Alkatrész,Mecal,,RÉZMEGFOGÓ ÜLLŐ,,991270240,,,,2024. 11. 07.,Új,
H_ME.991270240,RÉZMEGFOGÓ ÜLLŐ,,,Saruzófej Alkatrész,Mecal,,RÉZMEGFOGÓ ÜLLŐ,,991270240,,,,2024. 11. 07.,Használt,
ME.991270705,SZIGETELÉSMEGFOGÓ ÜLLŐ,,,Saruzófej Alkatrész,Mecal,,SZIGETELÉSMEGFOGÓ ÜLLŐ,,991270705,,,,2024. 11. 07.,Új,
H_ME.991270705,SZIGETELÉSMEGFOGÓ ÜLLŐ,,,Saruzófej Alkatrész,Mecal,,SZIGETELÉSMEGFOGÓ ÜLLŐ,,991270705,,,,2024. 11. 07.,Használt,
ME.991450411,SZIGETELÉSMEGFOGÓ,,,Saruzófej Alkatrész,Mecal,,SZIGETELÉSMEGFOGÓ,,991450411,,,,2024. 11. 07.,Új,
H_ME.991450411,SZIGETELÉSMEGFOGÓ,,,Saruzófej Alkatrész,Mecal,,SZIGETELÉSMEGFOGÓ,,991450411,,,,2024. 11. 07.,Használt,
ME.991270066,RÉZMEGFOGÓ ÜLLŐ,,,Saruzófej Alkatrész,Mecal,,RÉZMEGFOGÓ ÜLLŐ,,991270066,,,,2024. 11. 07.,Új,
H_ME.991270066,RÉZMEGFOGÓ ÜLLŐ,,,Saruzófej Alkatrész,Mecal,,RÉZMEGFOGÓ ÜLLŐ,,991270066,,,,2024. 11. 07.,Használt,
ME.991270067,SZIGETELÉSMEGFOGÓ ÜLLŐ,,,Saruzófej Alkatrész,Mecal,,SZIGETELÉSMEGFOGÓ ÜLLŐ,,991270067,,,,2024. 11. 07.,Új,
H_ME.991270067,SZIGETELÉSMEGFOGÓ ÜLLŐ,,,Saruzófej Alkatrész,Mecal,,SZIGETELÉSMEGFOGÓ ÜLLŐ,,991270067,,,,2024. 11. 07.,Használt,
ME.991270391,RÉZMEGFOGÓ ÜLLŐ,,,Saruzófej Alkatrész,Mecal,,RÉZMEGFOGÓ ÜLLŐ,,991270391,,,,2024. 11. 07.,Új,
H_ME.991270391,RÉZMEGFOGÓ ÜLLŐ,,,Saruzófej Alkatrész,Mecal,,RÉZMEGFOGÓ ÜLLŐ,,991270391,,,,2024. 11. 07.,Használt,
ME.991270409,SZIGETELÉSMEGFOGÓ ÜLLŐ,,,Saruzófej Alkatrész,Mecal,,SZIGETELÉSMEGFOGÓ ÜLLŐ,,991270409,,,,2024. 11. 07.,Új,
H_ME.991270409,SZIGETELÉSMEGFOGÓ ÜLLŐ,,,Saruzófej Alkatrész,Mecal,,SZIGETELÉSMEGFOGÓ ÜLLŐ,,991270409,,,,2024. 11. 07.,Használt,
ME.991460388,RÉZMEGFOGÓ,,,Saruzófej Alkatrész,Mecal,,RÉZMEGFOGÓ,,991460388,,,,2024. 11. 07.,Új,
H_ME.991460388,RÉZMEGFOGÓ,,,Saruzófej Alkatrész,Mecal,,RÉZMEGFOGÓ,,991460388,,,,2024. 11. 07.,Használt,
ME.901422947,RÉZMEGFOGÓ ÜLLŐ,,,Saruzófej Alkatrész,Mecal,,RÉZMEGFOGÓ ÜLLŐ,,901422947,,,,2024. 11. 07.,Új,
H_ME.901422947,RÉZMEGFOGÓ ÜLLŐ,,,Saruzófej Alkatrész,Mecal,,RÉZMEGFOGÓ ÜLLŐ,,901422947,,,,2024. 11. 07.,Használt,
ME.991461024,RÉZMEGFOGÓ,,,Saruzófej Alkatrész,Mecal,,RÉZMEGFOGÓ,,991461024,,,,2024. 11. 07.,Új,
H_ME.991461024,RÉZMEGFOGÓ,,,Saruzófej Alkatrész,Mecal,,RÉZMEGFOGÓ,,991461024,,,,2024. 11. 07.,Használt,
ME.901070095,LEHÚZÓ,,,Saruzófej Alkatrész,Mecal,,LEHÚZÓ,,901070095,,,,2024. 11. 07.,Új,
ME.901050025,TÁVTARTÓ,,,Saruzófej Alkatrész,Mecal,,TÁVTARTÓ,,901050025,,,,2024. 11. 07.,Új,
ME.901330505,VÁGÓKÉS,,,Saruzófej Alkatrész,Mecal,,VÁGÓKÉS,,901330505,,,,2024. 11. 07.,Új,
H_ME.901330505,VÁGÓKÉS,,,Saruzófej Alkatrész,Mecal,,VÁGÓKÉS,,901330505,,,,2024. 11. 07.,Használt,
ME.901340195,VÁGÓKÉS VEZETŐ,,,Saruzófej Alkatrész,Mecal,,VÁGÓKÉS VEZETŐ,,901340195,,,,2024. 11. 07.,Új,
H_ME.901340195,VÁGÓKÉS VEZETŐ,,,Saruzófej Alkatrész,Mecal,,VÁGÓKÉS VEZETŐ,,901340195,,,,2024. 11. 07.,Használt,
ME.901350157,MOZGÓ ÜLLŐ TARTÓ,,,Saruzófej Alkatrész,Mecal,,MOZGÓ ÜLLŐ TARTÓ,,901350157,,,,2024. 11. 07.,Új,
H_ME.901350157,MOZGÓ ÜLLŐ TARTÓ,,,Saruzófej Alkatrész,Mecal,,MOZGÓ ÜLLŐ TARTÓ,,901350157,,,,2024. 11. 07.,Használt,
ME.901400143,MOZGÓ ÜLLŐ,,,Saruzófej Alkatrész,Mecal,,MOZGÓ ÜLLŐ,,901400143,,,,2024. 11. 07.,Új,
H_ME.901400143,MOZGÓ ÜLLŐ,,,Saruzófej Alkatrész,Mecal,,MOZGÓ ÜLLŐ,,901400143,,,,2024. 11. 07.,Használt,
ME.901350197,VÁGÓKÉS ALAP,,,Saruzófej Alkatrész,Mecal,,VÁGÓKÉS ALAP,,901350197,,,,2024. 11. 07.,Új,
H_ME.901350197,VÁGÓKÉS ALAP,,,Saruzófej Alkatrész,Mecal,,VÁGÓKÉS ALAP,,901350197,,,,2024. 11. 07.,Használt,
ME.991270255,RÉZMEGFOGÓ ÜLLŐ,,,Saruzófej Alkatrész,Mecal,,RÉZMEGFOGÓ ÜLLŐ,,991270255,,,,2024. 11. 07.,Új,
H_ME.991270255,RÉZMEGFOGÓ ÜLLŐ,,,Saruzófej Alkatrész,Mecal,,RÉZMEGFOGÓ ÜLLŐ,,991270255,,,,2024. 11. 07.,Használt,
ME.991271161,SZIGETELÉSMEGFOGÓ ÜLLŐ,,,Saruzófej Alkatrész,Mecal,,SZIGETELÉSMEGFOGÓ ÜLLŐ,,991271161,,,,2024. 11. 07.,Új,
H_ME.991271161,SZIGETELÉSMEGFOGÓ ÜLLŐ,,,Saruzófej Alkatrész,Mecal,,SZIGETELÉSMEGFOGÓ ÜLLŐ,,991271161,,,,2024. 11. 07.,Használt,
ME.991460143,RÉZMEGFOGÓ,,,Saruzófej Alkatrész,Mecal,,RÉZMEGFOGÓ,,991460143,,,,2024. 11. 07.,Új,
H_ME.991460143,RÉZMEGFOGÓ,,,Saruzófej Alkatrész,Mecal,,RÉZMEGFOGÓ,,991460143,,,,2024. 11. 07.,Használt,
50102.00.01,Komax 34,,Products_Images/50102.00.01.Image.115749.jpg,Daraboló,Komax,,,,30522,,,,2024. 11. 08.,,
50102.00.02,Komax 35,,Products_Images/50102.00.02.Image.123313.jpg,Daraboló,Komax,,,,100690,,,,2024. 11. 08.,,
ME.991271246,RÉZMEGFOGÓ ÜLLŐ,,,Saruzófej Alkatrész,Mecal,,RÉZMEGFOGÓ ÜLLŐ,,991271246,,,,2024. 11. 08.,Új,
H_ME.991271246,RÉZMEGFOGÓ ÜLLŐ,,,Saruzófej Alkatrész,Mecal,,RÉZMEGFOGÓ ÜLLŐ,,991271246,,,,2024. 11. 08.,Használt,
ME.991272439,SZIGETELÉSMEGFOGÓ ÜLLŐ,,,Saruzófej Alkatrész,Mecal,,SZIGETELÉSMEGFOGÓ ÜLLŐ,,991272439,,,,2024. 11. 08.,Új,
H_ME.991272439,SZIGETELÉSMEGFOGÓ ÜLLŐ,,,Saruzófej Alkatrész,Mecal,,SZIGETELÉSMEGFOGÓ ÜLLŐ,,991272439,,,,2024. 11. 08.,Használt,
ME.991450529,SZIGETELÉSMEGFOGÓ,,,Saruzófej Alkatrész,Mecal,,SZIGETELÉSMEGFOGÓ,,991450529,,,,2024. 11. 08.,Új,
H_ME.991450529,SZIGETELÉSMEGFOGÓ,,,Saruzófej Alkatrész,Mecal,,SZIGETELÉSMEGFOGÓ,,991450529,,,,2024. 11. 08.,Használt,
ME.991460263,RÉZMEGFOGÓ,,,Saruzófej Alkatrész,Mecal,,RÉZMEGFOGÓ,,991460263,,,,2024. 11. 08.,Új,
H_ME.991460263,RÉZMEGFOGÓ,,,Saruzófej Alkatrész,Mecal,,RÉZMEGFOGÓ,,991460263,,,,2024. 11. 08.,Használt,
ME.991450254,SZIGETELÉSMEGFOGÓ,,,Saruzófej Alkatrész,Mecal,,SZIGETELÉSMEGFOGÓ,,991450254,,,,2024. 11. 08.,Új,
H_ME.991450254,SZIGETELÉSMEGFOGÓ,,,Saruzófej Alkatrész,Mecal,,SZIGETELÉSMEGFOGÓ,,991450254,,,,2024. 11. 08.,Használt,
ME.911270943,RÉZMEGFOGÓ ÜLLŐ,,,Saruzófej Alkatrész,Mecal,,RÉZMEGFOGÓ ÜLLŐ,,911270943,,,,2024. 11. 08.,Új,
H_ME.911270943,RÉZMEGFOGÓ ÜLLŐ,,,Saruzófej Alkatrész,Mecal,,RÉZMEGFOGÓ ÜLLŐ,,911270943,,,,2024. 11. 08.,Használt,
ME.911330208,ELSŐ MOZGÓ ÜLLŐ,,,Saruzófej Alkatrész,Mecal,,MOZGÓ ÜLLŐ,,911330208,,,,2024. 11. 08.,Új,
H_ME.911330208,ELSŐ MOZGÓ ÜLLŐ,,,Saruzófej Alkatrész,Mecal,,MOZGÓ ÜLLŐ,,911330208,,,,2024. 11. 08.,Használt,
ME.911340209,MOZGÓ ÜLLŐ TARTÓ,,,Saruzófej Alkatrész,Mecal,,MOZGÓ ÜLLŐ TARTÓ,,911340209,,,,2024. 11. 08.,Új,
H_ME.911340209,MOZGÓ ÜLLŐ TARTÓ,,,Saruzófej Alkatrész,Mecal,,MOZGÓ ÜLLŐ TARTÓ,,911340209,,,,2024. 11. 08.,Használt,
SPC06010B,Vágókés,,Products_Images/SPC06010B.Image.120609.jpg,Alkatrész,GLW,,VÁGÓKÉS,,004966,,,,2024. 11. 28.,Új,TMK
H-SPC06010B,Vágókés,,Products_Images/H-SPC06010B.Image.120841.jpg,Alkatrész,GLW,,VÁGÓKÉS,,004966,,,,2024. 11. 28.,Használt,TMK
ME.991270057,RÉZMEGFOGÓ ÜLLŐ,,,Saruzófej Alkatrész,Mecal,,RÉZMEGFOGÓ ÜLLŐ,,991270057,,,,2024. 11. 28.,Új,
H_ME.991270057,RÉZMEGFOGÓ ÜLLŐ,,,Saruzófej Alkatrész,Mecal,,RÉZMEGFOGÓ ÜLLŐ,,991270057,,,,2024. 11. 28.,Használt,
ME.991270022,SZIGETELÉSMEGFOGÓ ÜLLŐ,,,Saruzófej Alkatrész,Mecal,,SZIGETELÉSMEGFOGÓ ÜLLŐ,,991270022,,,,2024. 11. 28.,Új,
H_ME.991270022,SZIGETELÉSMEGFOGÓ ÜLLŐ,,,Saruzófej Alkatrész,Mecal,,SZIGETELÉSMEGFOGÓ ÜLLŐ,,991270022,,,,2024. 11. 28.,Használt,
ME.991273060,RÉZMEGFOGÓ ÜLLŐ,,,Saruzófej Alkatrész,Mecal,,RÉZMEGFOGÓ ÜLLŐ,,991273060,,,,2024. 11. 28.,Új,
H_ME.991273060,RÉZMEGFOGÓ ÜLLŐ,,,Saruzófej Alkatrész,Mecal,,RÉZMEGFOGÓ ÜLLŐ,,991273060,,,,2024. 11. 28.,Használt,
ME.991270696,SZIGETELÉSMEGFOGÓ ÜLLŐ,,,Saruzófej Alkatrész,Mecal,,SZIGETELÉSMEGFOGÓ ÜLLŐ,,991270696,,,,2024. 11. 28.,Új,
H_ME.991270696,SZIGETELÉSMEGFOGÓ ÜLLŐ,,,Saruzófej Alkatrész,Mecal,,SZIGETELÉSMEGFOGÓ ÜLLŐ,,991270696,,,,2024. 11. 28.,Használt,
ME.991450116,SZIGETELÉSMEGFOGÓ,,,Saruzófej Alkatrész,Mecal,,SZIGETELÉSMEGFOGÓ,,991450116,,,,2024. 11. 28.,Új,
H_ME.991450116,SZIGETELÉSMEGFOGÓ,,,Saruzófej Alkatrész,Mecal,,SZIGETELÉSMEGFOGÓ,,991450116,,,,2024. 11. 28.,Használt,
ME.991461010,RÉZMEGFOGÓ,,,Saruzófej Alkatrész,Mecal,,RÉZMEGFOGÓ,,991461010,,,,2024. 11. 28.,Új,
H_ME.991461010,RÉZMEGFOGÓ,,,Saruzófej Alkatrész,Mecal,,RÉZMEGFOGÓ,,991461010,,,,2024. 11. 28.,Használt,
ME.911330404,ELSŐ MOZGÓ ÜLLŐ,,,Saruzófej Alkatrész,Mecal,,MOZGÓ ÜLLŐ,,911330404,,,,2024. 11. 28.,Új,
H_ME.911330404,ELSŐ MOZGÓ ÜLLŐ,,,Saruzófej Alkatrész,Mecal,,MOZGÓ ÜLLŐ,,911330404,,,,2024. 11. 28.,Használt,
ME.911340364,ELSŐ ÜLLŐ TARTÓ,,,Saruzófej Alkatrész,Mecal,,MOZGÓ ÜLLŐ TARTÓ,,911340364,,,,2024. 11. 28.,Új,
H_ME.911340364,ELSŐ ÜLLŐ TARTÓ,,,Saruzófej Alkatrész,Mecal,,MOZGÓ ÜLLŐ TARTÓ,,911340364,,,,2024. 11. 28.,Használt,
ME.991271426,RÉZMEGFOGÓ ÜLLŐ,,,Saruzófej Alkatrész,Mecal,,RÉZMEGFOGÓ ÜLLŐ,,991271426,,,,2024. 11. 28.,Új,
H_ME.991271426,RÉZMEGFOGÓ ÜLLŐ,,,Saruzófej Alkatrész,Mecal,,RÉZMEGFOGÓ ÜLLŐ,,991271426,,,,2024. 11. 28.,Használt,
ME.991271427,SZIGETELÉSMEGFOGÓ ÜLLŐ,,,Saruzófej Alkatrész,Mecal,,SZIGETELÉSMEGFOGÓ ÜLLŐ,,991271427,,,,2024. 11. 28.,Új,
H_ME.991271427,SZIGETELÉSMEGFOGÓ ÜLLŐ,,,Saruzófej Alkatrész,Mecal,,SZIGETELÉSMEGFOGÓ ÜLLŐ,,991271427,,,,2024. 11. 28.,Használt,
ME.991450586,SZIGETELÉSMEGFOGÓ,,,Saruzófej Alkatrész,Mecal,,SZIGETELÉSMEGFOGÓ,,991450586,,,,2024. 11. 28.,Új,
H_ME.991450586,SZIGETELÉSMEGFOGÓ,,,Saruzófej Alkatrész,Mecal,,SZIGETELÉSMEGFOGÓ,,991450586,,,,2024. 11. 28.,Használt,
ME.991460796,RÉZMEGFOGÓ,,,Saruzófej Alkatrész,Mecal,,RÉZMEGFOGÓ,,991460796,,,,2024. 11. 28.,Új,
H_ME.991460796,RÉZMEGFOGÓ,,,Saruzófej Alkatrész,Mecal,,RÉZMEGFOGÓ,,991460796,,,,2024. 11. 28.,Használt,
ME.911330369,ELSŐ MOZGÓ ÜLLŐ,,,Saruzófej Alkatrész,Mecal,,MOZGÓ ÜLLŐ,,911330369,,,,2024. 11. 28.,Új,
H_ME.911330369,ELSŐ MOZGÓ ÜLLŐ,,,Saruzófej Alkatrész,Mecal,,MOZGÓ ÜLLŐ,,911330369,,,,2024. 11. 28.,Használt,
ME.991270162,RÉZMEGFOGÓ ÜLLŐ,,,Saruzófej Alkatrész,Mecal,,RÉZMEGFOGÓ ÜLLŐ,,991270162,,,,2024. 11. 28.,Új,
H_ME.991270162,RÉZMEGFOGÓ ÜLLŐ,,,Saruzófej Alkatrész,Mecal,,RÉZMEGFOGÓ ÜLLŐ,,991270162,,,,2024. 11. 28.,Használt,
ME.991270118,SZIGETELÉSMEGFOGÓ ÜLLŐ,,,Saruzófej Alkatrész,Mecal,,SZIGETELÉSMEGFOGÓ ÜLLŐ,,991270118,,,,2024. 11. 28.,Új,
H_ME.991270118,SZIGETELÉSMEGFOGÓ ÜLLŐ,,,Saruzófej Alkatrész,Mecal,,SZIGETELÉSMEGFOGÓ ÜLLŐ,,991270118,,,,2024. 11. 28.,Használt,
ME.991450360,SZIGETELÉSMEGFOGÓ,,,Saruzófej Alkatrész,Mecal,,SZIGETELÉSMEGFOGÓ,,991450360,,,,2024. 11. 28.,Új,
H_ME.991450360,SZIGETELÉSMEGFOGÓ,,,Saruzófej Alkatrész,Mecal,,SZIGETELÉSMEGFOGÓ,,991450360,,,,2024. 11. 28.,Használt,
ME.991460438,RÉZMEGFOGÓ,,,Saruzófej Alkatrész,Mecal,,RÉZMEGFOGÓ,,991460438,,,,2024. 11. 28.,Új,
H_ME.991460438,RÉZMEGFOGÓ,,,Saruzófej Alkatrész,Mecal,,RÉZMEGFOGÓ,,991460438,,,,2024. 11. 28.,Használt,
ME.901420964,SZIGETELÉSMEGFOGÓ ÜLLŐ,,,Saruzófej Alkatrész,Mecal,,SZIGETELÉSMEGFOGÓ ÜLLŐ,,901420964,,,,2024. 11. 28.,Új,
H_ME.901420964,SZIGETELÉSMEGFOGÓ ÜLLŐ,,,Saruzófej Alkatrész,Mecal,,SZIGETELÉSMEGFOGÓ ÜLLŐ,,901420964,,,,2024. 11. 28.,Használt,
ME.911340126,MOZGÓ ÜLLŐ TARTÓ,,,Saruzófej Alkatrész,Mecal,,MOZGÓ ÜLLŐ TARTÓ,,911340126,,,,2024. 11. 28.,Új,
H_ME.911340126,MOZGÓ ÜLLŐ TARTÓ,,,Saruzófej Alkatrész,Mecal,,MOZGÓ ÜLLŐ TARTÓ,,911340126,,,,2024. 11. 28.,Használt,
KO.79040940,Vágógés Alap Oldalsó,,,Saruzófej Alkatrész,Kormak,,VÁGÓKÉS ALAP,,79040940,,,,2025. 01. 14.,Új,
H_KO.79040940,Vágókés Alap Oldalsó,,,Saruzófej Alkatrész,Kormak,,VÁGÓKÉS ALAP,,79040940,,,,2025. 01. 14.,Használt,
ME.911271933,FIX ÜLLŐ,,,Saruzófej Alkatrész,Mecal,,FIX ÜLLŐ,,911271933,,,,2025. 01. 14.,Új,
H_ME.911271933,FIX ÜLLŐ,,,Saruzófej Alkatrész,Mecal,,FIX ÜLLŐ,,911271933,,,,2025. 01. 14.,Használt,
ME.991450179,SZIGETELÉSMEGFOGÓ,,,Saruzófej Alkatrész,Mecal,,SZIGETELÉSMEGFOGÓ,,991450179,,,,2025. 01. 14.,Új,
H_ME.991450179,SZIGETELÉSMEGFOGÓ,,,Saruzófej Alkatrész,Mecal,,SZIGETELÉSMEGFOGÓ,,991450179,,,,2025. 01. 14.,Használt,
ME.991460803,RÉZMEGFOGÓ,,,Saruzófej Alkatrész,Mecal,,RÉZMEGFOGÓ,,991460803,,,,2025. 01. 14.,Új,
H_ME.991460803,RÉZMEGFOGÓ,,,Saruzófej Alkatrész,Mecal,,RÉZMEGFOGÓ,,991460803,,,,2025. 01. 14.,Használt,
ME.911340167,MOZGÓ ÜLLŐ TARTÓ,,,Saruzófej Alkatrész,Mecal,,MOZGÓ ÜLLŐ TARTÓ,,911340167,,,,2025. 01. 14.,Új,
H_ME.911340167,MOZGÓ ÜLLŐ TARTÓ,,,Saruzófej Alkatrész,Mecal,,MOZGÓ ÜLLŐ TARTÓ,,911340167,,,,2025. 01. 14.,Használt,
ME.911330141,MOZGÓ ÜLLŐ,,,Saruzófej Alkatrész,Mecal,,MOZGÓ ÜLLŐ,,911330141,,,,2025. 01. 14.,Új,
H_ME.911330141,MOZGÓ ÜLLŐ,,,Saruzófej Alkatrész,Mecal,,MOZGÓ ÜLLŐ,,911330141,,,,2025. 01. 14.,Használt,
ME.911060018,TOVÁBBÍTÓ KÖRÖM,,,Saruzófej Alkatrész,Mecal,,EGYÉB,,911060018,,,,2025. 01. 14.,Új,
H_ME.911060018,TOVÁBBÍTÓ KÖRÖM,,,Saruzófej Alkatrész,Mecal,,EGYÉB,,911060018,,,,2025. 01. 14.,Használt,
KO.79050452,FIX ÜLLŐ,,,Saruzófej Alkatrész,KORMAK,,FIX ÜLLŐ,,79050452,,,,2025. 01. 14.,Új,
H_KO.79050452,FIX ÜLLŐ,,,Saruzófej Alkatrész,KORMAK,,FIX ÜLLŐ,,79050452,,,,2025. 01. 14.,Használt,
KO.72212818,SZIGETELÉSMEGFOGÓ,,,Saruzófej Alkatrész,KORMAK,,SZIGETELÉSMEGFOGÓ,,72212818,,,,2025. 01. 14.,Új,
H_KO.72212818,SZIGETELÉSMEGFOGÓ,,,Saruzófej Alkatrész,KORMAK,,SZIGETELÉSMEGFOGÓ,,72212818,,,,2025. 01. 14.,Használt,
KO.72122030,RÉZMEGFOGÓ,,,Saruzófej Alkatrész,KORMAK,,RÉZMEGFOGÓ,,72122030,,,,2025. 01. 14.,Új,
H_KO.72122030,RÉZMEGFOGÓ,,,Saruzófej Alkatrész,KORMAK,,RÉZMEGFOGÓ,,72122030,,,,2025. 01. 14.,Használt,
KO.72035704,VÁGÓKÉS,,,Saruzófej Alkatrész,KORMAK,,VÁGÓKÉS,,72035704,,,,2025. 01. 14.,Új,
H_KO.72035704,VÁGÓKÉS,,,Saruzófej Alkatrész,KORMAK,,VÁGÓKÉS,,72035704,,,,2025. 01. 14.,Használt,
KO.72087904,VÁGÓKÉS VEZETŐ,,,Saruzófej Alkatrész,KORMAK,,VÁGÓKÉS VEZETŐ,,72087904,,,,2025. 01. 14.,Új,
H_KO.72087904,VÁGÓKÉS VEZETŐ,,,Saruzófej Alkatrész,KORMAK,,VÁGÓKÉS VEZETŐ,,72087904,,,,2025. 01. 14.,Használt,
ME.991270843,RÉZMEGFOGÓ ÜLLŐ,,,Saruzófej Alkatrész,Mecal,,FIX ÜLLŐ,,991270843,,,,2025. 01. 14.,Új,
H_ME.991270843,RÉZMEGFOGÓ ÜLLŐ,,,Saruzófej Alkatrész,Mecal,,FIX ÜLLŐ,,991270843,,,,2025. 01. 14.,Használt,
ME.991270844,SZIGETELÉSMEGFOGÓ ÜLLŐ,,,Saruzófej Alkatrész,Mecal,,FIX ÜLLŐ,,991270844,,,,2025. 01. 14.,Új,
H_ME.991270844,SZIGETELÉSMEGFOGÓ ÜLLŐ,,,Saruzófej Alkatrész,Mecal,,FIX ÜLLŐ,,991270844,,,,2025. 01. 14.,Használt,
ME.991450206,SZIGETELÉSMEGFOGÓ,,,Saruzófej Alkatrész,Mecal,,SZIGETELÉSMEGFOGÓ,,991450206,,,,2025. 01. 14.,Új,
H_ME.991450206,SZIGETELÉSMEGFOGÓ,,,Saruzófej Alkatrész,Mecal,,SZIGETELÉSMEGFOGÓ,,991450206,,,,2025. 01. 14.,Használt,
ME.991460653,RÉZMEGFOGÓ,,,Saruzófej Alkatrész,Mecal,,RÉZMEGFOGÓ,,991460653,,,,2025. 01. 14.,Új,
H_ME.991460653,RÉZMEGFOGÓ,,,Saruzófej Alkatrész,Mecal,,RÉZMEGFOGÓ,,991460653,,,,2025. 01. 14.,Használt,
ME.911340323,MOZGÓ ÜLLŐ TARTÓ,,,Saruzófej Alkatrész,Mecal,,MOZGÓ ÜLLŐ TARTÓ,,911340323,,,,2025. 01. 14.,Új,
H_ME.911340323,MOZGÓ ÜLLŐ TARTÓ,,,Saruzófej Alkatrész,Mecal,,MOZGÓ ÜLLŐ TARTÓ,,911340323,,,,2025. 01. 14.,Használt,
1338690-2-J,FIX ÜLLŐ,,,Saruzófej Alkatrész,AMP,,FIX ÜLLŐ,,1338690-2-J,,,,2025. 01. 14.,Új,
H_1338690-2-J,FIX ÜLLŐ,,,Saruzófej Alkatrész,AMP,,FIX ÜLLŐ,,1338690-2-J,,,,2025. 01. 14.,Használt,
5-456135-7,SZIGETELÉSMEGFOGÓ,,,Saruzófej Alkatrész,AMP,,SZIGETELÉSMEGFOGÓ,,5-456135-7,,,,2025. 01. 14.,Új,
H_5-456135-7,SZIGETELÉSMEGFOGÓ,,,Saruzófej Alkatrész,AMP,,SZIGETELÉSMEGFOGÓ,,5-456135-7,,,,2025. 01. 14.,Használt,
1-456402-5,RÉZMEGFOGÓ,,,Saruzófej Alkatrész,AMP,,RÉZMEGFOGÓ,,1-456402-5,,,,2025. 01. 14.,Új,
H_1-456402-5,RÉZMEGFOGÓ,,,Saruzófej Alkatrész,AMP,,RÉZMEGFOGÓ,,1-456402-5,,,,2025. 01. 14.,Használt,
462006-1-U,MOZGÓ ÜLLŐ,,,Saruzófej Alkatrész,AMP,,MOZGÓ ÜLLŐ,,462006-1-U,,,,2025. 01. 14.,Új,
H_462006-1-U,MOZGÓ ÜLLŐ,,,Saruzófej Alkatrész,AMP,,MOZGÓ ÜLLŐ,,462006-1-U,,,,2025. 01. 14.,Használt,
6904591,MOZGÓ ÜLLŐ TARTÓ,,,Saruzófej Alkatrész,AMP,,MOZGÓ ÜLLŐ TARTÓ,,6904591,,,,2025. 01. 14.,Új,
H_6904591,MOZGÓ ÜLLŐ TARTÓ,,,Saruzófej Alkatrész,AMP,,MOZGÓ ÜLLŐ TARTÓ,,6904591,,,,2025. 01. 14.,Használt,
ME.991270168,RÉZMEGFOGÓ ÜLLŐ,,,Saruzófej Alkatrész,Mecal,,RÉZMEGFOGÓ ÜLLŐ,,991270168,,,,2025. 01. 14.,Új,
H_ME.991270168,RÉZMEGFOGÓ ÜLLŐ,,,Saruzófej Alkatrész,Mecal,,RÉZMEGFOGÓ ÜLLŐ,,991270168,,,,2025. 01. 14.,Használt,
ME.991270169,SZIGETELÉSMEGFOGÓ ÜLLŐ,,,Saruzófej Alkatrész,Mecal,,SZIGETELÉSMEGFOGÓ ÜLLŐ,,991270169,,,,2025. 01. 14.,Új,
H_ME.991270169,SZIGETELÉSMEGFOGÓ ÜLLŐ,,,Saruzófej Alkatrész,Mecal,,SZIGETELÉSMEGFOGÓ ÜLLŐ,,991270169,,,,2025. 01. 14.,Használt,
ME.911330356,MOZGÓ ÜLLŐ,,,Saruzófej Alkatrész,Mecal,,MOZGÓ ÜLLŐ,,911330356,,,,2025. 01. 14.,Új,
H_ME.911330356,MOZGÓ ÜLLŐ,,,Saruzófej Alkatrész,Mecal,,MOZGÓ ÜLLŐ,,911330356,,,,2025. 01. 14.,Használt,
ME.991270315,RÉZMEGFOGÓ ÜLLŐ,,,Saruzófej Alkatrész,,,RÉZMEGFOGÓ ÜLLŐ,,991270315,,,,2025. 01. 14.,Új,
H_ME.991270315,RÉZMEGFOGÓ ÜLLŐ,,,Saruzófej Alkatrész,,,RÉZMEGFOGÓ ÜLLŐ,,991270315,,,,2025. 01. 14.,Használt,
ME.991270316,SZIGETELÉSMEGFOGÓ ÜLLŐ,,,Saruzófej Alkatrész,,,SZIGETELÉSMEGFOGÓ ÜLLŐ,,991270316,,,,2025. 01. 14.,Új,
H_ME.991270316,SZIGETELÉSMEGFOGÓ ÜLLŐ,,,Saruzófej Alkatrész,,,SZIGETELÉSMEGFOGÓ ÜLLŐ,,991270316,,,,2025. 01. 14.,Használt,
ME.991460794,RÉZMEGFOGÓ,,,Saruzófej Alkatrész,,,RÉZMEGFOGÓ,,991460794,,,,2025. 01. 14.,Új,
H_ME.991460794,RÉZMEGFOGÓ,,,Saruzófej Alkatrész,,,RÉZMEGFOGÓ,,991460794,,,,2025. 01. 14.,Használt,
40107.01.14,N115,,Products_Images/40107.01.14.Image.124646.jpg,Saruzófej,Mecal,Oldal,,Nem Gumis,,F,,,2025. 02. 17.,,Alkatrész Q3
382227,FIX ÜLLŐ,,,Saruzófej Alkatrész,Inarca,,FIX ÜLLŐ,,382227,,,,2025. 02. 17.,Új,
H_382227,FIX ÜLLŐ,,,Saruzófej Alkatrész,Inarca,,FIX ÜLLŐ,,382227,,,,2025. 02. 17.,Használt,
M7503384009,ELSŐ MOZGÓ ÜLLŐ,,,Saruzófej Alkatrész,Inarca,,MOZGÓ ÜLLŐ,,M7503384009,,,,2025. 02. 17.,Új,
H_M7503384009,ELSŐ MOZGÓ ÜLLŐ,,,Saruzófej Alkatrész,Inarca,,MOZGÓ ÜLLŐ,,M7503384009,,,,2025. 02. 17.,Használt,
M7503391004,HÁTSÓ MOZGÓ ÜLLŐ,,,Saruzófej Alkatrész,Inarca,,MOZGÓ ÜLLŐ,,M7503391004,,,,2025. 02. 17.,Új,
H_M7503391004,HÁTSÓ MOZGÓ ÜLLŐ,,,Saruzófej Alkatrész,Inarca,,MOZGÓ ÜLLŐ,,M7503391004,,,,2025. 02. 17.,Használt,
M7502123236,RÉZMEGFOGÓ,,,Saruzófej Alkatrész,Inarca,,RÉZMEGFOGÓ,,M7502123236,,,,2025. 02. 17.,Új,
H_M7502123236,RÉZMEGFOGÓ,,,Saruzófej Alkatrész,Inarca,,RÉZMEGFOGÓ,,M7502123236,,,,2025. 02. 17.,Használt,
M7503386006,ELSŐ MOZGÓ ÜLLŐ TARTÓ,,,Saruzófej Alkatrész,Inarca,,MOZGÓ ÜLLŐ TARTÓ,,M7503386006,,,,2025. 02. 17.,Új,
H_M7503386006,ELSŐ MOZGÓ ÜLLŐ TARTÓ,,,Saruzófej Alkatrész,Inarca,,MOZGÓ ÜLLŐ TARTÓ,,M7503386006,,,,2025. 02. 17.,Használt,
390000,HÁTSÓ MOZGÓ ÜLLŐ TARTÓ,,,Saruzófej Alkatrész,Inarca,,MOZGÓ ÜLLŐ TARTÓ,,390000,,,,2025. 02. 17.,Új,
H_390000,HÁTSÓ MOZGÓ ÜLLŐ TARTÓ,,,Saruzófej Alkatrész,Inarca,,MOZGÓ ÜLLŐ TARTÓ,,390000,,,,2025. 02. 17.,Használt,
AM2.722634.8,FIX ÜLLŐ,,,Saruzófej Alkatrész,AMP,,FIX ÜLLŐ,,AM2.722634.8,,,,2025. 02. 17.,Új,
H_AM2.722634.8,FIX ÜLLŐ,,,Saruzófej Alkatrész,AMP,,FIX ÜLLŐ,,AM2.722634.8,,,,2025. 02. 17.,Használt,
AM1.690403.3,SZIGETELÉSMEGFOGÓ,,,Saruzófej Alkatrész,AMP,,SZIGETELÉSMEGFOGÓ,,AM1.690403.3,,,,2025. 02. 17.,Új,
H_AM1.690403.3,SZIGETELÉSMEGFOGÓ,,,Saruzófej Alkatrész,AMP,,SZIGETELÉSMEGFOGÓ,,AM1.690403.3,,,,2025. 02. 17.,Használt,
AM721474.3,RÉZMEGFOGÓ,,,Saruzófej Alkatrész,AMP,,RÉZMEGFOGÓ,,AM721474.3,,,,2025. 02. 17.,Új,
H_AM721474.3,RÉZMEGFOGÓ,,,Saruzófej Alkatrész,AMP,,RÉZMEGFOGÓ,,AM721474.3,,,,2025. 02. 17.,Használt,
AM690474.5,VÁGÓKÉS,,,Saruzófej Alkatrész,AMP,,VÁGÓKÉS,,AM690474.5,,,,2025. 02. 17.,Új,
H_AM690474.5,VÁGÓKÉS,,,Saruzófej Alkatrész,AMP,,VÁGÓKÉS,,AM690474.5,,,,2025. 02. 17.,Használt,
AM720491.1,VÁGÓKÉS VEZETŐ ELSŐ,,,Saruzófej Alkatrész,AMP,,VÁGÓKÉS VEZETŐ,,AM720491.1,,,,2025. 02. 17.,Új,
H_AM720491.1,VÁGÓKÉS VEZETŐ ELSŐ,,,Saruzófej Alkatrész,AMP,,VÁGÓKÉS VEZETŐ,,AM720491.1,,,,2025. 02. 17.,Használt,
AM1.690496.1,VÁGÓKÉS VEZETŐ HÁTSÓ,,,Saruzófej Alkatrész,AMP,,VÁGÓKÉS VEZETŐ,,AM1.690496.1,,,,2025. 02. 17.,Új,
H_AM1.690496.1,VÁGÓKÉS VEZETŐ HÁTSÓ,,,Saruzófej Alkatrész,AMP,,VÁGÓKÉS VEZETŐ,,AM1.690496.1,,,,2025. 02. 17.,Használt,
805887-1,FIX ÜLLŐ,,,Saruzófej Alkatrész,AMP,,FIX ÜLLŐ,,805887-1,,,,2025. 02. 17.,Új,
H_805887-1,FIX ÜLLŐ,,,Saruzófej Alkatrész,AMP,,FIX ÜLLŐ,,805887-1,,,,2025. 02. 17.,Használt,
454276.1,ELSŐ MOZGÓ ÜLLŐ,,,Saruzófej Alkatrész,AMP,,MOZGÓ ÜLLŐ,,454276.1,,,,2025. 02. 17.,Új,
H_454276.1,ELSŐ MOZGÓ ÜLLŐ,,,Saruzófej Alkatrész,AMP,,MOZGÓ ÜLLŐ,,454276.1,,,,2025. 02. 17.,Használt,
690463-1,HÁTSÓ MOZGÓ ÜLLŐ,,,Saruzófej Alkatrész,AMP,,MOZGÓ ÜLLŐ,,690463-1,,,,2025. 02. 17.,Új,
H_690463-1,HÁTSÓ MOZGÓ ÜLLŐ,,,Saruzófej Alkatrész,AMP,,MOZGÓ ÜLLŐ,,690463-1,,,,2025. 02. 17.,Használt,
453840-6,RÉZMEGFOGÓ,,,Saruzófej Alkatrész,AMP,,RÉZMEGFOGÓ,,453840-6,,,,2025. 02. 17.,Új,
H_453840-6,RÉZMEGFOGÓ,,,Saruzófej Alkatrész,AMP,,RÉZMEGFOGÓ,,453840-6,,,,2025. 02. 17.,Használt,
8.690403.4,SZIGETELÉSMEGFOGÓ,,,Saruzófej Alkatrész,AMP,,SZIGETELÉSMEGFOGÓ,,8.690403.4,,,,2025. 02. 17.,Új,
H_8.690403.4,SZIGETELÉSMEGFOGÓ,,,Saruzófej Alkatrész,AMP,,SZIGETELÉSMEGFOGÓ,,8.690403.4,,,,2025. 02. 17.,Használt,
690459.1,MOZGÓ ÜLLŐ TARTÓ,,,Saruzófej Alkatrész,AMP,,MOZGÓ ÜLLŐ TARTÓ,,690459.1,,,,2025. 02. 17.,Új,
H_690459.1,MOZGÓ ÜLLŐ TARTÓ,,,Saruzófej Alkatrész,AMP,,MOZGÓ ÜLLŐ TARTÓ,,690459.1,,,,2025. 02. 17.,Használt,
453591-1,LEHÚZÓ,,,Saruzófej Alkatrész,AMP,,LEHÚZÓ,,453591-1,,,,2025. 02. 17.,Új,
H_453591-1,LEHÚZÓ,,,Saruzófej Alkatrész,AMP,,LEHÚZÓ,,453591-1,,,,2025. 02. 17.,Használt,
240655.8,RÉZMEGFOGÓ ÜLLŐ,,,Saruzófej Alkatrész,AMP,,RÉZMEGFOGÓ ÜLLŐ,,240655.8,,,,2025. 02. 17.,Új,
H_240655.8,RÉZMEGFOGÓ ÜLLŐ,,,Saruzófej Alkatrész,AMP,,RÉZMEGFOGÓ ÜLLŐ,,240655.8,,,,2025. 02. 17.,Használt,
453808-2,RÉZMEGFOGÓ,,,Saruzófej Alkatrész,AMP,,RÉZMEGFOGÓ,,453808-2,,,,2025. 02. 17.,Új,
H_453808-2,RÉZMEGFOGÓ,,,Saruzófej Alkatrész,AMP,,RÉZMEGFOGÓ,,453808-2,,,,2025. 02. 17.,Használt,
1-690403/5,SZIGETELÉSMEGFOGÓ,,,Saruzófej Alkatrész,AMP,,SZIGETELÉSMEGFOGÓ,,1-690403/5,,,,2025. 02. 17.,Új,
H_1-690403/5,SZIGETELÉSMEGFOGÓ,,,Saruzófej Alkatrész,AMP,,SZIGETELÉSMEGFOGÓ,,1-690403/5,,,,2025. 02. 17.,Használt,
1-690474-0L,VÁGÓKÉS,,,Saruzófej Alkatrész,AMP,,VÁGÓKÉS,,1-690474-0L,,,,2025. 02. 17.,Új,
H_1-690474-0L,VÁGÓKÉS,,,Saruzófej Alkatrész,AMP,,VÁGÓKÉS,,1-690474-0L,,,,2025. 02. 17.,Használt,
240644,VÁGÓKÉS ALAP,,,Saruzófej Alkatrész,AMP,,VÁGÓKÉS ALAP,,240644,,,,2025. 02. 17.,Új,
H_240644,VÁGÓKÉS ALAP,,,Saruzófej Alkatrész,AMP,,VÁGÓKÉS ALAP,,240644,,,,2025. 02. 17.,Használt,
690483/8,VÁGÓKÉS VEZETŐ,,,Saruzófej Alkatrész,AMP,,VÁGÓKÉS VEZETŐ,,690483/8,,,,2025. 02. 17.,Új,
H_690483/8,VÁGÓKÉS VEZETŐ,,,Saruzófej Alkatrész,AMP,,VÁGÓKÉS VEZETŐ,,690483/8,,,,2025. 02. 17.,Használt,
ME.901330130,VÁGÓKÉS,,,Saruzófej Alkatrész,Mecal,,VÁGÓKÉS,,901330130,,,,2025. 02. 17.,Új,
H_ME.901330130,VÁGÓKÉS,,,Saruzófej Alkatrész,Mecal,,VÁGÓKÉS,,901330130,,,,2025. 02. 17.,Használt,
ME.901340123,VÁGÓKÉS ALAP,,,Saruzófej Alkatrész,Mecal,,VÁGÓKÉS ALAP,,901340123,,,,2025. 02. 17.,Új,
H_ME.901340123,VÁGÓKÉS ALAP,,,Saruzófej Alkatrész,Mecal,,VÁGÓKÉS ALAP,,901340123,,,,2025. 02. 17.,Használt,
ME.901420290,FIX ÜLLŐ,,,Saruzófej Alkatrész,Mecal,,FIX ÜLLŐ,,901420290,,,,2025. 02. 17.,Új,
H_ME.901420290,FIX ÜLLŐ,,,Saruzófej Alkatrész,Mecal,,FIX ÜLLŐ,,901420290,,,,2025. 02. 17.,Használt,
ME.991460890,RÉZMEGFOGÓ,,,Saruzófej Alkatrész,Mecal,,RÉZMEGFOGÓ,,991460890,,,,2025. 02. 17.,Új,
H_ME.991460890,RÉZMEGFOGÓ,,,Saruzófej Alkatrész,Mecal,,RÉZMEGFOGÓ,,991460890,,,,2025. 02. 17.,Használt,
40109.00.01,N120,,,Saruzófej,Mecal,Hátsó,,Nem Gumis,,Nincs,,,2025. 02. 24.,,Alkatrész W6
ME.991270439,RÉZMEGFOGÓ ÜLLŐ,,,Saruzófej Alkatrész,Mecal,,RÉZMEGFOGÓ ÜLLŐ,,991270439,,,,2025. 02. 24.,Új,
H_ME.991270439,RÉZMEGFOGÓ ÜLLŐ,,,Saruzófej Alkatrész,Mecal,,RÉZMEGFOGÓ ÜLLŐ,,991270439,,,,2025. 02. 24.,Használt,
ME.991270440,SZIGETELÉSMEGFOGÓ ÜLLŐ,,,Saruzófej Alkatrész,Mecal,,SZIGETELÉSMEGFOGÓ ÜLLŐ,,991270440,,,,2025. 02. 24.,Új,
H_ME.991270440,SZIGETELÉSMEGFOGÓ ÜLLŐ,,,Saruzófej Alkatrész,Mecal,,SZIGETELÉSMEGFOGÓ ÜLLŐ,,991270440,,,,2025. 02. 24.,Használt,
RL0723,FIX ÜLLŐ,,,Saruzófej Alkatrész,KMI,,FIX ÜLLŐ,,RL0723,,,,2025. 02. 24.,Új,
H_RL0723,FIX ÜLLŐ,,,Saruzófej Alkatrész,KMI,,FIX ÜLLŐ,,RL0723,,,,2025. 02. 24.,Használt,
5304000,RÉZMEGFOGÓ,,,Saruzófej Alkatrész,KMI,,RÉZMEGFOGÓ,,5304000,,,,2025. 02. 24.,Új,
H_5304000,RÉZMEGFOGÓ,,,Saruzófej Alkatrész,KMI,,RÉZMEGFOGÓ,,5304000,,,,2025. 02. 24.,Használt,
6453214,SZIGETELÉSMEGFOGÓ,,,Saruzófej Alkatrész,KMI,,SZIGETELÉSMEGFOGÓ,,6453214,,,,2025. 02. 24.,Új,
H_6453214,SZIGETELÉSMEGFOGÓ,,,Saruzófej Alkatrész,KMI,,SZIGETELÉSMEGFOGÓ,,6453214,,,,2025. 02. 24.,Használt,
RL0505D,VÁGÓKÉS,,,Saruzófej Alkatrész,KMI,,VÁGÓKÉS,,RL0505D,,,,2025. 02. 24.,Új,
H_RL0505D,VÁGÓKÉS,,,Saruzófej Alkatrész,KMI,,VÁGÓKÉS,,RL0505D,,,,2025. 02. 24.,Használt,
AM.1.240655.3,RÉZMEGFOGÓ ÜLLŐ,,,Saruzófej Alkatrész,AMP,,RÉZMEGFOGÓ ÜLLŐ,,AM.1.240655.3,,,,2025. 02. 24.,Új,
H_AM.1.240655.3,RÉZMEGFOGÓ ÜLLŐ,,,Saruzófej Alkatrész,AMP,,RÉZMEGFOGÓ ÜLLŐ,,AM.1.240655.3,,,,2025. 02. 24.,Használt,
AM.453806.1,RÉZMEGFOGÓ,,,Saruzófej Alkatrész,AMP,,RÉZMEGFOGÓ,,AM.453806.1,,,,2025. 02. 24.,Új,
H_AM.453806.1,RÉZMEGFOGÓ,,,Saruzófej Alkatrész,AMP,,RÉZMEGFOGÓ,,AM.453806.1,,,,2025. 02. 24.,Használt,
AM.1.690403.3,SZIGETELÉSMEGFOGÓ,,,Saruzófej Alkatrész,AMP,,SZIGETELÉSMEGFOGÓ,,AM.1.690403.3,,,,2025. 02. 24.,Új,
H_AM.1.690403.3,SZIGETELÉSMEGFOGÓ,,,Saruzófej Alkatrész,AMP,,SZIGETELÉSMEGFOGÓ,,AM.1.690403.3,,,,2025. 02. 24.,Használt,
AM.690474.3,VÁGÓKÉS,,,Saruzófej Alkatrész,AMP,,VÁGÓKÉS,,AM.690474.3,,,,2025. 02. 24.,Új,
H_AM.690474.3,VÁGÓKÉS,,,Saruzófej Alkatrész,AMP,,VÁGÓKÉS,,AM.690474.3,,,,2025. 02. 24.,Használt,
AM.690482.3,VÁGÓKÉS ALAP,,,Saruzófej Alkatrész,AMP,,VÁGÓKÉS ALAP,,AM.690482.3,,,,2025. 02. 24.,Új,
H_AM.690482.3,VÁGÓKÉS ALAP,,,Saruzófej Alkatrész,AMP,,VÁGÓKÉS ALAP,,AM.690482.3,,,,2025. 02. 24.,Használt,
AM.240833.2,VÁGÓKÉS TARTÓ HÁTSÓ,,,Saruzófej Alkatrész,AMP,,VÁGÓKÉS ALAP,,AM.240833.2,,,,2025. 02. 24.,Új,
H_AM.240833.2,VÁGÓKÉS TARTÓ HÁTSÓ,,,Saruzófej Alkatrész,AMP,,VÁGÓKÉS ALAP,,AM.240833.2,,,,2025. 02. 24.,Használt,
AM.780793,TÁVTARTÓ,,,Saruzófej Alkatrész,AMP,,TÁVTARTÓ,,AM.780793,,,,2025. 02. 24.,Új,
H_AM.780793,TÁVTARTÓ,,,Saruzófej Alkatrész,AMP,,TÁVTARTÓ,,AM.780793,,,,2025. 02. 24.,Használt,
5203511,RÉZMEGFOGÓ,,,Saruzófej Alkatrész,KMI,,RÉZMEGFOGÓ,,5203511,,,,2025. 02. 24.,Új,
H_5203511,RÉZMEGFOGÓ,,,Saruzófej Alkatrész,KMI,,RÉZMEGFOGÓ,,5203511,,,,2025. 02. 24.,Használt,
R303214,SZIGETELÉSMEGFOGÓ,,,Saruzófej Alkatrész,KMI,,SZIGETELÉSMEGFOGÓ,,R303214,,,,2025. 02. 24.,Új,
H_R303214,SZIGETELÉSMEGFOGÓ,,,Saruzófej Alkatrész,KMI,,SZIGETELÉSMEGFOGÓ,,R303214,,,,2025. 02. 24.,Használt,
5224514,RÉZMEGFOGÓ,,,Saruzófej Alkatrész,KMI,,RÉZMEGFOGÓ,,5224514,,,,2025. 02. 24.,Új,
H_5224514,RÉZMEGFOGÓ,,,Saruzófej Alkatrész,KMI,,RÉZMEGFOGÓ,,5224514,,,,2025. 02. 24.,Használt,
ME.911271990,FIX ÜLLŐ,,,Saruzófej Alkatrész,Mecal,,FIX ÜLLŐ,,911271990,,,,2025. 02. 24.,Új,
H_ME.911271990,FIX ÜLLŐ,,,Saruzófej Alkatrész,Mecal,,FIX ÜLLŐ,,911271990,,,,2025. 02. 24.,Használt,
ME.991460229,RÉZMEGFOGÓ,,,Saruzófej Alkatrész,Mecal,,RÉZMEGFOGÓ,,991460229,,,,2025. 02. 24.,Új,
H_ME.991460229,RÉZMEGFOGÓ,,,Saruzófej Alkatrész,Mecal,,RÉZMEGFOGÓ,,991460229,,,,2025. 02. 24.,Használt,
ME.991450123,SZIGETELÉSMEGFOGÓ,,,Saruzófej Alkatrész,Mecal,,SZIGETELÉSMEGFOGÓ,,991450123,,,,2025. 02. 24.,Új,
H_ME.991450123,SZIGETELÉSMEGFOGÓ,,,Saruzófej Alkatrész,Mecal,,SZIGETELÉSMEGFOGÓ,,991450123,,,,2025. 02. 24.,Használt,
ME.911272306,FIX ÜLLŐ,,,Saruzófej Alkatrész,Mecal,,FIX ÜLLŐ,,911272306,,,,2025. 02. 24.,Új,
H_ME.911272306,FIX ÜLLŐ,,,Saruzófej Alkatrész,Mecal,,FIX ÜLLŐ,,911272306,,,,2025. 02. 24.,Használt,
ME.991450336,SZIGETELÉSMEGFOGÓ,,,Saruzófej Alkatrész,Mecal,,SZIGETELÉSMEGFOGÓ,,991450336,,,,2025. 02. 24.,Új,
H_ME.991450336,SZIGETELÉSMEGFOGÓ,,,Saruzófej Alkatrész,Mecal,,SZIGETELÉSMEGFOGÓ,,991450336,,,,2025. 02. 24.,Használt,
ME.991460749,RÉZMEGFOGÓ,,,Saruzófej Alkatrész,Mecal,,RÉZMEGFOGÓ,,991460749,,,,2025. 02. 24.,Új,
H_ME.991460749,RÉZMEGFOGÓ,,,Saruzófej Alkatrész,Mecal,,RÉZMEGFOGÓ,,991460749,,,,2025. 02. 24.,Használt,
ME.991270109,RÉZMEGFOGÓ ÜLLŐ,,,Saruzófej Alkatrész,Mecal,,RÉZMEGFOGÓ ÜLLŐ,,991270109,,,,2025. 02. 24.,Új,
H_ME.991270109,RÉZMEGFOGÓ ÜLLŐ,,,Saruzófej Alkatrész,Mecal,,RÉZMEGFOGÓ ÜLLŐ,,991270109,,,,2025. 02. 24.,Használt,
ME.991270110,SZIGETELÉSMEGFOGÓ ÜLLŐ,,,Saruzófej Alkatrész,Mecal,,SZIGETELÉSMEGFOGÓ ÜLLŐ,,991270110,,,,2025. 02. 24.,Új,
H_ME.991270110,SZIGETELÉSMEGFOGÓ ÜLLŐ,,,Saruzófej Alkatrész,Mecal,,SZIGETELÉSMEGFOGÓ ÜLLŐ,,991270110,,,,2025. 02. 24.,Használt,
ME.991451242,SZIGETELÉSMEGFOGÓ,,,Saruzófej Alkatrész,Mecal,,SZIGETELÉSMEGFOGÓ,,991451242,,,,2025. 02. 24.,Új,
H_ME.991451242,SZIGETELÉSMEGFOGÓ,,,Saruzófej Alkatrész,Mecal,,SZIGETELÉSMEGFOGÓ,,991451242,,,,2025. 02. 24.,Használt,
ME.991461632,RÉZMEGFOGÓ,,,Saruzófej Alkatrész,Mecal,,RÉZMEGFOGÓ,,991461632,,,,2025. 02. 24.,Új,
H_ME.991461632,RÉZMEGFOGÓ,,,Saruzófej Alkatrész,Mecal,,RÉZMEGFOGÓ,,991461632,,,,2025. 02. 24.,Használt,
RB0705A,ELSŐ MOZGÓ ÜLLŐ,,,Saruzófej Alkatrész,KMI,,MOZGÓ ÜLLŐ,,RB0705A,,,,2025. 02. 24.,Új,
H_RB0705A,ELSŐ MOZGÓ ÜLLŐ,,,Saruzófej Alkatrész,KMI,,MOZGÓ ÜLLŐ,,RB0705A,,,,2025. 02. 24.,Használt,
RB0706,MOZGÓ ÜLLŐ TARTÓ,,,Saruzófej Alkatrész,KMI,,MOZGÓ ÜLLŐ TARTÓ,,RB0706,,,,2025. 02. 24.,Új,
H_RB0706,MOZGÓ ÜLLŐ TARTÓ,,,Saruzófej Alkatrész,KMI,,MOZGÓ ÜLLŐ TARTÓ,,RB0706,,,,2025. 02. 24.,Használt,
RB0986,FIX ÜLLŐ,,,Saruzófej Alkatrész,KMI,,FIX ÜLLŐ,,RB0986,,,,2025. 02. 24.,Új,
H_RB0986,FIX ÜLLŐ,,,Saruzófej Alkatrész,KMI,,FIX ÜLLŐ,,RB0986,,,,2025. 02. 24.,Használt,
5233514,RÉZMEGFOGÓ,,,Saruzófej Alkatrész,KMI,,RÉZMEGFOGÓ,,5233514,,,,2025. 02. 24.,Új,
H_5233514,RÉZMEGFOGÓ,,,Saruzófej Alkatrész,KMI,,RÉZMEGFOGÓ,,5233514,,,,2025. 02. 24.,Használt,
ME.901330101,VÁGÓKÉS,,,Saruzófej Alkatrész,Mecal,,VÁGÓKÉS,,901330101,,,,2025. 02. 24.,Új,
H_ME.901330101,VÁGÓKÉS,,,Saruzófej Alkatrész,Mecal,,VÁGÓKÉS,,901330101,,,,2025. 02. 24.,Használt,
ME.901350100,VÁGÓKÉS VEZETŐ,,,Saruzófej Alkatrész,Mecal,,VÁGÓKÉS VEZETŐ,,901350100,,,,2025. 02. 24.,Új,
H_ME.901350100,VÁGÓKÉS VEZETŐ,,,Saruzófej Alkatrész,Mecal,,VÁGÓKÉS VEZETŐ,,901350100,,,,2025. 02. 24.,Használt,
ME.901420718,FIX ÜLLŐ,,,Saruzófej Alkatrész,Mecal,,FIX ÜLLŐ,,901420718,,,,2025. 02. 24.,Új,
H_ME.901420718,FIX ÜLLŐ,,,Saruzófej Alkatrész,Mecal,,FIX ÜLLŐ,,901420718,,,,2025. 02. 24.,Használt,
ME.991450108,SZIGETELÉSMEGFOGÓ,,,Saruzófej Alkatrész,Mecal,,SZIGETELÉSMEGFOGÓ,,991450108,,,,2025. 02. 24.,Új,
H_ME.991450108,SZIGETELÉSMEGFOGÓ,,,Saruzófej Alkatrész,Mecal,,SZIGETELÉSMEGFOGÓ,,991450108,,,,2025. 02. 24.,Használt,
ME.991460302,RÉZMEGFOGÓ,,,Saruzófej Alkatrész,Mecal,,RÉZMEGFOGÓ,,991460302,,,,2025. 02. 24.,Új,
H_ME.991460302,RÉZMEGFOGÓ,,,Saruzófej Alkatrész,Mecal,,RÉZMEGFOGÓ,,991460302,,,,2025. 02. 24.,Használt,
ME.911340108,MOZGÓ ÜLLŐ,,,Saruzófej Alkatrész,Mecal,,MOZGÓ ÜLLŐ,,911340108,,,,2025. 02. 24.,Új,
H_ME.911340108,MOZGÓ ÜLLŐ,,,Saruzófej Alkatrész,Mecal,,MOZGÓ ÜLLŐ,,911340108,,,,2025. 02. 24.,Használt,
ME.901350299,VÁGÓKÉS VEZETŐ ELSŐ,,,Saruzófej Alkatrész,Mecal,,VÁGÓKÉS VEZETŐ,,901350299,,,,2025. 02. 24.,Új,
H_ME.901350299,VÁGÓKÉS VEZETŐ ELSŐ,,,Saruzófej Alkatrész,Mecal,,VÁGÓKÉS VEZETŐ,,901350299,,,,2025. 02. 24.,Használt,
ME.991270824,RÉZMEGFOGÓ ÜLLŐ,,,Saruzófej Alkatrész,Mecal,,RÉZMEGFOGÓ ÜLLŐ,,991270824,,,,2025. 02. 24.,Új,
H_ME.991270824,RÉZMEGFOGÓ ÜLLŐ,,,Saruzófej Alkatrész,Mecal,,RÉZMEGFOGÓ ÜLLŐ,,991270824,,,,2025. 02. 24.,Használt,
ME.991270825,SZIGETELÉSMEGFOGÓ ÜLLŐ,,,Saruzófej Alkatrész,Mecal,,SZIGETELÉSMEGFOGÓ ÜLLŐ,,991270825,,,,2025. 02. 24.,Új,
H_ME.991270825,SZIGETELÉSMEGFOGÓ ÜLLŐ,,,Saruzófej Alkatrész,Mecal,,SZIGETELÉSMEGFOGÓ ÜLLŐ,,991270825,,,,2025. 02. 24.,Használt,
ME.991450508,SZIGETELÉSMEGFOGÓ,,,Saruzófej Alkatrész,Mecal,,SZIGETELÉSMEGFOGÓ,,991450508,,,,2025. 02. 24.,Új,
H_ME.991450508,SZIGETELÉSMEGFOGÓ,,,Saruzófej Alkatrész,Mecal,,SZIGETELÉSMEGFOGÓ,,991450508,,,,2025. 02. 24.,Használt,
ME.991460124,RÉZMEGFOGÓ,,,Saruzófej Alkatrész,Mecal,,RÉZMEGFOGÓ,,991460124,,,,2025. 02. 24.,Új,
H_ME.991460124,RÉZMEGFOGÓ,,,Saruzófej Alkatrész,Mecal,,RÉZMEGFOGÓ,,991460124,,,,2025. 02. 24.,Használt,
72112520,SZIGETELÉSMEGFOGÓ,,,Saruzófej Alkatrész,Kormak,,SZIGETELÉSMEGFOGÓ,,72112520,,,,2025. 02. 24.,Új,
H_72112520,SZIGETELÉSMEGFOGÓ,,,Saruzófej Alkatrész,Kormak,,SZIGETELÉSMEGFOGÓ,,72112520,,,,2025. 02. 24.,Használt,
72122326,RÉZMEGFOGÓ,,,Saruzófej Alkatrész,Kormak,,RÉZMEGFOGÓ,,72122326,,,,2025. 02. 24.,Új,
H_72122326,RÉZMEGFOGÓ,,,Saruzófej Alkatrész,Kormak,,RÉZMEGFOGÓ,,72122326,,,,2025. 02. 24.,Használt,
790051316,FIX ÜLLŐ,,,Saruzófej Alkatrész,Kormak,,FIX ÜLLŐ,,790051316,,,,2025. 02. 24.,Új,
H_790051316,FIX ÜLLŐ,,,Saruzófej Alkatrész,Kormak,,FIX ÜLLŐ,,790051316,,,,2025. 02. 24.,Használt,
ME.901340116,VÁGÓKÉS VEZETŐ HÁTSÓ,,,Saruzófej Alkatrész,Mecal,,VÁGÓKÉS VEZETŐ,,901340116,,,,2025. 02. 24.,Új,
H_ME.901340116,VÁGÓKÉS VEZETŐ HÁTSÓ,,,Saruzófej Alkatrész,Mecal,,VÁGÓKÉS VEZETŐ,,901340116,,,,2025. 02. 24.,Használt,
ME.901350159,VÁGÓKÉS ALAP,,,Saruzófej Alkatrész,Mecal,,VÁGÓKÉS ALAP,,901350159,,,,2025. 02. 24.,Új,
H_ME.901350159,VÁGÓKÉS ALAP,,,Saruzófej Alkatrész,Mecal,,VÁGÓKÉS ALAP,,901350159,,,,2025. 02. 24.,Használt,
ME.991270071,RÉZMEGFOGÓ ÜLLŐ,,,Saruzófej Alkatrész,Mecal,,RÉZMEGFOGÓ ÜLLŐ,,991270071,,,,2025. 02. 24.,Új,
H_ME.991270071,RÉZMEGFOGÓ ÜLLŐ,,,Saruzófej Alkatrész,Mecal,,RÉZMEGFOGÓ ÜLLŐ,,991270071,,,,2025. 02. 24.,Használt,
ME.991270280,SZIGETELÉSMEGFOGÓ ÜLLŐ,,,Saruzófej Alkatrész,Mecal,,SZIGETELÉSMEGFOGÓ ÜLLŐ,,991270280,,,,2025. 02. 24.,Új,
H_ME.991270280,SZIGETELÉSMEGFOGÓ ÜLLŐ,,,Saruzófej Alkatrész,Mecal,,SZIGETELÉSMEGFOGÓ ÜLLŐ,,991270280,,,,2025. 02. 24.,Használt,
ME.991450101,SZIGETELÉSMEGFOGÓ,,,Saruzófej Alkatrész,Mecal,,SZIGETELÉSMEGFOGÓ,,991450101,,,,2025. 02. 24.,Új,
H_ME.991450101,SZIGETELÉSMEGFOGÓ,,,Saruzófej Alkatrész,Mecal,,SZIGETELÉSMEGFOGÓ,,991450101,,,,2025. 02. 24.,Használt,
ME.991460727,RÉZMEGFOGÓ,,,Saruzófej Alkatrész,Mecal,,RÉZMEGFOGÓ,,991460727,,,,2025. 02. 24.,Új,
H_ME.991460727,RÉZMEGFOGÓ,,,Saruzófej Alkatrész,Mecal,,RÉZMEGFOGÓ,,991460727,,,,2025. 02. 24.,Használt,
ME.991270382,RÉZMEGFOGÓ ÜLLŐ,,,Saruzófej Alkatrész,Mecal,,RÉZMEGFOGÓ ÜLLŐ,,991270382,,,,2025. 02. 24.,Új,
H_ME.991270382,RÉZMEGFOGÓ ÜLLŐ,,,Saruzófej Alkatrész,Mecal,,RÉZMEGFOGÓ ÜLLŐ,,991270382,,,,2025. 02. 24.,Használt,
ME.991460129,RÉZMEGFOGÓ,,,Saruzófej Alkatrész,Mecal,,RÉZMEGFOGÓ,,991460129,,,,2025. 02. 24.,Új,
H_ME.991460129,RÉZMEGFOGÓ,,,Saruzófej Alkatrész,Mecal,,RÉZMEGFOGÓ,,991460129,,,,2025. 02. 24.,Használt,
ME.901330126,VÁGÓKÉS,,,Saruzófej Alkatrész,Mecal,,VÁGÓKÉS,,901330126,,,,2025. 02. 24.,Új,
H_ME.901330126,VÁGÓKÉS,,,Saruzófej Alkatrész,Mecal,,VÁGÓKÉS,,901330126,,,,2025. 02. 24.,Használt,
ME.901650106,VÁGÓKÉS VEZETŐ,,,Saruzófej Alkatrész,Mecal,,VÁGÓKÉS VEZETŐ,,901650106,,,,2025. 02. 24.,Új,
H_ME.901650106,VÁGÓKÉS VEZETŐ,,,Saruzófej Alkatrész,Mecal,,VÁGÓKÉS VEZETŐ,,901650106,,,,2025. 02. 24.,Használt,
ME.991271893,SZIGETELÉSMEGFOGÓ ÜLLŐ,,,Saruzófej Alkatrész,Mecal,,SZIGETELÉSMEGFOGÓ ÜLLŐ,,991271893,,,,2025. 02. 24.,Új,
H_ME.991271893,SZIGETELÉSMEGFOGÓ ÜLLŐ,,,Saruzófej Alkatrész,Mecal,,SZIGETELÉSMEGFOGÓ ÜLLŐ,,991271893,,,,2025. 02. 24.,Használt,
ME.991273531,RÉZMEGFOGÓ ÜLLŐ,,,Saruzófej Alkatrész,Mecal,,RÉZMEGFOGÓ ÜLLŐ,,991273531,,,,2025. 02. 24.,Új,
H_ME.991273531,RÉZMEGFOGÓ ÜLLŐ,,,Saruzófej Alkatrész,Mecal,,RÉZMEGFOGÓ ÜLLŐ,,991273531,,,,2025. 02. 24.,Használt,
,,,,,,,,,,,,,,,
,,,,,,,,,,,,,,,
ME.991460262,RÉZMEGFOGÓ,,,Saruzófej Alkatrész,Mecal,,RÉZMEGFOGÓ,,991460262,,,,2025. 02. 24.,Új,
H_ME.991460262,RÉZMEGFOGÓ,,,Saruzófej Alkatrész,Mecal,,RÉZMEGFOGÓ,,991460262,,,,2025. 02. 24.,Használt,
ME.911330493,MOZGÓ ÜLLŐ,,,Saruzófej Alkatrész,Mecal,,MOZGÓ ÜLLŐ,,911330493,,,,2025. 02. 24.,Új,
H_ME.911330493,MOZGÓ ÜLLŐ,,,Saruzófej Alkatrész,Mecal,,MOZGÓ ÜLLŐ,,911330493,,,,2025. 02. 24.,Használt,
,,,,,,,,,,,,,,,
,,,,,,,,,,,,,,,
ME.991270517,RÉZMEGFOGÓ,,,Saruzófej Alkatrész,Mecal,,RÉZMEGFOGÓ,,991270517,,,,2025. 02. 24.,Új,
H_ME.991270517,RÉZMEGFOGÓ,,,Saruzófej Alkatrész,Mecal,,RÉZMEGFOGÓ,,991270517,,,,2025. 02. 24.,Használt,
ME.991270518,SZIGETELÉSMEGFOGÓ,,,Saruzófej Alkatrész,Mecal,,SZIGETELÉSMEGFOGÓ,,991270518,,,,2025. 02. 24.,Új,
H_ME.991270518,SZIGETELÉSMEGFOGÓ,,,Saruzófej Alkatrész,Mecal,,SZIGETELÉSMEGFOGÓ,,991270518,,,,2025. 02. 24.,Használt,
ME.991460527,RÉZMEGFOGÓ 2,,,Saruzófej Alkatrész,Mecal,,RÉZMEGFOGÓ,,991460527,,,,2025. 02. 24.,Új,
H_ME.991460527,RÉZMEGFOGÓ 2,,,Saruzófej Alkatrész,Mecal,,RÉZMEGFOGÓ,,991460527,,,,2025. 02. 24.,Használt,
ME.991450659,SZIGETELÉSMEGFOGÓ 2,,,Saruzófej Alkatrész,Mecal,,SZIGETELÉSMEGFOGÓ,,991450659,,,,2025. 02. 24.,Új,
H_ME.991450659,SZIGETELÉSMEGFOGÓ 2,,,Saruzófej Alkatrész,Mecal,,SZIGETELÉSMEGFOGÓ,,991450659,,,,2025. 02. 24.,Használt,
H_ME.911270186,FIX ÜLLŐ,,,Saruzófej Alkatrész,Mecal,,FIX ÜLLŐ,,911270186,,,,2024. 09. 02.,Használt,
ME.991450207,SZIGETELÉSMEGFOGÓ,,,Saruzófej Alkatrész,Mecal,,SZIGETELÉSMEGFOGÓ,,991450207,,,,2024. 09. 02.,Új,
H_ME.991450207,SZIGETELÉSMEGFOGÓ,,,Saruzófej Alkatrész,Mecal,,SZIGETELÉSMEGFOGÓ,,991450207,,,,2024. 09. 02.,Használt,
ME.991460226,RÉZMEGFOGÓ,,,Saruzófej Alkatrész,Mecal,,RÉZMEGFOGÓ,,991460226,,,,2024. 09. 02.,Új,
H_ME.991460226,RÉZMEGFOGÓ,,,Saruzófej Alkatrész,Mecal,,RÉZMEGFOGÓ,,991460226,,,,2024. 09. 02.,Használt,
ME.991271357,RÉZMEGFOGÓ ÜLLŐ,,,Saruzófej Alkatrész,Mecal,,RÉZMEGFOGÓ ÜLLŐ,,991271357,,,,2024. 09. 02.,Új,
H_ME.991271357,RÉZMEGFOGÓ ÜLLŐ,,,Saruzófej Alkatrész,Mecal,,RÉZMEGFOGÓ ÜLLŐ,,991271357,,,,2024. 09. 02.,Használt,
ME.991272586,SZIGETELÉSMEGFOGÓ ÜLLŐ,,,Saruzófej Alkatrész,Mecal,,SZIGETELÉSMEGFOGÓ ÜLLŐ,,991272586,,,,2024. 09. 02.,Új,
H_ME.991272586,SZIGETELÉSMEGFOGÓ ÜLLŐ,,,Saruzófej Alkatrész,Mecal,,SZIGETELÉSMEGFOGÓ ÜLLŐ,,991272586,,,,2024. 09. 02.,Használt,
ME.991451374,SZIGETELÉSMEGFOGÓ,,,Saruzófej Alkatrész,Mecal,,SZIGETELÉSMEGFOGÓ,,991451374,,,,2024. 09. 02.,Új,
H_ME.991451374,SZIGETELÉSMEGFOGÓ,,,Saruzófej Alkatrész,Mecal,,SZIGETELÉSMEGFOGÓ,,991451374,,,,2024. 09. 02.,Használt,
ME.991461493,RÉZMEGFOGÓ,,,Saruzófej Alkatrész,Mecal,,RÉZMEGFOGÓ,,991461493,,,,2024. 09. 02.,Új,
H_ME.991461493,RÉZMEGFOGÓ,,,Saruzófej Alkatrész,Mecal,,RÉZMEGFOGÓ,,991461493,,,,2024. 09. 02.,Használt,
2122120498,SARU - 33000-0004,T.MAS.MX150,Products_Images/2122120498.Image.034654.jpg,Saru,Molex,,,,33000-0004,,,Apa,2025. 04. 23.,,
2122120439,SARU - 33012-2002,T.FEM.MX150 F18-20AWG-R,Products_Files_/2122120439.Image.085800.webp,Saru,Molex,,,,33012-2002,,,Anya,2025. 04. 23.,,
2472120020.1,SARU - 171662-1,"TERM.xTenuta FEMM.sez.1,5",Products_Images/2472120020.1.Image.103432.jpg,Saru,TE,,,,171662-1,,,Anya,2025. 04. 23.,,
2471120020.1,SARU - 171661-1,TERM.MASCHIO ECONOSEAL   sez.0.50/1.5,Products_Images/2471120020.1.Image.103557.jpg,Saru,TE,,,,171661-1,,,Apa,2025. 04. 23.,,
KO.72023046,RÉZMEGFOGÓ,,,Saruzófej Alkatrész,KORMAK,,RÉZMEGFOGÓ,,72023046,,,,2025. 04. 23.,Új,
H_KO.72023046,RÉZMEGFOGÓ,,,Saruzófej Alkatrész,KORMAK,,RÉZMEGFOGÓ,,72023046,,,,2025. 04. 23.,Használt,
KO.72114324,SZIGETELÉSMEGFOGÓ,,,Saruzófej Alkatrész,KORMAK,,SZIGETELÉSMEGFOGÓ,,72114324,,,,2025. 04. 23.,Új,
H_KO.72114324,SZIGETELÉSMEGFOGÓ,,,Saruzófej Alkatrész,KORMAK,,SZIGETELÉSMEGFOGÓ,,72114324,,,,2025. 04. 23.,Használt,
KO.79050697,FIX ÜLLŐ,,,Saruzófej Alkatrész,KORMAK,,FIX ÜLLŐ,,79050697,,,,2025. 04. 23.,Új,
H_KO.79050697,FIX ÜLLŐ,,,Saruzófej Alkatrész,KORMAK,,FIX ÜLLŐ,,79050697,,,,2025. 04. 23.,Használt,
KO.79040869,MOZGÓ ÜLLŐ TARTÓ,,,Saruzófej Alkatrész,KORMAK,,MOZGÓ ÜLLŐ TARTÓ,,79040869,,,,2025. 04. 23.,Új,
H_KO.79040869,MOZGÓ ÜLLŐ TARTÓ,,,Saruzófej Alkatrész,KORMAK,,MOZGÓ ÜLLŐ TARTÓ,,79040869,,,,2025. 04. 23.,Használt,
ME.991274004,SZIGETELÉSMEGFOGÓ ÜLLŐ,,,Saruzófej Alkatrész,Mecal,,SZIGETELÉSMEGFOGÓ ÜLLŐ,,991274004,,,,2025. 04. 23.,Új,
H_ME.991274004,SZIGETELÉSMEGFOGÓ ÜLLŐ,,,Saruzófej Alkatrész,Mecal,,SZIGETELÉSMEGFOGÓ ÜLLŐ,,991274004,,,,2025. 04. 23.,Használt,
ME.911330355,MOZGÓ ÜLLŐ,,,Saruzófej Alkatrész,Mecal,,MOZGÓ ÜLLŐ,,911330355,,,,2025. 04. 23.,Új,
H_ME.911330355,MOZGÓ ÜLLŐ,,,Saruzófej Alkatrész,Mecal,,MOZGÓ ÜLLŐ,,911330355,,,,2025. 04. 23.,Használt,
ME.991451185,SZIGETELÉSMEGFOGÓ,,,Saruzófej Alkatrész,Mecal,,SZIGETELÉSMEGFOGÓ,,991451185,,,,2025. 04. 23.,Új,
H_ME.991451185,SZIGETELÉSMEGFOGÓ,,,Saruzófej Alkatrész,Mecal,,SZIGETELÉSMEGFOGÓ,,991451185,,,,2025. 04. 23.,Használt,
LB2-A,MOZGÓ ÜLLŐ,,,Saruzófej Alkatrész,Unit,,MOZGÓ ÜLLŐ,,LB2-A,,,,2025. 04. 23.,Új,
H_LB2-A,MOZGÓ ÜLLŐ,,,Saruzófej Alkatrész,Unit,,MOZGÓ ÜLLŐ,,LB2-A,,,,2025. 04. 23.,Használt,
SB1-A,MOZGÓ ÜLLŐ TARTÓ,,,Saruzófej Alkatrész,Unit,,MOZGÓ ÜLLŐ TARTÓ,,SB1-A,,,,2025. 04. 23.,Új,
H_SB1-A,MOZGÓ ÜLLŐ TARTÓ,,,Saruzófej Alkatrész,Unit,,MOZGÓ ÜLLŐ TARTÓ,,SB1-A,,,,2025. 04. 23.,Használt,
ME.991270595,RÉZMEGFOGÓ ÜLLŐ,,,Saruzófej Alkatrész,Mecal,,RÉZMEGFOGÓ ÜLLŐ,,991270595,,,,2025. 04. 23.,Új,
H_ME.991270595,RÉZMEGFOGÓ ÜLLŐ,,,Saruzófej Alkatrész,Mecal,,RÉZMEGFOGÓ ÜLLŐ,,991270595,,,,2025. 04. 23.,Használt,
ME.991460145,RÉZMEGFOGÓ,,,Saruzófej Alkatrész,Mecal,,RÉZMEGFOGÓ,,991460145,,,,2025. 04. 23.,Új,
H_ME.991460145,RÉZMEGFOGÓ,,,Saruzófej Alkatrész,Mecal,,RÉZMEGFOGÓ,,991460145,,,,2025. 04. 23.,Használt,
ME.991271459,RÉZMEGFOGÓ ÜLLŐ,,,Saruzófej Alkatrész,Mecal,,RÉZMEGFOGÓ ÜLLŐ,,991271459,,,,2025. 04. 23.,Új,
H_ME.991271459,RÉZMEGFOGÓ ÜLLŐ,,,Saruzófej Alkatrész,Mecal,,RÉZMEGFOGÓ ÜLLŐ,,991271459,,,,2025. 04. 23.,Használt,
ME.991271460,RÉZMEGFOGÓ,,,Saruzófej Alkatrész,Mecal,,RÉZMEGFOGÓ,,991271460,,,,2025. 04. 23.,Új,
H_ME.991271460,RÉZMEGFOGÓ,,,Saruzófej Alkatrész,Mecal,,RÉZMEGFOGÓ,,991271460,,,,2025. 04. 23.,Használt,
ME.911330301,ELSŐ MOZGÓ ÜLLŐ,,,Saruzófej Alkatrész,Mecal,,MOZGÓ ÜLLŐ,,911330301,,,,2025. 04. 23.,Új,
H_ME.911330301,ELSŐ MOZGÓ ÜLLŐ,,,Saruzófej Alkatrész,Mecal,,MOZGÓ ÜLLŐ,,911330301,,,,2025. 04. 23.,Használt,
ME.911370295,HÁTSÓ MOZGÓ ÜLLŐ,,,Saruzófej Alkatrész,Mecal,,MOZGÓ ÜLLŐ,,911370295,,,,2025. 04. 23.,Új,
H_ME.911370295,HÁTSÓ MOZGÓ ÜLLŐ,,,Saruzófej Alkatrész,Mecal,,MOZGÓ ÜLLŐ,,911370295,,,,2025. 04. 23.,Használt,
ME.911340342,ELSŐ MOZGÓ ÜLLŐ TARTÓ,,,Saruzófej Alkatrész,Mecal,,MOZGÓ ÜLLŐ TARTÓ,,911340342,,,,2025. 04. 23.,Új,
H_ME.911340342,ELSŐ MOZGÓ ÜLLŐ TARTÓ,,,Saruzófej Alkatrész,Mecal,,MOZGÓ ÜLLŐ TARTÓ,,911340342,,,,2025. 04. 23.,Használt,
ME.911380298,HÁTSÓ MOZGÓ ÜLLŐ TARTÓ,,,Saruzófej Alkatrész,Mecal,,MOZGÓ ÜLLŐ TARTÓ,,911380298,,,,2025. 04. 23.,Új,
H_ME.911380298,HÁTSÓ MOZGÓ ÜLLŐ TARTÓ,,,Saruzófej Alkatrész,Mecal,,HÁTSÓ MOZGÓ ÜLLŐ TARTÓ,,911380298,,,,2025. 04. 23.,Használt,
ME.991450463,SZIGETELÉSMEGFOGÓ,,,Saruzófej Alkatrész,Mecal,,SZIGETELÉSMEGFOGÓ,,991450463,,,,2025. 04. 23.,Új,
H_ME.991450463,SZIGETELÉSMEGFOGÓ,,,Saruzófej Alkatrész,Mecal,,SZIGETELÉSMEGFOGÓ,,991450463,,,,2025. 04. 23.,Használt,
ME.991460164,SZIGETELÉSMEGFOGÓ ÜLLŐ,,,Saruzófej Alkatrész,Mecal,,SZIGETELÉSMEGFOGÓ ÜLLŐ,,991460164,,,,2025. 04. 23.,Új,
H_ME.991460164,SZIGETELÉSMEGFOGÓ ÜLLŐ,,,Saruzófej Alkatrész,Mecal,,SZIGETELÉSMEGFOGÓ ÜLLŐ,,991460164,,,,2025. 04. 23.,Használt,
ME.991270441,RÉZMEGFOGÓ ÜLLŐ,,,Saruzófej Alkatrész,Mecal,,RÉZMEGFOGÓ ÜLLŐ,,991270441,,,,2025. 04. 23.,Új,
H_ME.991270441,RÉZMEGFOGÓ ÜLLŐ,,,Saruzófej Alkatrész,Mecal,,RÉZMEGFOGÓ ÜLLŐ,,991270441,,,,2025. 04. 23.,Használt,
ME.911450001,HÁTSÓ MOZGÓ ÜLLŐ TARTÓ,,,Saruzófej Alkatrész,Mecal,,MOZGÓ ÜLLŐ TARTÓ,,911450001,,,,2025. 04. 23.,Új,
H_ME.911450001,HÁTSÓ MOZGÓ ÜLLŐ TARTÓ,,,Saruzófej Alkatrész,Mecal,,MOZGÓ ÜLLŐ TARTÓ,,911450001,,,,2025. 04. 23.,Használt,
ME.911430011,HÁTSÓ MOZGÓ ÜLLŐ,,,Saruzófej Alkatrész,Mecal,,MOZGÓ ÜLLŐ,,911430011,,,,2025. 04. 23.,Új,
H_ME.911430011,HÁTSÓ MOZGÓ ÜLLŐ,,,Saruzófej Alkatrész,Mecal,,MOZGÓ ÜLLŐ,,911430011,,,,2025. 04. 23.,Használt,
ME.991460133,RÉZMEGFOGÓ,,,Saruzófej Alkatrész,Mecal,,RÉZMEGFOGÓ,,991460133,,,,2025. 04. 23.,Új,
H_ME.991460133,RÉZMEGFOGÓ,,,Saruzófej Alkatrész,Mecal,,RÉZMEGFOGÓ,,991460133,,,,2025. 04. 23.,Használt,
ME.991270302,SZIGETELÉSMEGFOGÓ ÜLLŐ,,,Saruzófej Alkatrész,Mecal,,SZIGETELÉSMEGFOGÓ ÜLLŐ,,991270302,,,,2024. 09. 01.,Új,
H_ME.991270302,SZIGETELÉSMEGFOGÓ ÜLLŐ,,,Saruzófej Alkatrész,Mecal,,SZIGETELÉSMEGFOGÓ ÜLLŐ,,991270302,,,,2024. 09. 01.,Használt,
ME.991273261,RÉZMEGFOGÓ ÜLLŐ,,,Saruzófej Alkatrész,Mecal,,RÉZMEGFOGÓ ÜLLŐ,,991273261,,,,2024. 09. 01.,Új,
H_ME.991273261,RÉZMEGFOGÓ ÜLLŐ,,,Saruzófej Alkatrész,Mecal,,RÉZMEGFOGÓ ÜLLŐ,,991273261,,,,2024. 09. 01.,Használt,
ME.991450304,SZIGETELÉSMEGFOGÓ,,,Saruzófej Alkatrész,Mecal,,SZIGETELÉSMEGFOGÓ,,991450304,,,,2024. 09. 01.,Új,
H_ME.991450304,SZIGETELÉSMEGFOGÓ,,,Saruzófej Alkatrész,Mecal,,SZIGETELÉSMEGFOGÓ,,991450304,,,,2024. 09. 01.,Használt,
ME.991460125,RÉZMEGFOGÓ,,,Saruzófej Alkatrész,Mecal,,RÉZMEGFOGÓ,,991460125,,,,2024. 09. 01.,Új,
H_ME.991460125,RÉZMEGFOGÓ,,,Saruzófej Alkatrész,Mecal,,RÉZMEGFOGÓ,,991460125,,,,2024. 09. 01.,Használt,
ME.991452190,SZIGETELÉSMEGFOGÓ,,,Saruzófej Alkatrész,Mecal,,SZIGETELÉSMEGFOGÓ,,991452190,,,,2024. 09. 01.,Új,
H_ME.991452190,SZIGETELÉSMEGFOGÓ,,,Saruzófej Alkatrész,Mecal,,SZIGETELÉSMEGFOGÓ,,991452190,,,,2024. 09. 01.,Használt,
ME.991270375,RÉZMEGFOGÓ ÜLLŐ,,,Saruzófej Alkatrész,Mecal,,RÉZMEGFOGÓ ÜLLŐ,,991270375,,,,2024. 09. 01.,Új,
H_ME.991270375,RÉZMEGFOGÓ ÜLLŐ,,,Saruzófej Alkatrész,Mecal,,RÉZMEGFOGÓ ÜLLŐ,,991270375,,,,2024. 09. 01.,Használt,
ME.991270156,SZIGETELÉSMEGFOGÓ ÜLLŐ,,,Saruzófej Alkatrész,Mecal,,SZIGETELÉSMEGFOGÓ ÜLLŐ,,991270156,,,,2024. 09. 01.,Új,
H_ME.991270156,SZIGETELÉSMEGFOGÓ ÜLLŐ,,,Saruzófej Alkatrész,Mecal,,SZIGETELÉSMEGFOGÓ ÜLLŐ,,991270156,,,,2024. 09. 01.,Használt,
AM.453805-3,RÉZMEGFOGÓ,,,Saruzófej Alkatrész,AMP,,RÉZMEGFOGÓ,,453805-3,,,,2024. 09. 01.,Új,
H_AM.453805-3,RÉZMEGFOGÓ,,,Saruzófej Alkatrész,AMP,,RÉZMEGFOGÓ,,453805-3,,,,2024. 09. 01.,Használt,
AM.1-240654-5,FIX ÜLLŐ,,,Saruzófej Alkatrész,AMP,,FIX ÜLLŐ,,1-240654-5,,,,2024. 09. 01.,Új,
H_AM.1-240654-5,FIX ÜLLŐ,,,Saruzófej Alkatrész,AMP,,FIX ÜLLŐ,,1-240654-5,,,,2024. 09. 01.,Használt,
AM.690482-8,VÁGÓKÉS VEZETŐ,,,Saruzófej Alkatrész,AMP,,VÁGÓKÉS VEZETŐ,,690482-8,,,,2024. 09. 01.,Új,
H_AM.690482-8,VÁGÓKÉS VEZETŐ,,,Saruzófej Alkatrész,AMP,,VÁGÓKÉS VEZETŐ,,690482-8,,,,2024. 09. 01.,Használt,
AM.240644-1,VÁGÓKÉS ALAP,,,Saruzófej Alkatrész,AMP,,VÁGÓKÉS ALAP,,240644-1,,,,2024. 09. 01.,Új,
H_AM.240644-1,VÁGÓKÉS ALAP,,,Saruzófej Alkatrész,AMP,,VÁGÓKÉS ALAP,,240644-1,,,,2024. 09. 01.,Használt,
AM.690474.6,VÁGÓKÉS,,,Saruzófej Alkatrész,AMP,,VÁGÓKÉS,,690474.6,,,,2024. 09. 01.,Új,
H_AM.690474.6,VÁGÓKÉS,,,Saruzófej Alkatrész,AMP,,VÁGÓKÉS,,690474.6,,,,2024. 09. 01.,Használt,
ME.991461272,RÉZMEGFOGÓ,,,Saruzófej Alkatrész,Mecal,,RÉZMEGFOGÓ,,991461272,,,,2024. 09. 01.,Új,
H_ME.991461272,RÉZMEGFOGÓ,,,Saruzófej Alkatrész,Mecal,,RÉZMEGFOGÓ,,991461272,,,,2024. 09. 01.,Használt,
ME.991450984,SZIGETELÉSMEGFOGÓ,,,Saruzófej Alkatrész,Mecal,,SZIGETELÉSMEGFOGÓ,,991450984,,,,2024. 09. 01.,Új,
H_ME.991450984,SZIGETELÉSMEGFOGÓ,,,Saruzófej Alkatrész,Mecal,,SZIGETELÉSMEGFOGÓ,,991450984,,,,2024. 09. 01.,Használt,
ME.991272641,RÉZMEGFOGÓ ÜLLŐ,,,Saruzófej Alkatrész,Mecal,,RÉZMEGFOGÓ ÜLLŐ,,991272641,,,,2024. 09. 01.,Új,
H_ME.991272641,RÉZMEGFOGÓ ÜLLŐ,,,Saruzófej Alkatrész,Mecal,,RÉZMEGFOGÓ ÜLLŐ,,991272641,,,,2024. 09. 01.,Használt,
ME.991271233,SZIGETELÉSMEGFOGÓ ÜLLŐ,,,Saruzófej Alkatrész,Mecal,,SZIGETELÉSMEGFOGÓ ÜLLŐ,,991271233,,,,2024. 09. 01.,Új,
H_ME.991271233,SZIGETELÉSMEGFOGÓ ÜLLŐ,,,Saruzófej Alkatrész,Mecal,,SZIGETELÉSMEGFOGÓ ÜLLŐ,,991271233,,,,2024. 09. 01.,Használt,
ME.991460495,RÉZMEGFOGÓ,,,Saruzófej Alkatrész,Mecal,,RÉZMEGFOGÓ,,991460495,,,,2024. 09. 01.,Új,
H_ME.991460495,RÉZMEGFOGÓ,,,Saruzófej Alkatrész,Mecal,,RÉZMEGFOGÓ,,991460495,,,,2024. 09. 01.,Használt,
ME.991450995,SZIGETELÉSMEGFOGÓ,,,Saruzófej Alkatrész,Mecal,,SZIGETELÉSMEGFOGÓ,,991450995,,,,2024. 09. 01.,Új,
H_ME.991450995,SZIGETELÉSMEGFOGÓ,,,Saruzófej Alkatrész,Mecal,,SZIGETELÉSMEGFOGÓ,,991450995,,,,2024. 09. 01.,Használt,
ME.991270345,RÉZMEGFOGÓ ÜLLŐ,,,Saruzófej Alkatrész,Mecal,,RÉZMEGFOGÓ ÜLLŐ,,991270345,,,,2024. 09. 01.,Új,
H_ME.991270345,RÉZMEGFOGÓ ÜLLŐ,,,Saruzófej Alkatrész,Mecal,,RÉZMEGFOGÓ ÜLLŐ,,991270345,,,,2024. 09. 01.,Használt,
ME.991270346,SZIGETELÉSMEGFOGÓ ÜLLŐ,,,Saruzófej Alkatrész,Mecal,,SZIGETELÉSMEGFOGÓ ÜLLŐ,,991270346,,,,2024. 09. 01.,Új,
H_ME.991270346,SZIGETELÉSMEGFOGÓ ÜLLŐ,,,Saruzófej Alkatrész,Mecal,,SZIGETELÉSMEGFOGÓ ÜLLŐ,,991270346,,,,2024. 09. 01.,Használt,
ME.991461508,RÉZMEGFOGÓ,,,Saruzófej Alkatrész,Mecal,,RÉZMEGFOGÓ,,991461508,,,,2024. 09. 01.,Új,
H_ME.991461508,RÉZMEGFOGÓ,,,Saruzófej Alkatrész,Mecal,,RÉZMEGFOGÓ,,991461508,,,,2024. 09. 01.,Használt,
ME.991452067,SZIGETELÉSMEGFOGÓ,,,Saruzófej Alkatrész,Mecal,,SZIGETELÉSMEGFOGÓ,,991452067,,,,2024. 09. 01.,Új,
H_ME.991452067,SZIGETELÉSMEGFOGÓ,,,Saruzófej Alkatrész,Mecal,,SZIGETELÉSMEGFOGÓ,,991452067,,,,2024. 09. 01.,Használt,
ME.991271422,RÉZMEGFOGÓ ÜLLŐ,,,Saruzófej Alkatrész,Mecal,,RÉZMEGFOGÓ ÜLLŐ,,991271422,,,,2024. 09. 01.,Új,
H_ME.991271422,RÉZMEGFOGÓ ÜLLŐ,,,Saruzófej Alkatrész,Mecal,,RÉZMEGFOGÓ ÜLLŐ,,991271422,,,,2024. 09. 01.,Használt,
ME.991271419,SZIGETELÉSMEGFOGÓ ÜLLŐ,,,Saruzófej Alkatrész,Mecal,,SZIGETELÉSMEGFOGÓ ÜLLŐ,,991271419,,,,2024. 09. 01.,Új,
H_ME.991271419,SZIGETELÉSMEGFOGÓ ÜLLŐ,,,Saruzófej Alkatrész,Mecal,,SZIGETELÉSMEGFOGÓ ÜLLŐ,,991271419,,,,2024. 09. 01.,Használt,
ME.991451315,RÉZMEGFOGÓ,,,Saruzófej Alkatrész,Mecal,,RÉZMEGFOGÓ,,991451315,,,,2024. 09. 01.,Új,
H_ME.991451315,RÉZMEGFOGÓ,,,Saruzófej Alkatrész,Mecal,,RÉZMEGFOGÓ,,991451315,,,,2024. 09. 01.,Használt,
ME.991461058,RÉZMEGFOGÓ ÜLLŐ,,,Saruzófej Alkatrész,Mecal,,RÉZMEGFOGÓ ÜLLŐ,,991461058,,,,2024. 09. 01.,Új,
H_ME.991461058,RÉZMEGFOGÓ ÜLLŐ,,,Saruzófej Alkatrész,Mecal,,RÉZMEGFOGÓ ÜLLŐ,,991461058,,,,2024. 09. 01.,Használt,
ME.991270724,SZIGETELÉSMEGFOGÓ,,,Saruzófej Alkatrész,Mecal,,SZIGETELÉSMEGFOGÓ,,991270724,,,,2024. 09. 01.,Új,
H_ME.991270724,SZIGETELÉSMEGFOGÓ,,,Saruzófej Alkatrész,Mecal,,SZIGETELÉSMEGFOGÓ,,991270724,,,,2024. 09. 01.,Használt,
ME.991271385,SZIGETELÉSMEGFOGÓ ÜLLŐ,,,Saruzófej Alkatrész,Mecal,,SZIGETELÉSMEGFOGÓ ÜLLŐ,,991271385,,,,2024. 09. 01.,Új,
H_ME.991271385,SZIGETELÉSMEGFOGÓ ÜLLŐ,,,Saruzófej Alkatrész,Mecal,,SZIGETELÉSMEGFOGÓ ÜLLŐ,,991271385,,,,2024. 09. 01.,Használt,
ME.991273337,SZIGETELÉSMEGFOGÓ ÜLLŐ,,,Saruzófej Alkatrész,Mecal,,SZIGETELÉSMEGFOGÓ ÜLLŐ,,991273337,,,,2024. 09. 01.,Új,
H_ME.991273337,SZIGETELÉSMEGFOGÓ ÜLLŐ,,,Saruzófej Alkatrész,Mecal,,SZIGETELÉSMEGFOGÓ ÜLLŐ,,991273337,,,,2024. 09. 01.,Használt,
ME.991460468,RÉZMEGFOGÓ,,,Saruzófej Alkatrész,Mecal,,RÉZMEGFOGÓ,,991460468,,,,2024. 09. 01.,Új,
H_ME.991460468,RÉZMEGFOGÓ,,,Saruzófej Alkatrész,Mecal,,RÉZMEGFOGÓ,,991460468,,,,2024. 09. 01.,Használt,
ME.991270286,RÉZMEGFOGÓ ÜLLŐ,,,Saruzófej Alkatrész,Mecal,,RÉZMEGFOGÓ ÜLLŐ,,991270286,,,,2024. 09. 01.,Új,
H_ME.991270286,RÉZMEGFOGÓ ÜLLŐ,,,Saruzófej Alkatrész,Mecal,,RÉZMEGFOGÓ ÜLLŐ,,991270286,,,,2024. 09. 01.,Használt,
ME.901330112,VÁGÓKÉS,,,Saruzófej Alkatrész,Mecal,,VÁGÓKÉS,,901330112,,,,2024. 09. 01.,Új,
H_ME.901330112,VÁGÓKÉS,,,Saruzófej Alkatrész,Mecal,,VÁGÓKÉS,,901330112,,,,2024. 09. 01.,Használt,
ME.901350114,VÁGÓKÉS VEZETŐ,,,Saruzófej Alkatrész,Mecal,,VÁGÓKÉS VEZETŐ,,901350114,,,,2024. 09. 01.,Új,
H_ME.901350114,VÁGÓKÉS VEZETŐ,,,Saruzófej Alkatrész,Mecal,,VÁGÓKÉS VEZETŐ,,901350114,,,,2024. 09. 01.,Használt,
ME.991272647,RÉZMEGFOGÓ ÜLLŐ,,,Saruzófej Alkatrész,Mecal,,RÉZMEGFOGÓ ÜLLŐ,,991272647,,,,2024. 09. 01.,Új,
H_ME.991272647,RÉZMEGFOGÓ ÜLLŐ,,,Saruzófej Alkatrész,Mecal,,RÉZMEGFOGÓ ÜLLŐ,,991272647,,,,2024. 09. 01.,Használt,
ME.991460374,RÉZMEGFOGÓ,,,Saruzófej Alkatrész,Mecal,,RÉZMEGFOGÓ,,991460374,,,,2024. 09. 01.,Új,
H_ME.991460374,RÉZMEGFOGÓ,,,Saruzófej Alkatrész,Mecal,,RÉZMEGFOGÓ,,991460374,,,,2024. 09. 01.,Használt,
ME.991450190,SZIGETELÉSMEGFOGÓ,,,Saruzófej Alkatrész,Mecal,,SZIGETELÉSMEGFOGÓ,,991450190,,,,2024. 09. 01.,Új,
H_ME.991450190,SZIGETELÉSMEGFOGÓ,,,Saruzófej Alkatrész,Mecal,,SZIGETELÉSMEGFOGÓ,,991450190,,,,2024. 09. 01.,Használt,
ME.991270792,SZIGETELÉSMEGFOGÓ ÜLLŐ,,,Saruzófej Alkatrész,Mecal,,SZIGETELÉSMEGFOGÓ ÜLLŐ,,991270792,,,,2024. 09. 01.,Új,
H_ME.991270792,SZIGETELÉSMEGFOGÓ ÜLLŐ,,,Saruzófej Alkatrész,Mecal,,SZIGETELÉSMEGFOGÓ ÜLLŐ,,991270792,,,,2024. 09. 01.,Használt,
ME.991460130,RÉZMEGFOGÓ,,,Saruzófej Alkatrész,Mecal,,RÉZMEGFOGÓ,,991460130,,,,2024. 09. 01.,Új,
H_ME.991460130,RÉZMEGFOGÓ,,,Saruzófej Alkatrész,Mecal,,RÉZMEGFOGÓ,,991460130,,,,2024. 09. 01.,Használt,
ME.991275598,SZIGETELÉSMEGFOGÓ ÜLLŐ,,,Saruzófej Alkatrész,Mecal,,SZIGETELÉSMEGFOGÓ ÜLLŐ,,991275598,,,,2024. 09. 01.,Új,
H_ME.991275598,SZIGETELÉSMEGFOGÓ ÜLLŐ,,,Saruzófej Alkatrész,Mecal,,SZIGETELÉSMEGFOGÓ ÜLLŐ,,991275598,,,,2024. 09. 01.,Használt,
ME.911330368,MOZGÓ ÜLLŐ,,,Saruzófej Alkatrész,Mecal,,MOZGÓ ÜLLŐ,,911330368,,,,2024. 09. 01.,Új,
H_ME.911330368,MOZGÓ ÜLLŐ,,,Saruzófej Alkatrész,Mecal,,MOZGÓ ÜLLŐ,,911330368,,,,2024. 09. 01.,Használt,
ME.911340337,MOZGÓ ÜLLŐ TARTÓ,,,Saruzófej Alkatrész,Mecal,,MOZGÓ ÜLLŐ TARTÓ,,911340337,,,,2024. 09. 01.,Új,
H_ME.911340337,MOZGÓ ÜLLŐ TARTÓ,,,Saruzófej Alkatrész,Mecal,,MOZGÓ ÜLLŐ TARTÓ,,911340337,,,,2024. 09. 01.,Használt,
ME.981452360,SZIGETELÉSMEGFOGÓ,,,Saruzófej Alkatrész,Mecal,,SZIGETELÉSMEGFOGÓ,,981452360,,,,2024. 09. 01.,Új,
H_ME.981452360,SZIGETELÉSMEGFOGÓ,,,Saruzófej Alkatrész,Mecal,,SZIGETELÉSMEGFOGÓ,,981452360,,,,2024. 09. 01.,Használt,
ME.991270078,SZIGETELÉSMEGFOGÓ ÜLLŐ,,,Saruzófej Alkatrész,Mecal,,SZIGETELÉSMEGFOGÓ ÜLLŐ,,991270078,,,,2024. 09. 01.,Új,
H_ME.991270078,SZIGETELÉSMEGFOGÓ ÜLLŐ,,,Saruzófej Alkatrész,Mecal,,SZIGETELÉSMEGFOGÓ ÜLLŐ,,991270078,,,,2024. 09. 01.,Használt,
ME.981273644,RÉZMEGFOGÓ ÜLLŐ,,,Saruzófej Alkatrész,Mecal,,RÉZMEGFOGÓ ÜLLŐ,,981273644,,,,2024. 09. 01.,Új,
H_ME.981273644,RÉZMEGFOGÓ ÜLLŐ,,,Saruzófej Alkatrész,Mecal,,RÉZMEGFOGÓ ÜLLŐ,,981273644,,,,2024. 09. 01.,Használt,
ME.981462605,RÉZMEGFOGÓ,,,Saruzófej Alkatrész,Mecal,,RÉZMEGFOGÓ,,981462605,,,,2024. 09. 01.,Új,
H_ME.981462605,RÉZMEGFOGÓ,,,Saruzófej Alkatrész,Mecal,,RÉZMEGFOGÓ,,981462605,,,,2024. 09. 01.,Használt,
40107.01.41,N192,MRS 5157-J,Products_Images/40107.01.41.Image.085914.jpg,Saruzófej,Mecal,Oldal,,Nem Gumis,L124545,F,,,2025. 05. 16.,,Alkatrész Q6/B
40107.01.43,N193,MRS 5173-J,Products_Images/40107.01.43.Image.090419.jpg,Saruzófej,Mecal,Oldal,,Nem Gumis,L124545,F,,,2025. 05. 16.,,Alkatrész Q6/B
40107.01.44,N194,MRS 5174-J,Products_Images/40107.01.44.Image.090612.jpg,Saruzófej,Mecal,Oldal,,Nem Gumis,L124552,F,,,2025. 05. 16.,,Alkatrész X6
40107.01.45,N195,MRS 5175-J,Products_Images/40107.01.45.Image.090706.jpg,Saruzófej,Mecal,Oldal,,Nem Gumis,L124548,F,,,2025. 05. 16.,,Alkatrész Q6/B
ME.991462131,RÉZMEGFOGÓ,,,Saruzófej Alkatrész,Mecal,,RÉZMEGFOGÓ,,991462131,,,,,Új,
H_ME.991462131,RÉZMEGFOGÓ,,,Saruzófej Alkatrész,Mecal,,RÉZMEGFOGÓ,,991462131,,,,,Használt,
ME.991450175,SZIGETELÉSMEGFOGÓ,,,Saruzófej Alkatrész,Mecal,,SZIGETELÉSMEGFOGÓ,,991450175,,,,,Új,
H_ME.991450175,SZIGETELÉSMEGFOGÓ,,,Saruzófej Alkatrész,Mecal,,SZIGETELÉSMEGFOGÓ,,991450175,,,,,Használt,
ME.991273722,RÉZMEGFOGÓ ÜLLŐ,,,Saruzófej Alkatrész,Mecal,,RÉZMEGFOGÓ ÜLLŐ,,991273722,,,,,Új,
H_ME.991273722,RÉZMEGFOGÓ ÜLLŐ,,,Saruzófej Alkatrész,Mecal,,RÉZMEGFOGÓ ÜLLŐ,,991273722,,,,,Használt,
ME.991273901,SZIGETELÉSMEGFOGÓ ÜLLŐ,,,Saruzófej Alkatrész,Mecal,,SZIGETELÉSMEGFOGÓ ÜLLŐ,,991273901,,,,,Új,
H_ME.991273901,SZIGETELÉSMEGFOGÓ ÜLLŐ,,,Saruzófej Alkatrész,Mecal,,SZIGETELÉSMEGFOGÓ ÜLLŐ,,991273901,,,,,Használt,
ME.991460566,RÉZMEGFOGÓ,,,Saruzófej Alkatrész,Mecal,,RÉZMEGFOGÓ,,991460566,,,,,Új,
H_ME.991460566,RÉZMEGFOGÓ,,,Saruzófej Alkatrész,Mecal,,RÉZMEGFOGÓ,,991460566,,,,,Használt,
ME.991273943,RÉZMEGFOGÓ ÜLLŐ,,,Saruzófej Alkatrész,Mecal,,RÉZMEGFOGÓ ÜLLŐ,,991273943,,,,,Új,
H_ME.991273943,RÉZMEGFOGÓ ÜLLŐ,,,Saruzófej Alkatrész,Mecal,,RÉZMEGFOGÓ ÜLLŐ,,991273943,,,,,Használt,
ME.991270636,SZIGETELÉSMEGFOGÓ ÜLLŐ,,,Saruzófej Alkatrész,Mecal,,SZIGETELÉSMEGFOGÓ ÜLLŐ,,991270636,,,,,Új,
H_ME.991270636,SZIGETELÉSMEGFOGÓ ÜLLŐ,,,Saruzófej Alkatrész,Mecal,,SZIGETELÉSMEGFOGÓ ÜLLŐ,,991270636,,,,,Használt,
ME.991461593,RÉZMEGFOGÓ,,,Saruzófej Alkatrész,Mecal,,RÉZMEGFOGÓ,,991461593,,,,,Új,
H_ME.991461593,RÉZMEGFOGÓ,,,Saruzófej Alkatrész,Mecal,,RÉZMEGFOGÓ,,991461593,,,,,Használt,
ME.991450528,SZIGETELÉSMEGFOGÓ,,,Saruzófej Alkatrész,Mecal,,SZIGETELÉSMEGFOGÓ,,991450528,,,,,Új,
H_ME.991450528,SZIGETELÉSMEGFOGÓ,,,Saruzófej Alkatrész,Mecal,,SZIGETELÉSMEGFOGÓ,,991450528,,,,,Használt,
ME.991273236,SZIGETELÉSMEGFOGÓ ÜLLŐ,,,Saruzófej Alkatrész,Mecal,,SZIGETELÉSMEGFOGÓ ÜLLŐ,,991273236,,,,,Új,
H_ME.991273236,SZIGETELÉSMEGFOGÓ ÜLLŐ,,,Saruzófej Alkatrész,Mecal,,SZIGETELÉSMEGFOGÓ ÜLLŐ,,991273236,,,,,Használt,
ME.991273938,RÉZMEGFOGÓ ÜLLŐ,,,Saruzófej Alkatrész,Mecal,,RÉZMEGFOGÓ ÜLLŐ,,991273938,,,,,Új,
H_ME.991273938,RÉZMEGFOGÓ ÜLLŐ,,,Saruzófej Alkatrész,Mecal,,RÉZMEGFOGÓ ÜLLŐ,,991273938,,,,,Használt,
ME.991461328,RÉZMEGFOGÓ,,,Saruzófej Alkatrész,Mecal,,RÉZMEGFOGÓ,,991461328,,,,,Új,
H_ME.991461328,RÉZMEGFOGÓ,,,Saruzófej Alkatrész,Mecal,,RÉZMEGFOGÓ,,991461328,,,,,Használt,
ME.991450664,SZIGETELÉSMEGFOGÓ,,,Saruzófej Alkatrész,Mecal,,SZIGETELÉSMEGFOGÓ,,991450664,,,,,Új,
H_ME.991450664,SZIGETELÉSMEGFOGÓ,,,Saruzófej Alkatrész,Mecal,,SZIGETELÉSMEGFOGÓ,,991450664,,,,,Használt,
ME.991270512,SZIGETELÉSMEGFOGÓ ÜLLŐ,,,Saruzófej Alkatrész,Mecal,,SZIGETELÉSMEGFOGÓ ÜLLŐ,,991270512,,,,,Új,
H_ME.991270512,SZIGETELÉSMEGFOGÓ ÜLLŐ,,,Saruzófej Alkatrész,Mecal,,SZIGETELÉSMEGFOGÓ ÜLLŐ,,991270512,,,,,Használt,
ME.991273937,RÉZMEGFOGÓ ÜLLŐ,,,Saruzófej Alkatrész,Mecal,,RÉZMEGFOGÓ ÜLLŐ,,991273937,,,,,Új,
H_ME.991273937,RÉZMEGFOGÓ ÜLLŐ,,,Saruzófej Alkatrész,Mecal,,RÉZMEGFOGÓ ÜLLŐ,,991273937,,,,,Használt,
2122120061,SARU - 3-1447221-3,"S/S REC CONTACT ASSY, AU, 0.75-1.25",Products_Images/2122120061.Image.102635.jpg,Saru,TE,,,,3-1447221-3,,,Anya,2025. 06. 18.,,
2122120060,SARU - 3-1447221-4,"S/S REC CONTACT ASSY, AU, 0.5",Products_Images/2122120060.Image.103454.jpg,Saru,TE,,,,3-1447221-4,,,Anya,2025. 06. 18.,,
9099000079_00,Solmec SC9099,,,Gyártandó Termék,Solmec  SC9099,,,,,,,,2025. 06. 19.,,
9083202601740A,Autoclima AU9083,,,Gyártandó Termék,Autoclima  AU9083,,,,,,,,2025. 06. 22.,,
9083000619_00,Autoclima  AU9083,,,Gyártandó Termék,Autoclima  AU9083,,,,,,,,2025. 06. 22.,,
9099000621_00,Solmec SC9099,,,Gyártandó Termék,Solmec  SC9099,,,,,,,,2025. 06. 22.,,
9083000045_00,Autoclima  AU9083,,,Gyártandó Termék,Autoclima  AU9083,,,,,,,,2025. 06. 22.,,
XINT000001,Mérődoboz,,Products_Images/XINT000001.Image.151928.jpg,Mérődoboz,WorldWires,,,,,,,,2025. 06. 22.,,
9099000619_00,Solmec SC9099,,,Gyártandó Termék,Solmec  SC9099,,,,,,,,2025. 06. 19.,,
9142000109_01,TE9142,,,Gyártandó Termék,Tecomec  TE9142,,,,,,,,2025. 06. 23.,,
9059000357_02,SEA SE9059,,,Gyártandó Termék,SEA  SE9059,,,,,,,,2025. 06. 23.,,
9141000026_00,Negri NE9141,,,Gyártandó Termék,Negri  NE9141,,,,,,,,2025. 06. 23.,,
908360654305,Autoclima AU9083,,,Gyártandó Termék,Autoclima  AU9083,,,,,,,,2025. 06. 23.,,
9083000423_00,Autoclima AU9083,,,Gyártandó Termék,Autoclima  AU9083,,,,,,,,2025. 06. 23.,,
9222000078_00,Melchioni ME9222,,,Gyártandó Termék,Melchioni  ME9222,,,,,,,,2025. 06. 23.,,
XINT000627,Mérődoboz,,Products_Images/XINT000627.Image.082136.jpg,Mérődoboz,WorldWires,,,,,,,,2025. 06. 23.,,
9158000206_01,Dinamica DG9158,,,Gyártandó Termék,Dinamica  DG9158,,,,,,,,2025. 06. 23.,,
9222000110_00,Melchioni ME9222,,,Gyártandó Termék,Melchioni  ME9222,,,,,,,,2025. 06. 23.,,
9083000236_03,Autoclima AU9083,,,Gyártandó Termék,Autoclima  AU9083,,,,,,,,2025. 06. 23.,,
9091000049_00,Masi MS9091,,,Gyártandó Termék,Masi  MS9091,,,,,,,,2025. 06. 23.,,
XINT000003,Mérődoboz,,Products_Images/XINT000003.Image.054935.jpg,Mérődoboz,WorldWires,,,,,,,,2025. 06. 22.,,
XINT000004,Mérődoboz,,Products_Images/XINT000004.Image.055058.jpg,Mérődoboz,WorldWires,,,,,,,,2025. 06. 22.,,
XINT000005,Mérődoboz,,Products_Images/XINT000005.Image.055112.jpg,Mérődoboz,WorldWires,,,,,,,,2025. 06. 22.,,
XINT000006,Mérődoboz,,Products_Images/XINT000006.Image.055153.jpg,Mérődoboz,WorldWires,,,,,,,,2025. 06. 22.,,
XINT000010,Mérődoboz,,Products_Images/XINT000010.Image.055334.jpg,Mérődoboz,WorldWires,,,,,,,,2025. 06. 22.,,
XINT000013,Mérődoboz,,Products_Images/XINT000013.Image.055450.jpg,Mérődoboz,WorldWires,,,,,,,,2025. 06. 22.,,
XINT000015,Mérődoboz,,,Mérődoboz,WorldWires,,,,,,,,2025. 06. 22.,,
XINT000021,Mérődoboz,,Products_Images/XINT000021.Image.055558.jpg,Mérődoboz,WorldWires,,,,,,,,2025. 06. 22.,,
XINT000022,Mérődoboz,,Products_Images/XINT000022.Image.055709.jpg,Mérődoboz,WorldWires,,,,,,,,2025. 06. 22.,,
XINT000023,Mérődoboz,,Products_Images/XINT000023.Image.110648.jpg,Mérődoboz,WorldWires,,,,,,,,2025. 06. 22.,,
XINT000024,Mérődoboz,,Products_Images/XINT000024.Image.055816.jpg,Mérődoboz,WorldWires,,,,,,,,2025. 06. 22.,,
XINT000025,Mérődoboz,,Products_Images/XINT000025.Image.110742.jpg,Mérődoboz,WorldWires,,,,,,,,2025. 06. 22.,,
XINT000026,Mérődoboz,,Products_Images/XINT000026.Image.060911.jpg,Mérődoboz,WorldWires,,,,,,,,2025. 06. 22.,,
XINT000027,Mérődoboz,,Products_Images/XINT000027.Image.110824.jpg,Mérődoboz,WorldWires,,,,,,,,2025. 06. 22.,,
XINT000028,Mérődoboz,,Products_Images/XINT000028.Image.061020.jpg,Mérődoboz,WorldWires,,,,,,,,2025. 06. 22.,,
XINT000029,Mérődoboz,,,Mérődoboz,WorldWires,,,,,,,,2025. 06. 22.,,
XINT000030,Mérődoboz,,Products_Images/XINT000030.Image.061104.jpg,Mérődoboz,WorldWires,,,,,,,,2025. 06. 22.,,
XINT000043,Mérődoboz,,,Mérődoboz,WorldWires,,,,,,,,2025. 06. 22.,,
XINT000045,Mérődoboz,,Products_Images/XINT000045.Image.061155.jpg,Mérődoboz,WorldWires,,,,,,,,2025. 06. 22.,,
XINT000047,Mérődoboz,,Products_Images/XINT000047.Image.061602.jpg,Mérődoboz,WorldWires,,,,,,,,2025. 06. 22.,,
XINT000050,Mérődoboz,,Products_Images/XINT000050.Image.061647.jpg,Mérődoboz,WorldWires,,,,,,,,2025. 06. 22.,,
XINT000051,Mérődoboz,,Products_Images/XINT000051.Image.065421.jpg,Mérődoboz,WorldWires,,,,,,,,2025. 06. 22.,,
XINT000052,Mérődoboz,,Products_Images/XINT000052.Image.065454.jpg,Mérődoboz,WorldWires,,,,,,,,2025. 06. 22.,,
XINT000053,Mérődoboz,,,Mérődoboz,WorldWires,,,,,,,,2025. 06. 22.,,
XINT000055,Mérődoboz,,,Mérődoboz,WorldWires,,,,,,,,2025. 06. 22.,,
XINT000057,Mérődoboz,,Products_Images/XINT000057.Image.065600.jpg,Mérődoboz,WorldWires,,,,,,,,2025. 06. 22.,,
XINT000057-2,Mérődoboz,,,Mérődoboz,WorldWires,,,,,,,,2025. 06. 22.,,
XINT000057-3,Mérődoboz,,,Mérődoboz,WorldWires,,,,,,,,2025. 06. 22.,,
XINT000057-4,Mérődoboz,,,Mérődoboz,WorldWires,,,,,,,,2025. 06. 22.,,
XINT000057-5,Mérődoboz,,,Mérődoboz,WorldWires,,,,,,,,2025. 06. 22.,,
XINT000058,Mérődoboz,,Products_Images/XINT000058.Image.065657.jpg,Mérődoboz,WorldWires,,,,,,,,2025. 06. 22.,,
XINT000063,Mérődoboz,,,Mérődoboz,WorldWires,,,,,,,,2025. 06. 22.,,
XINT000066,Mérődoboz,,Products_Images/XINT000066.Image.065912.jpg,Mérődoboz,WorldWires,,,,,,,,2025. 06. 22.,,
XINT000070,Mérődoboz,,Products_Images/XINT000070.Image.065953.jpg,Mérődoboz,WorldWires,,,,,,,,2025. 06. 22.,,
XINT000070-2,Mérődoboz,,,Mérődoboz,WorldWires,,,,,,,,2025. 06. 22.,,
XINT000071,Mérődoboz,,Products_Images/XINT000071.Image.070020.jpg,Mérődoboz,WorldWires,,,,,,,,2025. 06. 22.,,
XINT000079,Mérődoboz,,Products_Images/XINT000079.Image.070112.jpg,Mérődoboz,WorldWires,,,,,,,,2025. 06. 22.,,
XINT000080,Mérődoboz,,Products_Images/XINT000080.Image.070231.jpg,Mérődoboz,WorldWires,,,,,,,,2025. 06. 22.,,
XINT000081,Mérődoboz,,,Mérődoboz,WorldWires,,,,,,,,2025. 06. 22.,,
XINT000083,Mérődoboz,,,Mérődoboz,WorldWires,,,,,,,,2025. 06. 22.,,
XINT000084,Mérődoboz,,Products_Images/XINT000084.Image.070708.jpg,Mérődoboz,WorldWires,,,,,,,,2025. 06. 22.,,
XINT000085,Mérődoboz,,,Mérődoboz,WorldWires,,,,,,,,2025. 06. 22.,,
XINT000086,Mérődoboz,,,Mérődoboz,WorldWires,,,,,,,,2025. 06. 22.,,
XINT000090-2,Mérődoboz,,,Mérődoboz,WorldWires,,,,,,,,2025. 06. 22.,,
XINT000092,Mérődoboz,,Products_Images/XINT000092.Image.070748.jpg,Mérődoboz,WorldWires,,,,,,,,2025. 06. 22.,,
XINT000093,Mérődoboz,,,Mérődoboz,WorldWires,,,,,,,,2025. 06. 22.,,
XINT000094,Mérődoboz,,Products_Images/XINT000094.Image.070848.jpg,Mérődoboz,WorldWires,,,,,,,,2025. 06. 22.,,
XINT000095,Mérődoboz,,Products_Images/XINT000095.Image.070912.jpg,Mérődoboz,WorldWires,,,,,,,,2025. 06. 22.,,
XINT000049-2,Mérődoboz,,Products_Images/XINT000049-2.Image.101018.jpg,Mérődoboz,WorldWires,,,,,,,,2025. 06. 22.,,
9099000311_00,Solmec  SC9099,,,Gyártandó Termék,Solmec  SC9099,,,,,,,,2025. 06. 24.,,
9059000488_00,SEA  SE9059,,,Gyártandó Termék,SEA  SE9059,,,,,,,,2025. 06. 30.,,
XINT000C29,Mérődoboz,,Products_Images/XINT000C29.Image.042056.jpg,Mérődoboz,WorldWires,,,,,,,,2025. 07. 01.,,
XINT0551.1,Mérőkábel,,Products_Images/XINT0551.1.Image.075947.jpg,Mérődoboz,WorldWires,,,,,,,,2025. 07. 01.,,
XINT0690.1,Mérőkábel,,Products_Images/XINT0690.1.Image.080125.jpg,Mérődoboz,WorldWires,,,,,,,,2025. 07. 01.,,
8001000036_00,Strauss-Metal SM8001,,,Gyártandó Termék,Strauss-Metal SM8001,,,,,,,,2025. 07. 01.,,
XINT0660.2,Mérődoboz,,Products_Images/XINT0660.2.Image.081544.jpg,Mérődoboz,WorldWires,,,,,,,,2025. 07. 01.,,
5000C00046,Mérőkábel,,,Mérődoboz,CEL,,,,,,,,2025. 07. 01.,,
5000C00047,Mérőkábel,,,Mérődoboz,CEL,,,,,,,,2025. 07. 01.,,
5000C00063,Mérődoboz,,,Mérődoboz,WorldWires,,,,,,,,2025. 07. 01.,,
9166000072_02,Hymach  HY9166,,,Gyártandó Termék,Hymach  HY9166,,,,,,,,2025. 07. 01.,,
9141000041_00,Negri  NE9141,,,Gyártandó Termék,Negri  NE9141,,,,,,,,2025. 07. 01.,,
9083000610_00,Autoclima  AU9083,,,Gyártandó Termék,Autoclima  AU9083,,,,,,,,2025. 07. 01.,,
9083000090_01,Autoclima  AU9083,,,Gyártandó Termék,Autoclima  AU9083,,,,,,,,2025. 07. 01.,,
9099000804_00,Solmec  SC9099,,,Gyártandó Termék,Solmec  SC9099,,,,,,,,2025. 07. 01.,,
9099000783_01,Solmec  SC9099,,,Gyártandó Termék,Solmec  SC9099,,,,,,,,2025. 07. 01.,,
9099000584_00,Solmec  SC9099,,,Gyártandó Termék,Solmec  SC9099,,,,,,,,2025. 07. 01.,,
9099000805_00,Solmec  SC9099,,,Gyártandó Termék,Solmec  SC9099,,,,,,,,2025. 07. 01.,,
XINT0354.2,Mérődoboz,,Products_Images/XINT0354.2.Image.105632.jpg,Mérődoboz,WorldWires,,,,,,,,2025. 07. 01.,,
9099000806_00,Solmec  SC9099,,,Gyártandó Termék,Solmec  SC9099,,,,,,,,2025. 07. 01.,,
9189000007_01,BP Metalmeccanica  BP9189,,,Gyártandó Termék,BP Metalmeccanica  BP9189,,,,,,,,2025. 07. 01.,,
9166000003_04,Hymach  HY9166,,,Gyártandó Termék,Hymach  HY9166,,,,,,,,2025. 07. 01.,,
9066000006_03,VM VM9066,,,Gyártandó Termék,VM VM9066,,,,,,,,2025. 07. 04.,,
9166000092_00,Hymach  HY9166,,,Gyártandó Termék,Hymach  HY9166,,,,,,,,2025. 07. 04.,,
XINT000603,Mérődoboz,,Products_Images/XINT000603.Image.084734.jpg,Mérődoboz,WorldWires,,,,,,,,2025. 07. 04.,,
9158000113_08,Dinamica  DG9158,,,Gyártandó Termék,Dinamica  DG9158,,,,,,,,2025. 07. 04.,,
9141000046_00,Negri  NE9141,,,Gyártandó Termék,Negri  NE9141,,,,,,,,2025. 07. 04.,,
XINT000591,Mérődoboz,,Products_Images/XINT000591.Image.085432.jpg,Mérődoboz,WorldWires,,,,,,,,2025. 07. 04.,,
9142000027_00,Tecomec  TE9142,,,Gyártandó Termék,Tecomec  TE9142,,,,,,,,2025. 07. 04.,,
9222000083_02,Melchioni  ME9222,,,Gyártandó Termék,Melchioni  ME9222,,,,,,,,2025. 07. 04.,,
9059000136_01,SEA  SE9059,,,Gyártandó Termék,SEA  SE9059,,,,,,,,2025. 07. 04.,,
9059000292_01,SEA  SE9059,,,Gyártandó Termék,SEA  SE9059,,,,,,,,2025. 07. 04.,,
9099000553_00,Solmec  SC9099,,,Gyártandó Termék,Solmec  SC9099,,,,,,,,2025. 07. 04.,,
9142000034_00,Tecomec  TE9142,,,Gyártandó Termék,Tecomec  TE9142,,,,,,,,2025. 07. 04.,,
9083000436_01,Autoclima  AU9083,,,Gyártandó Termék,Autoclima  AU9083,,,,,,,,2025. 07. 08.,,
9099000686_00,Solmec  SC9099,,,Gyártandó Termék,Solmec  SC9099,,,,,,,,2025. 07. 08.,,
9083000110_01,Autoclima  AU9083,,,Gyártandó Termék,Autoclima  AU9083,,,,,,,,2025. 07. 08.,,
XINT000782,Mérőkábel,,Products_Images/XINT000782.Image.040524.jpg,Mérődoboz,WorldWires,,,,,,,,2025. 07. 08.,,
9156000010_01,FORT FO9156,,,Gyártandó Termék,FORT FO9156,,,,,,,,2025. 07. 08.,,
9192000001_01,Dometic (Waeco)  DM9192,,,Gyártandó Termék,Dometic (Waeco)  DM9192,,,,,,,,2025. 07. 08.,,
XINT000585,Mérődoboz,,Products_Images/XINT000585.Image.043246.jpg,Mérődoboz,WorldWires,,,,,,,,2025. 07. 08.,,
9142000039_00,Tecomec  TE9142,,,Gyártandó Termék,Tecomec  TE9142,,,,,,,,2025. 07. 08.,,
5000BA0033,Mérőkábel,,Products_Images/5000BA0033.Image.043727.jpg,Mérődoboz,WorldWires,,,,,,,,2025. 07. 08.,,
5000BA0034,Mérőkábel,,Products_Images/5000BA0034.Image.043852.jpg,Mérődoboz,WorldWires,,,,,,,,2025. 07. 08.,,
XINT000787,,,Products_Images/XINT000787.Image.044204.jpg,Mérődoboz,WorldWires,,,,,,,,2025. 07. 08.,,
XINT000785,Mérőkábel,,Products_Images/XINT000785.Image.044332.jpg,Mérődoboz,WorldWires,,,,,,,,2025. 07. 08.,,
5000BA0032,Mérőkábel,,Products_Images/5000BA0032.Image.044438.jpg,Mérődoboz,WorldWires,,,,,,,,2025. 07. 08.,,
9189000002_01,BP Metalmeccanica  BP9189,,,Gyártandó Termék,BP Metalmeccanica  BP9189,,,,,,,,2025. 07. 08.,,
9083000242_00,Autoclima  AU9083,,,Gyártandó Termék,Autoclima  AU9083,,,,,,,,2025. 07. 08.,,
9083000375_00,Autoclima  AU9083,,,Gyártandó Termék,Autoclima  AU9083,,,,,,,,2025. 07. 08.,,
9083000343_00,Autoclima  AU9083,,,Gyártandó Termék,Autoclima  AU9083,,,,,,,,2025. 07. 08.,,
9083000445_00,Autoclima  AU9083,,,Gyártandó Termék,Autoclima  AU9083,,,,,,,,2025. 07. 08.,,
9083000079_00,Autoclima  AU9083,,,Gyártandó Termék,Autoclima  AU9083,,,,,,,,2025. 07. 08.,,
9083000572_01,Autoclima  AU9083,,,Gyártandó Termék,Autoclima  AU9083,,,,,,,,2025. 07. 10.,,
9083000034_01,Autoclima  AU9083,,,Gyártandó Termék,Autoclima  AU9083,,,,,,,,2025. 07. 10.,,
9083000070_00,Autoclima  AU9083,,,Gyártandó Termék,Autoclima  AU9083,,,,,,,,2025. 07. 10.,,
908320260196.1,Autoclima  AU9083,,,Gyártandó Termék,Autoclima  AU9083,,,,,,,,2025. 07. 10.,,
9166000082_01,Hymach  HY9166,,,Gyártandó Termék,Hymach  HY9166,,,,,,,,2025. 07. 10.,,
9166000081_01,Hymach  HY9166,,,Gyártandó Termék,Hymach  HY9166,,,,,,,,2025. 07. 10.,,
9222000035_00,Melchioni  ME9222,,,Gyártandó Termék,Melchioni  ME9222,,,,,,,,2025. 07. 10.,,
9141000031_00,Negri  NE9141,,,Gyártandó Termék,Negri  NE9141,,,,,,,,2025. 07. 10.,,
R.2540063,Bordás Szíj,20T 5/255 - 2mm vastag,Products_Images/R.2540063.Image.043942.jpg,Alkatrész,Chiorino,,SZÍJ,,,,,,2025. 07. 10.,Új,TMK
2122120105,SARU - 1241380-1,"AMP MCP 1.5K, CONTACT, SWS",Products_Images/2122120105.Image.100223.png,Saru,TE,,,,1241380-1,,,Anya,2025. 07. 11.,,
2122120139.1,SARU - 1-968855-3,"AMP MCP 2.8, CONTACT SWS - Receptacle Terminal, 20 – 17 AWG, .5 – 1 mm² Wire, 2.8 mm [.11 in] Tab Width, Silver (Ag), Sealable, .8 mm [.031 in] Tab Thickness, AMP MCP 2.8",Products_Images/2122120139.1.Image.100316.png,Saru,TE,,,,1-968855-3,,,Anya,2025. 07. 11.,,
2122120170,SARU - 0-1241416-1,"All AMP MCP, RECEPTACLE AND TAB (105) - Receptacle Terminal, 13 – 11 AWG, 2.5 – 4 mm² Wire, 4.8 mm / 6.3 mm [.189 in / .25 in] Tab Width, Tin (Sn), Sealable, AMP MCP 6.3/4.8K",Products_Images/2122120170.Image.100409.png,Saru,TE,,,,0-1241416-1,,,Anya,2025. 07. 11.,,
9083000372_00,Autoclima  AU9083,,,Gyártandó Termék,Autoclima  AU9083,,,,,,,,2025. 07. 14.,,
9083000499_00,Autoclima  AU9083,,,Gyártandó Termék,Autoclima  AU9083,,,,,,,,2025. 07. 14.,,
9083000287_01,Autoclima  AU9083,,,Gyártandó Termék,Autoclima  AU9083,,,,,,,,2025. 07. 14.,,
9083000374_00,Autoclima  AU9083,,,Gyártandó Termék,Autoclima  AU9083,,,,,,,,2025. 07. 14.,,
9083000446_00,Autoclima  AU9083,,,Gyártandó Termék,Autoclima  AU9083,,,,,,,,2025. 07. 14.,,
9142000038_00,Tecomec  TE9142,,,Gyártandó Termék,Tecomec  TE9142,,,,,,,,2025. 07. 14.,,
XINT0354.1,Mérődoboz,,Products_Images/XINT0354.1.Image.090000.jpg,Mérődoboz,WorldWires,,,,,,,,2025. 07. 14.,,
C23500043,Konektor - VG95328D14-12PN,,Products_Images/C23500043.Image.051249.png,Konnektor,Amphenol,,,,VG95328D14-12PN,,Apa,,2025. 07. 15.,,
C23500044,Konektor - VG95328D20-16PY,,Products_Images/C23500044.Image.081607.jpg,Konnektor,Amphenol,,,,VG95328D20-16PY,,Apa,,2025. 07. 15.,,
C23500045,Konektor - KPT07E22-41P,,Products_Images/C23500045.Image.081652.jpg,Konnektor,ITT CANNON,,,,KPT07E22-41P,,Apa,,2025. 07. 15.,,
5000900002,Fogó,,Products_Images/5000900002.Image.052551.jpg,Fogó,AMP,,,,,,,,2025. 07. 15.,,
5000900035,Fogó,,Products_Images/5000900035.Image.053547.jpg,Fogó,TE,,,,,,,,2025. 07. 15.,,
5000900039,Fogó,,Products_Images/5000900039.Image.053641.jpg,Fogó,AMP,,,,,,,,2025. 07. 15.,,
5000900058,Fogó,,Products_Images/5000900058.Image.053726.jpg,Fogó,AMP,,,,,,,,2025. 07. 15.,,
5000900090,Fogó,,Products_Images/5000900090.Image.053750.jpg,Fogó,Molex,,,,,,,,2025. 07. 15.,,
5000900104,Fogó,,Products_Images/5000900104.Image.053819.jpg,Fogó,AMP,,,,,,,,2025. 07. 15.,,
5000900106,Fogó,,Products_Images/5000900106.Image.081407.jpg,Fogó,Cembre,,,,,,,,2025. 07. 15.,,
9083000537_02,Autoclima  AU9083,,,Gyártandó Termék,Autoclima  AU9083,,,,,,,,2025. 07. 16.,,
9083000203_00,Autoclima  AU9083,,,Gyártandó Termék,Autoclima  AU9083,,,,,,,,2025. 07. 16.,,
9083000273_00,Autoclima  AU9083,,,Gyártandó Termék,Autoclima  AU9083,,,,,,,,2025. 07. 16.,,
9083000243_00,Autoclima  AU9083,,,Gyártandó Termék,Autoclima  AU9083,,,,,,,,2025. 07. 16.,,
9083000433_00,Autoclima  AU9083,,,Gyártandó Termék,Autoclima  AU9083,,,,,,,,2025. 07. 16.,,
9083000282_99,Autoclima  AU9083,,,Gyártandó Termék,Autoclima  AU9083,,,,,,,,2025. 07. 16.,,
9222000037_00,Melchioni  ME9222,,,Gyártandó Termék,Melchioni  ME9222,,,,,,,,2025. 07. 16.,,
9222000033_00,Melchioni  ME9222,,,Gyártandó Termék,Melchioni  ME9222,,,,,,,,2025. 07. 16.,,
XINT0027.2,Mérődoboz,,Products_Images/XINT0027.2.Image.062806.jpg,Mérődoboz,WorldWires,,,,,,,,2025. 07. 16.,,
9192000008_00,Dometic (Waeco)  DM9192,,,Gyártandó Termék,Dometic (Waeco)  DM9192,,,,,,,,2025. 07. 16.,,
9091000076_00,Masi  MS9091,,,Gyártandó Termék,Masi  MS9091,,,,,,,,2025. 07. 16.,,
9091000045_00,Masi  MS9091,,,Gyártandó Termék,Masi  MS9091,,,,,,,,2025. 07. 16.,,
9222000038_00,Melchioni  ME9222,,,Gyártandó Termék,Melchioni  ME9222,,,,,,,,2025. 07. 16.,,
9099000398_00,Solmec  SC9099,,,Gyártandó Termék,Solmec  SC9099,,,,,,,,2025. 07. 16.,,
XINT000788,Mérőkábel,,Products_Images/XINT000788.Image.064425.jpg,Mérődoboz,WorldWires,,,,,,,,2025. 07. 16.,,
9141000025_00,Negri  NE9141,,,Gyártandó Termék,Negri  NE9141,,,,,,,,2025. 07. 16.,,
9083202601720A,Autoclima  AU9083,,,Gyártandó Termék,Autoclima  AU9083,,,,,,,,2025. 07. 16.,,
9083000276_05,Autoclima  AU9083,,,Gyártandó Termék,Autoclima  AU9083,,,,,,,,2025. 07. 16.,,
9083000610_01,Autoclima  AU9083,,,Gyártandó Termék,Autoclima  AU9083,,,,,,,,2025. 07. 16.,,
5000E00018,Mérőkábel,,Products_Images/5000E00018.Image.080018.jpg,Mérődoboz,WorldWires,,,,,,,,2025. 07. 16.,,
9083000507_00,Autoclima  AU9083,,,Gyártandó Termék,Autoclima  AU9083,,,,,,,,2025. 07. 16.,,
9222000139_00,Melchioni  ME9222,,,Gyártandó Termék,Melchioni  ME9222,,,,,,,,2025. 07. 16.,,
9083000533_00,Autoclima  AU9083,,,Gyártandó Termék,Autoclima  AU9083,,,,,,,,2025. 07. 16.,,
2472120020.2,Saru - 282110-1,"AMP SUPERSEAL 1.5MM, RECEPTACLE AND TAB",Products_Images/2472120020.0.Image.102643.jpg,Saru,TE,,,,282110-1,,,Anya,2025. 07. 16.,,
2471120020.2,Saru - 282109-1,"AMP SUPERSEAL 1.5MM, RECEPTACLE AND TAB",Products_Files_/2471120020.2.Image.043409.webp,Saru,TE,,,,282109-1,,,Apa,2025. 07. 16.,,
9083000054_02,Autoclima  AU9083,,,Gyártandó Termék,Autoclima  AU9083,,,,,,,,2025. 07. 17.,,
9059000269_00,SEA  SE9059,,,Gyártandó Termék,SEA  SE9059,,,,,,,,2025. 07. 17.,,
9091000018_00,Masi  MS9091,,,Gyártandó Termék,Masi  MS9091,,,,,,,,2025. 07. 17.,,
908320260262,Autoclima  AU9083,,,Gyártandó Termék,Autoclima  AU9083,,,,,,,,2025. 07. 17.,,
9166000076_01,Hymach  HY9166,,,Gyártandó Termék,Hymach  HY9166,,,,,,,,2025. 07. 17.,,
9083202600740A,Autoclima  AU9083,,,Gyártandó Termék,Autoclima  AU9083,,,,,,,,2025. 07. 17.,,
9141000037_00,Negri  NE9141,,,Gyártandó Termék,Negri  NE9141,,,,,,,,2025. 07. 17.,,
9222000062_01,Melchioni  ME9222,,,Gyártandó Termék,Melchioni  ME9222,,,,,,,,2025. 07. 17.,,
908360654310A1,Autoclima  AU9083,,,Gyártandó Termék,Autoclima  AU9083,,,,,,,,2025. 07. 17.,,
XINT000072,Mérődoboz,,Products_Images/XINT000072.Image.051856.jpg,Mérődoboz,WorldWires,,,,,,,,2025. 07. 17.,,
9083000511_00,Autoclima  AU9083,,,Gyártandó Termék,Autoclima  AU9083,,,,,,,,2025. 07. 17.,,
9083000510_00,Autoclima  AU9083,,,Gyártandó Termék,Autoclima  AU9083,,,,,,,,2025. 07. 17.,,
9142000114_00,Tecomec  TE9142,,,Gyártandó Termék,Tecomec  TE9142,,,,,,,,2025. 07. 17.,,
XINT000600,Mérődoboz,,Products_Images/XINT000600.Image.054028.jpg,Mérődoboz,WorldWires,,,,,,,,2025. 07. 17.,,
9099000632_01,Solmec  SC9099,,,Gyártandó Termék,Solmec  SC9099,,,,,,,,2025. 07. 17.,,
9083000604_01,Autoclima  AU9083,,,Gyártandó Termék,Autoclima  AU9083,,,,,,,,2025. 07. 21.,,
9166000134_00,Hymach  HY9166,,,Gyártandó Termék,Hymach  HY9166,,,,,,,,2025. 07. 21.,,
9166000137_00,Hymach  HY9166,,,Gyártandó Termék,Hymach  HY9166,,,,,,,,2025. 07. 21.,,
9166000077_00,Hymach  HY9166,,,Gyártandó Termék,Hymach  HY9166,,,,,,,,2025. 07. 21.,,
9166000131_00,Hymach  HY9166,,,Gyártandó Termék,Hymach  HY9166,,,,,,,,2025. 07. 21.,,
9166000130_00,Hymach  HY9166,,,Gyártandó Termék,Hymach  HY9166,,,,,,,,2025. 07. 21.,,
9166000129_00,Hymach  HY9166,,,Gyártandó Termék,Hymach  HY9166,,,,,,,,2025. 07. 21.,,
9166000135_00,Hymach  HY9166,,,Gyártandó Termék,Hymach  HY9166,,,,,,,,2025. 07. 21.,,
XINT000786,Mérőkábel,2 rész,Products_Images/xint000786.Image.102420.jpg,Mérődoboz,WorldWires,,,,,,,,2025. 07. 21.,,
9166000136_00,Hymach  HY9166,,,Gyártandó Termék,Hymach  HY9166,,,,,,,,2025. 07. 21.,,
9166000132_00,Hymach  HY9166,,,Gyártandó Termék,Hymach  HY9166,,,,,,,,2025. 07. 21.,,
9166000111_00,Hymach  HY9166,,,Gyártandó Termék,Hymach  HY9166,,,,,,,,2025. 07. 21.,,
9083000523_01,Autoclima  AU9083,,,Gyártandó Termék,Autoclima  AU9083,,,,,,,,2025. 07. 21.,,
908360654189,Autoclima  AU9083,,,Gyártandó Termék,Autoclima  AU9083,,,,,,,,2025. 07. 21.,,
9141000028_00,Negri  NE9141,,,Gyártandó Termék,Negri  NE9141,,,,,,,,2025. 07. 21.,,
9151000031_00,Varani  VA9151,,,Gyártandó Termék,Varani  VA9151,,,,,,,,2025. 07. 21.,,
9091000005_02,Masi  MS9091,,,Gyártandó Termék,Masi  MS9091,,,,,,,,2025. 07. 21.,,
9222000124_01,Melchioni  ME9222,,,Gyártandó Termék,Melchioni  ME9222,,,,,,,,2025. 07. 22.,,
9083000498_01,Autoclima  AU9083,,,Gyártandó Termék,Autoclima  AU9083,,,,,,,,2025. 07. 22.,,
9083000607_00,Autoclima  AU9083,,,Gyártandó Termék,Autoclima  AU9083,,,,,,,,2025. 07. 22.,,
9091000087_00,Masi  MS9091,,,Gyártandó Termék,Masi  MS9091,,,,,,,,2025. 07. 22.,,
9059X04510021A1,SEA  SE9059,,,Gyártandó Termék,SEA  SE9059,,,,,,,,2025. 07. 22.,,
9083000239_00,Autoclima  AU9083,,,Gyártandó Termék,Autoclima  AU9083,,,,,,,,2025. 07. 22.,,
9083000223_02,Autoclima  AU9083,,,Gyártandó Termék,Autoclima  AU9083,,,,,,,,2025. 07. 22.,,
9091000021_01,Masi  MS9091,,,Gyártandó Termék,Masi  MS9091,,,,,,,,2025. 07. 22.,,
9083000489_00,Autoclima  AU9083,,,Gyártandó Termék,Autoclima  AU9083,,,,,,,,2025. 07. 22.,,
9083000324_03,Autoclima  AU9083,,,Gyártandó Termék,Autoclima  AU9083,,,,,,,,2025. 07. 22.,,
9228000001_00,Zetor ZE9228,,,Gyártandó Termék,Zetor ZE9228,,,,,,,,2025. 07. 22.,,
9059X04510020A,SEA  SE9059,,,Gyártandó Termék,SEA  SE9059,,,,,,,,2025. 07. 22.,,
B116000109_01,Xenta XE9166,,,Gyártandó Termék,Xenta XE9166,,,,,,,,2025. 07. 22.,,
9083000221_02,Autoclima  AU9083,,,Gyártandó Termék,Autoclima  AU9083,,,,,,,,2025. 07. 22.,,
9099000346_00,Solmec  SC9099,,,Gyártandó Termék,Solmec  SC9099,,,,,,,,2025. 07. 22.,,
9099000167_03,Solmec  SC9099,,,Gyártandó Termék,Solmec  SC9099,,,,,,,,2025. 07. 22.,,
9099000345_01,Solmec  SC9099,,,Gyártandó Termék,Solmec  SC9099,,,,,,,,2025. 07. 22.,,
9099000347_00,Solmec  SC9099,,,Gyártandó Termék,Solmec  SC9099,,,,,,,,2025. 07. 22.,,
9099000164_02,Solmec  SC9099,,,Gyártandó Termék,Solmec  SC9099,,,,,,,,2025. 07. 22.,,
9099000173_02,Solmec  SC9099,,,Gyártandó Termék,Solmec  SC9099,,,,,,,,2025. 07. 22.,,
9099000129_02,Solmec  SC9099,,,Gyártandó Termék,Solmec  SC9099,,,,,,,,2025. 07. 22.,,
9099000129_03,Solmec  SC9099,,,Gyártandó Termék,Solmec  SC9099,,,,,,,,2025. 07. 22.,,
9099000327_03,Solmec  SC9099,,,Gyártandó Termék,Solmec  SC9099,,,,,,,,2025. 07. 22.,,
9099000165_01,Solmec  SC9099,,,Gyártandó Termék,Solmec  SC9099,,,,,,,,2025. 07. 22.,,
9059000481_00,SEA  SE9059,,,Gyártandó Termék,SEA  SE9059,,,,,,,,2025. 07. 22.,,
9099000172_00,Solmec  SC9099,,,Gyártandó Termék,Solmec  SC9099,,,,,,,,2025. 07. 22.,,
9099000166_01,Solmec  SC9099,,,Gyártandó Termék,Solmec  SC9099,,,,,,,,2025. 07. 22.,,
9099000344_00,Solmec  SC9099,,,Gyártandó Termék,Solmec  SC9099,,,,,,,,2025. 07. 22.,,
9099000169_02,Solmec  SC9099,,,Gyártandó Termék,Solmec  SC9099,,,,,,,,2025. 07. 22.,,
9099000326_00,Solmec  SC9099,,,Gyártandó Termék,Solmec  SC9099,,,,,,,,2025. 07. 22.,,
9099000174_03,Solmec  SC9099,,,Gyártandó Termék,Solmec  SC9099,,,,,,,,2025. 07. 22.,,
9099000176_01,Solmec  SC9099,,,Gyártandó Termék,Solmec  SC9099,,,,,,,,2025. 07. 22.,,
9099000127_00,Solmec  SC9099,,,Gyártandó Termék,Solmec  SC9099,,,,,,,,2025. 07. 22.,,
9099000197_02,Solmec  SC9099,,,Gyártandó Termék,Solmec  SC9099,,,,,,,,2025. 07. 22.,,
9099000325_02,Solmec  SC9099,,,Gyártandó Termék,Solmec  SC9099,,,,,,,,2025. 07. 22.,,
9141000073_01,Negri  NE9141,,,Gyártandó Termék,Negri  NE9141,,,,,,,,2025. 07. 22.,,
9158000037_01,Dinamica  DG9158,,,Gyártandó Termék,Dinamica  DG9158,,,,,,,,2025. 07. 22.,,
XINT000559,Mérődoboz,,Products_Images/XINT000559.Image.115544.jpg,Mérődoboz,WorldWires,,,,,,,,2025. 07. 22.,,
9083000019_01,Autoclima  AU9083,,,Gyártandó Termék,Autoclima  AU9083,,,,,,,,2025. 07. 22.,,
9192000023_05,Dometic (Waeco)  DM9192,,,Gyártandó Termék,Dometic (Waeco)  DM9192,,,,,,,,2025. 07. 23.,,
9192000005_00,Dometic (Waeco)  DM9192,,,Gyártandó Termék,Dometic (Waeco)  DM9192,,,,,,,,2025. 07. 23.,,
9192000020_01,Dometic (Waeco)  DM9192,,,Gyártandó Termék,Dometic (Waeco)  DM9192,,,,,,,,2025. 07. 23.,,
9192000002_01,Dometic (Waeco)  DM9192,,,Gyártandó Termék,Dometic (Waeco)  DM9192,,,,,,,,2025. 07. 23.,,
9192000022_02,Dometic (Waeco)  DM9192,,,Gyártandó Termék,Dometic (Waeco)  DM9192,,,,,,,,2025. 07. 23.,,
9192000019_02,Dometic (Waeco)  DM9192,,,Gyártandó Termék,Dometic (Waeco)  DM9192,,,,,,,,2025. 07. 23.,,
9099000551_02,Solmec  SC9099,,,Gyártandó Termék,Solmec  SC9099,,,,,,,,2025. 07. 23.,,
9166000084_02,Hymach  HY9166,,,Gyártandó Termék,Hymach  HY9166,,,,,,,,2025. 07. 23.,,
9156P00001_00,FORT FO9156,,,Gyártandó Termék,FORT FO9156,,,,,,,,2025. 07. 23.,,
R.2540064,Bordás Szíj,20HTD 5/255 - 4mm vastag,Products_Images/R.2540064.Image.044118.jpg,Alkatrész,Chiorino,,SZÍJ,,,,,,2025. 07. 15.,Új,TMK
9159000086_02,Sematic SA9159,,,Gyártandó Termék,Sematic SA9159,,,,,,,,2025. 07. 23.,,
9083000151_02,Autoclima  AU9083,,,Gyártandó Termék,Autoclima  AU9083,,,,,,,,2025. 07. 23.,,
9083000552_01,Autoclima  AU9083,,,Gyártandó Termék,Autoclima  AU9083,,,,,,,,2025. 07. 23.,,
9091000011_00,Masi  MS9091,,,Gyártandó Termék,Masi  MS9091,,,,,,,,2025. 07. 23.,,
9141000047_00,Negri  NE9141,,,Gyártandó Termék,Negri  NE9141,,,,,,,,2025. 07. 23.,,
9099000016_02,Solmec  SC9099,,,Gyártandó Termék,Solmec  SC9099,,,,,,,,2025. 07. 23.,,
9099000011_01,Solmec  SC9099,,,Gyártandó Termék,Solmec  SC9099,,,,,,,,2025. 07. 23.,,
9099000024_00,Solmec  SC9099,,,Gyártandó Termék,Solmec  SC9099,,,,,,,,2025. 07. 23.,,
9142000036_00,Tecomec  TE9142,,,Gyártandó Termék,Tecomec  TE9142,,,,,,,,2025. 07. 23.,,
9099000013_02,Solmec  SC9099,,,Gyártandó Termék,Solmec  SC9099,,,,,,,,2025. 07. 23.,,
9099000026_02,Solmec  SC9099,,,Gyártandó Termék,Solmec  SC9099,,,,,,,,2025. 07. 23.,,
9099000012_00,Solmec  SC9099,,,Gyártandó Termék,Solmec  SC9099,,,,,,,,2025. 07. 23.,,
9083000139_00,Autoclima  AU9083,,,Gyártandó Termék,Autoclima  AU9083,,,,,,,,2025. 07. 23.,,
9099000015_01,Solmec  SC9099,,,Gyártandó Termék,Solmec  SC9099,,,,,,,,2025. 07. 23.,,
9099000018_00,Solmec  SC9099,,,Gyártandó Termék,Solmec  SC9099,,,,,,,,2025. 07. 23.,,
9083202601750A,Autoclima  AU9083,,,Gyártandó Termék,Autoclima  AU9083,,,,,,,,2025. 07. 23.,,
9198000048_01,Climavan  CL9198,,,Gyártandó Termék,Climavan  CL9198,,,,,,,,2025. 07. 23.,,
XINT0697.1,Mérődoboz,,Products_Images/XINT0697.1.Image.081157.jpg,Mérődoboz,WorldWires,,,,,,,,2025. 07. 23.,,
908320260158,Autoclima  AU9083,,,Gyártandó Termék,Autoclima  AU9083,,,,,,,,2025. 07. 23.,,
9141000019_00,Negri  NE9141,,,Gyártandó Termék,Negri  NE9141,,,,,,,,2025. 07. 23.,,
9142000031_00,Tecomec  TE9142,,,Gyártandó Termék,Tecomec  TE9142,,,,,,,,2025. 07. 23.,,
XINT000574,Mérődoboz,,Products_Images/XINT000574.Image.081835.jpg,Mérődoboz,WorldWires,,,,,,,,2025. 07. 23.,,
9142000030_00,Tecomec  TE9142,,,Gyártandó Termék,Tecomec  TE9142,,,,,,,,2025. 07. 23.,,
9142000010_03,Tecomec  TE9142,,,Gyártandó Termék,Tecomec  TE9142,,,,,,,,2025. 07. 23.,,
xint000572,Mérődoboz,,Products_Images/xint000572.Image.082223.jpg,Mérődoboz,WorldWires,,,,,,,,2025. 07. 23.,,
XINT000K52,Mérődoboz,,Products_Images/xint000K52.Image.082344.jpg,Mérődoboz,WorldWires,,,,,,,,2025. 07. 23.,,
9083202600460A,Autoclima  AU9083,,,Gyártandó Termék,Autoclima  AU9083,,,,,,,,2025. 07. 23.,,
9083202601550A,Autoclima  AU9083,,,Gyártandó Termék,Autoclima  AU9083,,,,,,,,2025. 07. 23.,,
9083000340_01,Autoclima  AU9083,,,Gyártandó Termék,Autoclima  AU9083,,,,,,,,2025. 07. 23.,,
9083000123_00,Autoclima  AU9083,,,Gyártandó Termék,Autoclima  AU9083,,,,,,,,2025. 07. 23.,,
9083000414_00,Autoclima  AU9083,,,Gyártandó Termék,Autoclima  AU9083,,,,,,,,2025. 07. 23.,,
9083000186_03,Autoclima  AU9083,,,Gyártandó Termék,Autoclima  AU9083,,,,,,,,2025. 07. 23.,,
9083000185_01,Autoclima  AU9083,,,Gyártandó Termék,Autoclima  AU9083,,,,,,,,2025. 07. 23.,,
9192000006_02,Dometic (Waeco)  DM9192,,,Gyártandó Termék,Dometic (Waeco)  DM9192,,,,,,,,2025. 07. 23.,,
9083000007_00,Autoclima  AU9083,,,Gyártandó Termék,Autoclima  AU9083,,,,,,,,2025. 07. 23.,,
9083000111_05,Autoclima  AU9083,,,Gyártandó Termék,Autoclima  AU9083,,,,,,,,2025. 07. 23.,,
9083000248_00,Autoclima  AU9083,,,Gyártandó Termék,Autoclima  AU9083,,,,,,,,2025. 07. 23.,,
9083000298_01,Autoclima  AU9083,,,Gyártandó Termék,Autoclima  AU9083,,,,,,,,2025. 07. 23.,,
9083000412_00,Autoclima  AU9083,,,Gyártandó Termék,Autoclima  AU9083,,,,,,,,2025. 07. 23.,,
9083000269_04,Autoclima  AU9083,,,Gyártandó Termék,Autoclima  AU9083,,,,,,,,2025. 07. 23.,,
9083000122_01,Autoclima  AU9083,,,Gyártandó Termék,Autoclima  AU9083,,,,,,,,2025. 07. 23.,,
9083000184_00,Autoclima  AU9083,,,Gyártandó Termék,Autoclima  AU9083,,,,,,,,2025. 07. 23.,,
9162000113_00,Geoline (Dinamica)  GE9162,,,Gyártandó Termék,Geoline (Dinamica)  GE9162,,,,,,,,2025. 07. 23.,,
XINT000563,Mérődoboz,,Products_Images/XINT000563.Image.101249.jpg,Mérődoboz,WorldWires,,,,,,,,2025. 07. 23.,,
9083000156_01,Autoclima  AU9083,,,Gyártandó Termék,Autoclima  AU9083,,,,,,,,2025. 07. 23.,,
9083000048_01,Autoclima  AU9083,,,Gyártandó Termék,Autoclima  AU9083,,,,,,,,2025. 07. 23.,,
9083000067_00,Autoclima  AU9083,,,Gyártandó Termék,Autoclima  AU9083,,,,,,,,2025. 07. 23.,,
9083000284_00,Autoclima  AU9083,,,Gyártandó Termék,Autoclima  AU9083,,,,,,,,2025. 07. 23.,,
9142000002_00,Tecomec  TE9142,,,Gyártandó Termék,Tecomec  TE9142,,,,,,,,2025. 07. 23.,,
9166000083_01,Hymach  HY9166,,,Gyártandó Termék,Hymach  HY9166,,,,,,,,2025. 07. 23.,,
9166000075_02,Hymach  HY9166,,,Gyártandó Termék,Hymach  HY9166,,,,,,,,2025. 07. 23.,,
9083000183_00,Autoclima  AU9083,,,Gyártandó Termék,Autoclima  AU9083,,,,,,,,2025. 07. 23.,,
9083000492_00,Autoclima  AU9083,,,Gyártandó Termék,Autoclima  AU9083,,,,,,,,2025. 07. 23.,,
9158000104_02,Dinamica  DG9158,,,Gyártandó Termék,Dinamica  DG9158,,,,,,,,2025. 07. 23.,,
XINT000628,Mérődoboz,,Products_Images/XINT000628.Image.105629.jpg,Mérődoboz,WorldWires,,,,,,,,2025. 07. 23.,,
9158000103_02,Dinamica  DG9158,,,Gyártandó Termék,Dinamica  DG9158,,,,,,,,2025. 07. 23.,,
9142000130_01,Tecomec  TE9142,,,Gyártandó Termék,Tecomec  TE9142,,,,,,,,2025. 07. 23.,,
XINT000558,Mérődoboz,,Products_Images/XINT000558.Image.105941.jpg,Mérődoboz,WorldWires,,,,,,,,2025. 07. 23.,,
9151000039_02,Varani  VA9151,,,Gyártandó Termék,Varani  VA9151,,,,,,,,2025. 07. 23.,,
9141000035_00,Negri  NE9141,,,Gyártandó Termék,Negri  NE9141,,,,,,,,2025. 07. 23.,,
9141000036_00,Negri  NE9141,,,Gyártandó Termék,Negri  NE9141,,,,,,,,2025. 07. 23.,,
9162000260_01,Geoline (Dinamica)  GE9162,,,Gyártandó Termék,Geoline (Dinamica)  GE9162,,,,,,,,2025. 07. 23.,,
XINT000557,Mérődoboz,,Products_Images/XINT000557.Image.111104.jpg,Mérődoboz,WorldWires,,,,,,,,2025. 07. 23.,,
9162000123_00,Geoline (Dinamica)  GE9162,,,Gyártandó Termék,Geoline (Dinamica)  GE9162,,,,,,,,2025. 07. 23.,,
XINT0395.2,Mérődoboz,,Products_Images/XINT0395.2.Image.111329.jpg,Mérődoboz,WorldWires,,,,,,,,2025. 07. 23.,,
9099000102_01,Solmec  SC9099,,,Gyártandó Termék,Solmec  SC9099,,,,,,,,2025. 07. 23.,,
9166000087_02,Hymach  HY9166,,,Gyártandó Termék,Hymach  HY9166,,,,,,,,2025. 07. 23.,,
9166000074_02,Hymach  HY9166,,,Gyártandó Termék,Hymach  HY9166,,,,,,,,2025. 07. 23.,,
9141000013_02,Negri  NE9141,,,Gyártandó Termék,Negri  NE9141,,,,,,,,2025. 07. 23.,,
9059000078_02,SEA  SE9059,,,Gyártandó Termék,SEA  SE9059,,,,,,,,2025. 07. 24.,,
9059000165_03,SEA  SE9059,,,Gyártandó Termék,SEA  SE9059,,,,,,,,2025. 07. 24.,,
XINT0070.2,Mérődoboz,,Products_Images/XINT0070.2.Image.044242.jpg,Mérődoboz,WorldWires,,,,,,,,2025. 07. 24.,,
9059000284_02,SEA  SE9059,,,Gyártandó Termék,SEA  SE9059,,,,,,,,2025. 07. 24.,,
9083000235_02,Autoclima  AU9083,,,Gyártandó Termék,Autoclima  AU9083,,,,,,,,2025. 07. 24.,,
9083000585_01,Autoclima  AU9083,,,Gyártandó Termék,Autoclima  AU9083,,,,,,,,2025. 07. 24.,,
9083606543290A1,Autoclima  AU9083,,,Gyártandó Termék,Autoclima  AU9083,,,,,,,,2025. 07. 24.,,
9083202601560A,Autoclima  AU9083,,,Gyártandó Termék,Autoclima  AU9083,,,,,,,,2025. 07. 24.,,
9091000012_02,Masi  MS9091,,,Gyártandó Termék,Masi  MS9091,,,,,,,,2025. 07. 24.,,
9091000002_02,Masi  MS9091,,,Gyártandó Termék,Masi  MS9091,,,,,,,,2025. 07. 24.,,
9091000063_00,Masi  MS9091,,,Gyártandó Termék,Masi  MS9091,,,,,,,,2025. 07. 24.,,
9083000460_00,Autoclima  AU9083,,,Gyártandó Termék,Autoclima  AU9083,,,,,,,,2025. 07. 24.,,
9083000594_00,Autoclima  AU9083,,,Gyártandó Termék,Autoclima  AU9083,,,,,,,,2025. 07. 24.,,
9198000058_00,Climavan  CL9198,,,Gyártandó Termék,Climavan  CL9198,,,,,,,,2025. 07. 24.,,
9083000333_01,Autoclima  AU9083,,,Gyártandó Termék,Autoclima  AU9083,,,,,,,,2025. 07. 24.,,
9083000350_00,Autoclima  AU9083,,,Gyártandó Termék,Autoclima  AU9083,,,,,,,,2025. 07. 24.,,
9083000338_03,Autoclima  AU9083,,,Gyártandó Termék,Autoclima  AU9083,,,,,,,,2025. 07. 24.,,
9083000491_00,Autoclima  AU9083,,,Gyártandó Termék,Autoclima  AU9083,,,,,,,,2025. 07. 24.,,
9159000121_00,Sematic SA9159,,,Gyártandó Termék,Sematic SA9159,,,,,,,,2025. 07. 24.,,
XINT00S007,Mérődoboz,,Products_Images/XINT00S007.Image.055752.jpg,Mérődoboz,WorldWires,,,,,,,,2025. 07. 24.,,
9083000464_00,Autoclima  AU9083,,,Gyártandó Termék,Autoclima  AU9083,,,,,,,,2025. 07. 24.,,
9083000495_00,Autoclima  AU9083,,,Gyártandó Termék,Autoclima  AU9083,,,,,,,,2025. 07. 24.,,
9083000567_00,Autoclima  AU9083,,,Gyártandó Termék,Autoclima  AU9083,,,,,,,,2025. 07. 24.,,
9083000488_01,Autoclima  AU9083,,,Gyártandó Termék,Autoclima  AU9083,,,,,,,,2025. 07. 24.,,
9099000799_00,Solmec  SC9099,,,Gyártandó Termék,Solmec  SC9099,,,,,,,,2025. 07. 24.,,
9083000085_01,Autoclima  AU9083,,,Gyártandó Termék,Autoclima  AU9083,,,,,,,,2025. 07. 24.,,
9083000334_02,Autoclima  AU9083,,,Gyártandó Termék,Autoclima  AU9083,,,,,,,,2025. 07. 24.,,
9198000059_00,Climavan  CL9198,,,Gyártandó Termék,Climavan  CL9198,,,,,,,,2025. 07. 24.,,
2122120494,SARU - 15326266,Automotive Connectors GT 1.5 Female Clean Body Sealed Series,Products_Images/2122120494.Image.085400.jpg,Saru,APTIV,,,,15326266,,,Anya,2025. 07. 24.,,
XINT0063.2,Mérődoboz,,Products_Images/XINT0063.2.Image.090732.jpg,Mérődoboz,WorldWires,,,,,,,,2025. 07. 24.,,
9059000426_05,SEA  SE9059,,,Gyártandó Termék,SEA  SE9059,,,,,,,,2025. 07. 24.,,
9066000083_01,VM VM9066,,,Gyártandó Termék,VM VM9066,,,,,,,,2025. 07. 24.,,
9099000691_02,Solmec  SC9099,,,Gyártandó Termék,Solmec  SC9099,,,,,,,,2025. 07. 24.,,
9141000010_04,Negri  NE9141,,,Gyártandó Termék,Negri  NE9141,,,,,,,,2025. 07. 24.,,
9099000788_00,Solmec  SC9099,,,Gyártandó Termék,Solmec  SC9099,,,,,,,,2025. 07. 24.,,
9099000789_00,Solmec  SC9099,,,Gyártandó Termék,Solmec  SC9099,,,,,,,,2025. 07. 24.,,
9059000286_01,SEA  SE9059,,,Gyártandó Termék,SEA  SE9059,,,,,,,,2025. 07. 24.,,
9099000802_00,Solmec  SC9099,,,Gyártandó Termék,Solmec  SC9099,,,,,,,,2025. 07. 24.,,
9099000801_00,Solmec  SC9099,,,Gyártandó Termék,Solmec  SC9099,,,,,,,,2025. 07. 24.,,
9099000735_00,Solmec  SC9099,,,Gyártandó Termék,Solmec  SC9099,,,,,,,,2025. 07. 25.,,
9166000099_03,Hymach  HY9166,,,Gyártandó Termék,Hymach  HY9166,,,,,,,,2025. 07. 25.,,
9083000418_01,Autoclima  AU9083,,,Gyártandó Termék,Autoclima  AU9083,,,,,,,,2025. 07. 25.,,
2682120124.2,SARU - 211CC2S2120,Automotive Connectors SICMA 1.5 Female Clean Body SN Unsealed Terminal,Products_Images/2682120124.2.Image.074554.jpg,Saru,APTIV,,,,211CC2S2120,,,Anya,2025. 07. 25.,,
9141000048_00,Negri  NE9141,,,Gyártandó Termék,Negri  NE9141,,,,,,,,2025. 07. 28.,,
9142000087_00,Tecomec  TE9142,,,Gyártandó Termék,Tecomec  TE9142,,,,,,,,2025. 07. 28.,,
9059000289_02,SEA  SE9059,,,Gyártandó Termék,SEA  SE9059,,,,,,,,2025. 07. 28.,,
9059000178_00,SEA  SE9059,,,Gyártandó Termék,SEA  SE9059,,,,,,,,2025. 07. 28.,,
9013000518_00,Webasto  WE9013,,,Gyártandó Termék,Webasto  WE9013,,,,,,,,2025. 07. 28.,,
9083000538_01,Autoclima  AU9083,,,Gyártandó Termék,Autoclima  AU9083,,,,,,,,2025. 07. 28.,,
XINT000K55,Mérőkábel,,Products_Images/XINT000K55.Image.042823.jpg,Mérődoboz,WorldWires,,,,,,,,2025. 07. 28.,,
9159000065_00,SEA  SE9059,,,Gyártandó Termék,SEA  SE9059,,,,,,,,2025. 07. 28.,,
XINT00S009,Mérődoboz,,Products_Images/XINT00S009.Image.043352.jpg,Mérődoboz,WorldWires,,,,,,,,2025. 07. 28.,,
9166000051_00,Hymach  HY9166,,,Gyártandó Termék,Hymach  HY9166,,,,,,,,2025. 07. 28.,,
9083000167_00,Autoclima  AU9083,,,Gyártandó Termék,Autoclima  AU9083,,,,,,,,2025. 07. 28.,,
9141000084_01,Negri  NE9141,,,Gyártandó Termék,Negri  NE9141,,,,,,,,2025. 07. 28.,,
9083000570_02,Autoclima  AU9083,,,Gyártandó Termék,Autoclima  AU9083,,,,,,,,2025. 07. 28.,,
9142000119_00,Tecomec  TE9142,,,Gyártandó Termék,Tecomec  TE9142,,,,,,,,2025. 07. 28.,,
XINT0393.2,Mérődoboz,,Products_Images/XINT0393.2.Image.052847.jpg,Mérődoboz,WorldWires,,,,,,,,2025. 07. 28.,,
9159000104_00,Sematic SA9159,,,Gyártandó Termék,Sematic SA9159,,,,,,,,2025. 07. 28.,,
XINT00S001,Mérődoboz,,Products_Images/XINT00S001.Image.053948.jpg,Mérődoboz,WorldWires,,,,,,,,2025. 07. 28.,,
9159000013_02,Sematic SA9159,,,Gyártandó Termék,Sematic SA9159,,,,,,,,2025. 07. 28.,,
9159000012_02,Sematic SA9159,,,Gyártandó Termék,Sematic SA9159,,,,,,,,2025. 07. 28.,,
9141000064_01,Negri  NE9141,,,Gyártandó Termék,Negri  NE9141,,,,,,,,2025. 07. 28.,,
9141000085_00,Negri  NE9141,,,Gyártandó Termék,Negri  NE9141,,,,,,,,2025. 07. 28.,,
9099000719_02,Solmec  SC9099,,,Gyártandó Termék,Solmec  SC9099,,,,,,,,2025. 07. 28.,,
9099000779_01,Solmec  SC9099,,,Gyártandó Termék,Solmec  SC9099,,,,,,,,2025. 07. 28.,,
9099000778_01,Solmec  SC9099,,,Gyártandó Termék,Solmec  SC9099,,,,,,,,2025. 07. 28.,,
9099000784_01,Solmec  SC9099,,,Gyártandó Termék,Solmec  SC9099,,,,,,,,2025. 07. 28.,,
9156000010_00,FORT FO9156,,,Gyártandó Termék,FORT FO9156,,,,,,,,2025. 07. 28.,,
9158000070_02,Dinamica  DG9158,,,Gyártandó Termék,Dinamica  DG9158,,,,,,,,2025. 07. 28.,,
9120000004_05,Forghieri FR9120,,,Gyártandó Termék,Forghieri FR9120,,,,,,,,2025. 07. 28.,,
XINT0049.2,Mérődoboz,,Products_Images/XINT0049.2.Image.073208.jpg,Mérődoboz,WorldWires,,,,,,,,2025. 07. 28.,,
9193000006_02,Lagoretti LG9193,,,Gyártandó Termék,Lagoretti LG9193,,,,,,,,2025. 07. 28.,,
9099000633_02,Solmec  SC9099,,,Gyártandó Termék,Solmec  SC9099,,,,,,,,2025. 07. 28.,,
9099000573_01,Solmec  SC9099,,,Gyártandó Termék,Solmec  SC9099,,,,,,,,2025. 07. 28.,,
9502000076_00,Molpir  MO9502,,,Gyártandó Termék,Molpir  MO9502,,,,,,,,2025. 07. 29.,,
9099000696_04,Solmec  SC9099,,,Gyártandó Termék,Solmec  SC9099,,,,,,,,2025. 07. 29.,,
9141P00001_00,Negri  NE9141,,,Gyártandó Termék,Negri  NE9141,,,,,,,,2025. 07. 29.,,
9059000474_00,SEA  SE9059,,,Gyártandó Termék,SEA  SE9059,,,,,,,,2025. 07. 29.,,
9222000063_01,Melchioni  ME9222,,,Gyártandó Termék,Melchioni  ME9222,,,,,,,,2025. 07. 29.,,
9220000004_00,Mecs MC9220,,,Gyártandó Termék,Mecs MC9220,,,,,,,,2025. 07. 29.,,
9158000070_01,Dinamica  DG9158,,,Gyártandó Termék,Dinamica  DG9158,,,,,,,,2025. 07. 29.,,
9159000056_02,Sematic SA9159,,,Gyártandó Termék,Sematic SA9159,,,,,,,,2025. 07. 29.,,
9220000001_00,Mecs MC9220,,,Gyártandó Termék,Mecs MC9220,,,,,,,,2025. 07. 29.,,
9166000102_01,Hymach  HY9166,,,Gyártandó Termék,Hymach  HY9166,,,,,,,,2025. 07. 29.,,
XINT000461,Mérődoboz,,Products_Images/XINT000461.Image.051558.jpg,Mérődoboz,WorldWires,,,,,,,,2025. 07. 29.,,
9083000360_00,Autoclima  AU9083,,,Gyártandó Termék,Autoclima  AU9083,,,,,,,,2025. 07. 29.,,
9083000419_01,Autoclima  AU9083,,,Gyártandó Termék,Autoclima  AU9083,,,,,,,,2025. 07. 29.,,
9083000465_01,Autoclima  AU9083,,,Gyártandó Termék,Autoclima  AU9083,,,,,,,,2025. 07. 29.,,
9083000549_01,Autoclima  AU9083,,,Gyártandó Termék,Autoclima  AU9083,,,,,,,,2025. 07. 29.,,
9013000285_02,Webasto  WE9013,,,Gyártandó Termék,Webasto  WE9013,,,,,,,,2025. 07. 29.,,
XINT0057.3,Mérődoboz,,Products_Images/XINT0057.3.Image.052808.jpg,Mérődoboz,WorldWires,,,,,,,,2025. 07. 29.,,
9099000561_02,Solmec  SC9099,,,Gyártandó Termék,Solmec  SC9099,,,,,,,,2025. 07. 29.,,
9099000582_01,Solmec  SC9099,,,Gyártandó Termék,Solmec  SC9099,,,,,,,,2025. 07. 29.,,
9099000634_00,Solmec  SC9099,,,Gyártandó Termék,Solmec  SC9099,,,,,,,,2025. 07. 29.,,
9099000558_01,Solmec  SC9099,,,Gyártandó Termék,Solmec  SC9099,,,,,,,,2025. 07. 29.,,
9099000378_04,Solmec  SC9099,,,Gyártandó Termék,Solmec  SC9099,,,,,,,,2025. 07. 29.,,
901306604390A,Webasto  WE9013,,,Gyártandó Termék,Webasto  WE9013,,,,,,,,2025. 07. 29.,,
9083000308_00,Autoclima  AU9083,,,Gyártandó Termék,Autoclima  AU9083,,,,,,,,2025. 07. 29.,,
9083000569_01,Autoclima  AU9083,,,Gyártandó Termék,Autoclima  AU9083,,,,,,,,2025. 07. 29.,,
908360654251.1,Autoclima  AU9083,,,Gyártandó Termék,Autoclima  AU9083,,,,,,,,2025. 07. 29.,,
9158000075_00,Dinamica  DG9158,,,Gyártandó Termék,Dinamica  DG9158,,,,,,,,2025. 07. 29.,,
9083000592_00,Autoclima  AU9083,,,Gyártandó Termék,Autoclima  AU9083,,,,,,,,2025. 07. 29.,,
9059000372_04,SEA  SE9059,,,Gyártandó Termék,SEA  SE9059,,,,,,,,2025. 07. 29.,,
9059000396_02,SEA  SE9059,,,Gyártandó Termék,SEA  SE9059,,,,,,,,2025. 07. 29.,,
9083000232_00,Autoclima  AU9083,,,Gyártandó Termék,Autoclima  AU9083,,,,,,,,2025. 07. 29.,,
9222000129_00,Melchioni  ME9222,,,Gyártandó Termék,Melchioni  ME9222,,,,,,,,2025. 07. 29.,,
9222000076_02,Melchioni  ME9222,,,Gyártandó Termék,Melchioni  ME9222,,,,,,,,2025. 07. 29.,,
9159000088_00,Sematic SA9159,,,Gyártandó Termék,Sematic SA9159,,,,,,,,2025. 07. 29.,,
9141000049_00,Negri  NE9141,,,Gyártandó Termék,Negri  NE9141,,,,,,,,2025. 07. 29.,,
9141000006_02,Negri  NE9141,,,Gyártandó Termék,Negri  NE9141,,,,,,,,2025. 07. 29.,,
9142000048_00,Tecomec  TE9142,,,Gyártandó Termék,Tecomec  TE9142,,,,,,,,2025. 07. 29.,,
XINT000681,Mérődoboz,,Products_Images/XINT000681.Image.105043.jpg,Mérődoboz,WorldWires,,,,,,,,2025. 07. 29.,,
9141000011_00,Negri  NE9141,,,Gyártandó Termék,Negri  NE9141,,,,,,,,2025. 07. 29.,,
9189000005_01,BP Metalmeccanica  BP9189,,,Gyártandó Termék,BP Metalmeccanica  BP9189,,,,,,,,2025. 07. 29.,,
9189000006_00,BP Metalmeccanica  BP9189,,,Gyártandó Termék,BP Metalmeccanica  BP9189,,,,,,,,2025. 07. 29.,,
9189000011_01,BP Metalmeccanica  BP9189,,,Gyártandó Termék,BP Metalmeccanica  BP9189,,,,,,,,2025. 07. 29.,,
9189000010_00,BP Metalmeccanica  BP9189,,,Gyártandó Termék,BP Metalmeccanica  BP9189,,,,,,,,2025. 07. 29.,,
9189000009_01,BP Metalmeccanica  BP9189,,,Gyártandó Termék,BP Metalmeccanica  BP9189,,,,,,,,2025. 07. 29.,,
9189000008_01,BP Metalmeccanica  BP9189,,,Gyártandó Termék,BP Metalmeccanica  BP9189,,,,,,,,2025. 07. 29.,,
9083000314_01,Autoclima  AU9083,,,Gyártandó Termék,Autoclima  AU9083,,,,,,,,2025. 07. 29.,,
9142000018_00,Tecomec  TE9142,,,Gyártandó Termék,Tecomec  TE9142,,,,,,,,2025. 07. 29.,,
9156000002_06,FORT FO9156,,,Gyártandó Termék,FORT FO9156,,,,,,,,2025. 07. 29.,,
XINT0537.1,Mérőkábel,,Products_Images/XINT0537.1.Image.114215.jpg,Mérődoboz,WorldWires,,,,,,,,2025. 07. 29.,,
9141000075_00,Negri  NE9141,,,Gyártandó Termék,Negri  NE9141,,,,,,,,2025. 07. 29.,,
9142000062_00,Tecomec  TE9142,,,Gyártandó Termék,Tecomec  TE9142,,,,,,,,2025. 07. 29.,,
XINT000445,Mérődoboz,,Products_Images/XINT000445.Image.114657.jpg,Mérődoboz,WorldWires,,,,,,,,2025. 07. 29.,,
9083000602_00,Autoclima  AU9083,,,Gyártandó Termék,Autoclima  AU9083,,,,,,,,2025. 07. 30.,,
9083000543_01,Autoclima  AU9083,,,Gyártandó Termék,Autoclima  AU9083,,,,,,,,2025. 07. 30.,,
9659000086_01,Computec CO9659,,,Gyártandó Termék,Computec CO9659,,,,,,,,2025. 07. 30.,,
XINT00S002,Mérődoboz,,Products_Images/XINT00S002.Image.050434.jpg,Mérődoboz,WorldWires,,,,,,,,2025. 07. 30.,,
9083000315_01,Autoclima  AU9083,,,Gyártandó Termék,Autoclima  AU9083,,,,,,,,2025. 07. 30.,,
9083000434_09,Autoclima  AU9083,,,Gyártandó Termék,Autoclima  AU9083,,,,,,,,2025. 07. 30.,,
9166000073_03,Hymach  HY9166,,,Gyártandó Termék,Hymach  HY9166,,,,,,,,2025. 07. 30.,,
9083000276_04,Autoclima  AU9083,,,Gyártandó Termék,Autoclima  AU9083,,,,,,,,2025. 07. 30.,,
9142000028_02,Tecomec  TE9142,,,Gyártandó Termék,Tecomec  TE9142,,,,,,,,2025. 07. 30.,,
XINT000560,Mérődoboz,,Products_Images/XINT000560.Image.052131.jpg,Mérődoboz,WorldWires,,,,,,,,2025. 07. 30.,,
XINT0560.1,Mérőkábel,,Products_Images/XINT0560.1.Image.052950.jpg,Mérődoboz,WorldWires,,,,,,,,2025. 07. 30.,,
9142000118_00,Tecomec  TE9142,,,Gyártandó Termék,Tecomec  TE9142,,,,,,,,2025. 07. 30.,,
9141000029_01,Negri  NE9141,,,Gyártandó Termék,Negri  NE9141,,,,,,,,2025. 07. 30.,,
9083000361_00,Autoclima  AU9083,,,Gyártandó Termék,Autoclima  AU9083,,,,,,,,2025. 07. 30.,,
9142000136_00,Tecomec  TE9142,,,Gyártandó Termék,Tecomec  TE9142,,,,,,,,2025. 07. 30.,,
9099000101_05,Solmec  SC9099,,,Gyártandó Termék,Solmec  SC9099,,,,,,,,2025. 07. 30.,,
9099000096_01,Solmec  SC9099,,,Gyártandó Termék,Solmec  SC9099,,,,,,,,2025. 07. 30.,,
9502000065_02_REV.2,Molpir  MO9502,,,Gyártandó Termék,Molpir  MO9502,,,,,,,,2025. 07. 30.,,
XINT0205.1,Mérőkábel,,Products_Images/XINT0205.1.Image.061417.jpg,Mérődoboz,WorldWires,,,,,,,,2025. 07. 30.,,
9083000604_00,Autoclima  AU9083,,,Gyártandó Termék,Autoclima  AU9083,,,,,,,,2025. 07. 30.,,
9099000005_00,Solmec  SC9099,,,Gyártandó Termék,Solmec  SC9099,,,,,,,,2025. 07. 30.,,
9099000093_03,Solmec  SC9099,,,Gyártandó Termék,Solmec  SC9099,,,,,,,,2025. 07. 30.,,
9099000017_03,Solmec  SC9099,,,Gyártandó Termék,Solmec  SC9099,,,,,,,,2025. 07. 30.,,
56.01.000001,Forrasztó tégely,,Products_Images/56.01.000001.Image.085934.jpg,Egyéb,ZB,,,,,,,,2025. 07. 30.,,
9013000107_03,Webasto  WE9013,,,Gyártandó Termék,Webasto  WE9013,,,,,,,,2025. 07. 31.,,
9099000008_01,Solmec  SC9099,,,Gyártandó Termék,Solmec  SC9099,,,,,,,,2025. 07. 31.,,
9099000343_00,Solmec  SC9099,,,Gyártandó Termék,Solmec  SC9099,,,,,,,,2025. 07. 31.,,
9099000539_03,Solmec  SC9099,,,Gyártandó Termék,Solmec  SC9099,,,,,,,,2025. 07. 31.,,
9099000265_00,Solmec  SC9099,,,Gyártandó Termék,Solmec  SC9099,,,,,,,,2025. 07. 31.,,
9083000463_00,Autoclima  AU9083,,,Gyártandó Termék,Autoclima  AU9083,,,,,,,,2025. 07. 31.,,
9142000086_00,Tecomec  TE9142,,,Gyártandó Termék,Tecomec  TE9142,,,,,,,,2025. 07. 31.,,
9099000746_01,Solmec  SC9099,,,Gyártandó Termék,Solmec  SC9099,,,,,,,,2025. 07. 31.,,
9198000046_01,Climavan  CL9198,,,Gyártandó Termék,Climavan  CL9198,,,,,,,,2025. 07. 31.,,
9099000579_01,Solmec  SC9099,,,Gyártandó Termék,Solmec  SC9099,,,,,,,,2025. 07. 31.,,
9099000363_01,Solmec  SC9099,,,Gyártandó Termék,Solmec  SC9099,,,,,,,,2025. 07. 31.,,
9099000663_00,Solmec  SC9099,,,Gyártandó Termék,Solmec  SC9099,,,,,,,,2025. 07. 31.,,
9099000647_00,Solmec  SC9099,,,Gyártandó Termék,Solmec  SC9099,,,,,,,,2025. 07. 31.,,
901302823310A,Webasto  WE9013,,,Gyártandó Termék,Webasto  WE9013,,,,,,,,2025. 07. 31.,,
9099000333_02,Solmec  SC9099,,,Gyártandó Termék,Solmec  SC9099,,,,,,,,2025. 07. 31.,,
9159000014_02,Sematic SA9159,,,Gyártandó Termék,Sematic SA9159,,,,,,,,2025. 07. 31.,,
9059000105_04,SEA  SE9059,,,Gyártandó Termék,SEA  SE9059,,,,,,,,2025. 07. 31.,,
9099000373_03,Solmec  SC9099,,,Gyártandó Termék,Solmec  SC9099,,,,,,,,2025. 07. 31.,,
9099000723_00,Solmec  SC9099,,,Gyártandó Termék,Solmec  SC9099,,,,,,,,2025. 07. 31.,,
9099000267_02,Solmec  SC9099,,,Gyártandó Termék,Solmec  SC9099,,,,,,,,2025. 07. 31.,,
9099000375_01,Solmec  SC9099,,,Gyártandó Termék,Solmec  SC9099,,,,,,,,2025. 07. 31.,,
9099000697_00,Solmec  SC9099,,,Gyártandó Termék,Solmec  SC9099,,,,,,,,2025. 07. 31.,,
9099000648_00,Solmec  SC9099,,,Gyártandó Termék,Solmec  SC9099,,,,,,,,2025. 07. 31.,,
9099000641_00,Solmec  SC9099,,,Gyártandó Termék,Solmec  SC9099,,,,,,,,2025. 07. 31.,,
9159000074_02,Sematic SA9159,,,Gyártandó Termék,Sematic SA9159,,,,,,,,2025. 08. 01.,,
9159000073_02,Sematic SA9159,,,Gyártandó Termék,Sematic SA9159,,,,,,,,2025. 08. 01.,,
9141000084_00,Negri  NE9141,,,Gyártandó Termék,Negri  NE9141,,,,,,,,2025. 08. 01.,,
9141000083_00,Negri  NE9141,,,Gyártandó Termék,Negri  NE9141,,,,,,,,2025. 08. 01.,,
9013000546_00,Webasto  WE9013,,,Gyártandó Termék,Webasto  WE9013,,,,,,,,2025. 08. 01.,,
9142000133_00,Tecomec  TE9142,,,Gyártandó Termék,Tecomec  TE9142,,,,,,,,2025. 08. 01.,,
9099000709_02,Solmec  SC9099,,,Gyártandó Termék,Solmec  SC9099,,,,,,,,2025. 08. 01.,,
9099000709_03,Solmec  SC9099,,,Gyártandó Termék,Solmec  SC9099,,,,,,,,2025. 08. 01.,,
9099P00012_00,Solmec  SC9099,,,Gyártandó Termék,Solmec  SC9099,,,,,,,,2025. 08. 04.,,
9099P00013_00,Solmec  SC9099,,,Gyártandó Termék,Solmec  SC9099,,,,,,,,2025. 08. 04.,,
9091000033_01,Masi  MS9091,,,Gyártandó Termék,Masi  MS9091,,,,,,,,2025. 08. 04.,,
9142000110_00,Tecomec  TE9142,,,Gyártandó Termék,Tecomec  TE9142,,,,,,,,2025. 08. 04.,,
9141000044_01,Negri  NE9141,,,Gyártandó Termék,Negri  NE9141,,,,,,,,2025. 08. 04.,,
9141000042_00,Negri  NE9141,,,Gyártandó Termék,Negri  NE9141,,,,,,,,2025. 08. 04.,,
9083000370_00,Autoclima  AU9083,,,Gyártandó Termék,Autoclima  AU9083,,,,,,,,2025. 08. 04.,,
9142000068_00,Tecomec  TE9142,,,Gyártandó Termék,Tecomec  TE9142,,,,,,,,2025. 08. 04.,,
XINT000455,Mérődoboz,,Products_Images/XINT000455.Image.090503.jpg,Mérődoboz,WorldWires,,,,,,,,2025. 08. 04.,,
9099000786_01,Solmec  SC9099,,,Gyártandó Termék,Solmec  SC9099,,,,,,,,2025. 08. 04.,,
9099000643_00,Solmec  SC9099,,,Gyártandó Termék,Solmec  SC9099,,,,,,,,2025. 08. 04.,,
9099000646_00,Solmec  SC9099,,,Gyártandó Termék,Solmec  SC9099,,,,,,,,2025. 08. 04.,,
9099000638_00,Solmec  SC9099,,,Gyártandó Termék,Solmec  SC9099,,,,,,,,2025. 08. 05.,,
9142000004_00,Tecomec  TE9142,,,Gyártandó Termék,Tecomec  TE9142,,,,,,,,2025. 08. 05.,,
9099000786_00,Solmec  SC9099,,,Gyártandó Termék,Solmec  SC9099,,,,,,,,2025. 08. 05.,,
9051000014_00,Mavel MA9051,,,Gyártandó Termék,Mavel MA9051,,,,,,,,2025. 08. 05.,,
9189000013_00,BP Metalmeccanica  BP9189,,,Gyártandó Termék,BP Metalmeccanica  BP9189,,,,,,,,2025. 08. 05.,,
9502000079_00,Molpir  MO9502,,,Gyártandó Termék,Molpir  MO9502,,,,,,,,2025. 08. 05.,,
XINT0205.4,Mérőkábel,,Products_Images/XINT0205.4.Image.063743.jpg,Mérődoboz,WorldWires,,,,,,,,2025. 08. 05.,,
XINT0205.5,Mérőkábel,,Products_Images/XINT0205.5.Image.063844.jpg,Mérődoboz,WorldWires,,,,,,,,2025. 08. 05.,,
9142000129_00,Tecomec  TE9142,,,Gyártandó Termék,Tecomec  TE9142,,,,,,,,2025. 08. 05.,,
XINT000452,Mérődoboz,,Products_Images/XINT000452.Image.064111.jpg,Mérődoboz,WorldWires,,,,,,,,2025. 08. 05.,,
9083000010_00,Autoclima  AU9083,,,Gyártandó Termék,Autoclima  AU9083,,,,,,,,2025. 08. 05.,,
9222000049_00,Melchioni  ME9222,,,Gyártandó Termék,Melchioni  ME9222,,,,,,,,2025. 08. 05.,,
9000_teszt_termék,WorldWires,,,Gyártandó Termék,WorldWires,,,,,,,,2025. 08. 25.,,
4109223123,Konnektor - 280629 (4 utas),"AMPMODU - 4 Position, Plug, Housing, Crimp, Wire-to-Board, UL 94V-0, 2.54 mm [.1 in] Centerline, 1 Row, Wire & Cable, Signal, AMPMODU IV/V",Products_Files_/4109223123.Image.045412.avif,Konnektor,TE,,,,280629,,Anya,,2025. 09. 02.,,
4109213123,Konnektor - 280359 (4 utas),"AMPMODU - 4 Position, Receptacle, Housing, Crimp, Wire-to-Board, UL 94V-0, 2.54 mm [.1 in] Centerline, 1 Row, Wire & Cable, Signal, AMPMODU IV/V",Products_Files_/4109213123.Image.045215.avif,Konnektor,TE,,,,280359,,Apa,,2025. 09. 02.,,
2182120013,Saru - 280708-2,"AMPMODU - Tin (Sn), Socket Contact, 26 – 22 AWG, 40 VAC, 40 VDC, .12 – .4 mm² Wire, Locking Lance Contact Retention, 254.1 – 642.5 CMA, AMPMODU IV/V",Products_Images/2182120013.Image.063943.jpg,Saru,TE,,,,280708-2,,,Anya,2025. 09. 02.,,
2181120013,Saru - 282618-1,"AMPMODU , FFC PIN CONTACT TIN-P - Tin (Sn), Pin Contact, 26 – 22 AWG, .12 – .4 mm² Wire, Discrete Wire, Insulation Displacement (IDC), Phosphor Bronze, Signal",Products_Images/2181120013.Image.103227.jpg,Saru,TE,,,,282618-1,,,Apa,2025. 09. 02.,,
4109113123,Konnektor - 280358 (2 utas),"AMPMODU IV/V - 2 Position, Receptacle, Housing, Crimp, Wire-to-Board, UL 94V-0, 2.54 mm [.1 in] Centerline, 1 Row, Wire & Cable, Signal, AMPMODU IV/V",Products_Files_/4109113123.Image.044530.avif,Konnektor,TE,,,,280358,,Apa,,2025. 09. 03.,,
4109123123,Konnektor - 280628 (2 utas),"AMPMODU IV/V - 2 Position, Plug, Housing, Crimp, Wire-to-Board, UL 94V-0, 2.54 mm [.1 in] Centerline, 1 Row, Wire & Cable, Signal, AMPMODU IV/V",Products_Files_/4109123123.Image.044812.avif,Konnektor,TE,,,,280628,,Anya,,2025. 09. 03.,,
4109313123,Konnektror - 280360 (6 utas),"AMPMODU - 6 Position, Receptacle, Housing, Crimp, Wire-to-Board, UL 94V-0, 2.54 mm [.1 in] Centerline, 1 Row, Wire & Cable, Signal, AMPMODU IV/V",Products_Files_/4109313123.Image.054356.avif,Konnektor,TE,,,,280360,,Apa,,2025. 09. 04.,,
4109323123,Konnektor - 280630 (6 utas),AMPMODU,Products_Images/4109323123.Image.054722.jpg,Konnektor,TE,,,,280630,,Anya,,2025. 09. 04.,,
4708100003,Műanyag rögzítő,,Products_Images/4708100003.Image.041926.jpg,Műanyag termék,EML,,,,012/3204/00,,,,2025. 09. 08.,,
4708100004,Műanyag rögzítő,,Products_Images/4708100004.Image.042016.jpg,Műanyag termék,EML,,,,012/3204/10,,,,2025. 09. 08.,,
4109413123,Konnektror - 280361 (8 utas),"AMPMODU - 8 Position, Receptacle, Housing, Crimp, Wire-to-Board, UL 94V-0, 2.54 mm [.1 in] Centerline, 1 Row, Wire & Cable, Signal, AMPMODU IV/V",Products_Files_/4109413123.Image.055826.avif,Konnektor,TE,,,,280361,,Apa,,2025. 09. 08.,,
4109612123,Konnektror - 280362 (10 utas),"AMPMODU - 10 Position, Receptacle, Housing, Crimp, Wire-to-Board, UL 94V-0, 2.54 mm [.1 in] Centerline, 1 Row, Wire & Cable, Signal, AMPMODU IV/V",Products_Files_/4109612123.Image.061805.avif,Konnektor,TE,,,,280362,,Apa,,2025. 09. 08.,,
9502000080_00,Molpir  MO9502,,,Gyártandó Termék,Molpir  MO9502,,,,,,,,2025. 09. 09.,,
2121120015,Saru - SM20M1TK6,Eaton Souriau SC / SM series #16 (1.6mm) and #20 (1.0mm) stamped and formed contacts,Products_Images/2121120015.Image.052314.jpg,Saru,,,,,SM20M1TK6,,,Apa,2025. 09. 09.,,
2961120026,Saru -  1060-12-0166,,Products_Files_/2961120026.Image.054011.avif,Saru,,,,,1060-12-0166,,,Apa,2025. 09. 09.,,
2930400003,Saru - 647879-1,,Products_Images/2930400003.Image.054145.jpg,Saru,,,,,647879-1,,,Apa,2025. 09. 09.,,
2682120117.3,Saru - 211CC3S1120,,Products_Images/2682120117.3.Image.070828.jpg,Saru,,,,,211CC3S1120,,,Anya,2025. 09. 09.,,
2682120117.2,Saru - 211CC2S1160P,,Products_Images/2682120117.2.Image.063649.jpg,Saru,,,,,.211CC2S1160P,,,Anya,2025. 09. 09.,,
2122120295,Saru - 1738BS-0,,,Saru,,,,,1738BS-0,,,,2025. 09. 09.,,
2011110917,"Saru - 280096-2, 293041-2","FASTIN-FASTON - Quick Disconnect Tab, Uninsulated, 22 – 17 AWG, .32 – 1.04 mm² Wire, 6.35 mm [.25 in] Tab Width, F-Crimp, Straight, Brass, FASTIN-FASTON 250",Products_Images/2011110917.Image.064333.jpg,Saru,,,,,"280096-2, 293041-2",,,Apa,2025. 09. 09.,,
2122120510,Saru - 42098-2,,Products_Images/2122120510.Image.064630.jpg,Saru,,,,,42098-2,,,Apa,2025. 09. 09.,,
2012110926,Saru - 42100-2,,Products_Images/2012110926.Image.064836.jpg,Saru,,,,,42100-2,,,Anya,2025. 09. 09.,,
2091120024,Saru - 350687-1,,Products_Images/2091120024.Image.064949.jpg,Saru,,,,,350687-1,,,Apa,2025. 09. 09.,,
2612120022,Saru - 5558/T,,Products_Images/2612120022.Image.065139.jpg,Saru,,,,,5558/T,,,Apa,2025. 09. 09.,,
2122120018,Saru - ZE064-2022PCF,,Products_Images/2122120018.Image.065242.jpg,Saru,,,,,ZE064-2022PCF,,,Apa,2025. 09. 09.,,
2122120430,Saru - RF-M608P,,Products_Images/2122120430.Image.070537.jpg,Saru,,,,,RF-M608P,,,Anya,2025. 09. 09.,,
2961500017.1,Saru - 460-202-20141,,Products_Images/2961500017.1.Image.071211.jpg,Saru,,,,,460-202-20141,,,Apa,2025. 09. 09.,,
2245303315,Saru - PKD508,,Products_Images/2245303315.Image.071352.jpg,Saru,,,,,PKD508,,,Anya,2025. 09. 09.,,
2122120452,Saru -  RN-MA305,,Products_Images/2122120452.Image.072037.jpg,Saru,,,,,RN-MA305,,,Apa,2025. 09. 09.,,
2XM00096,Saru - 1319G6-BK,,Products_Images/2XM00096.Image.072143.jpg,Saru,,,,,1319G6-BK,,,Apa,2025. 09. 09.,,
2XKT000035,Saru - KIT T.F x CA000426,,,Saru,,,,,KIT T.F x CA000426,,,,2025. 09. 09.,,
2930400013,Saru - CRCLBL-01,,Products_Images/2930400013.Image.072642.jpg,Saru,,,,,CRCLBL-01,,,EGYÉB,2025. 09. 09.,,
2481120022,Saru - AK6025,,Products_Images/2481120022.Image.053739.jpg,Saru,,,,,AK6025,,,,2025. 09. 09.,,
2CA000021,Saru - 964269-2,,Products_Images/2CA000021.Image.073104.jpg,Saru,TE,,,,964269-2,,,Apa,2025. 09. 09.,,
2122120107,Saru - 1.928.498.056,,Products_Images/2122120107.Image.073151.jpg,Saru,,,,,1.928.498.056,,,Anya,2025. 09. 09.,,
2122120091,Saru -  1718760-1,,Products_Images/2122120091.Image.073319.jpg,Saru,,,,,1718760-1,,,Apa,2025. 09. 09.,,
2121120029,Saru - 929967-1,,Products_Images/2121120029.Image.073416.jpg,Saru,,,,,929967-1,,,Apa,2025. 09. 09.,,
2122120258,Saru - 1060-20-0122,,Products_Images/2122120258.Image.073506.jpg,Saru,,,,,1060-20-0122,,,Apa,2025. 09. 09.,,
2271620020,Saru - 1-962915-1,"AMP  Junior Power Timer , Timer Connector System - Tab Terminal, 20 – 17 AWG, .5 – 1 mm² Wire, 2.8 mm [.11 in] Tab Width, Tin (Sn), .8 mm [.03 in] Tab Thickness, Timer Connector System",Products_Images/2271620020.Image.073609.jpg,Saru,TE,,,,1-962915-1,,,Apa,2025. 09. 09.,,
2022110917,Saru - 280000/1,,Products_Images/2022110917.Image.082007.jpg,Saru,,,,,280000/1,,,Anya,2025. 09. 09.,,
2011110926,Saru - 42098  -   0010689201,,Products_Images/2011110926.Image.083306.jpg,Saru,,,,,42098  -   0010689201,,,Apa,2025. 09. 09.,,
2622120022.1,Saru - 5556/T,,Products_Images/2622120022.1.Image.082431.jpg,Saru,,,,,5556/T,,,Anya,2025. 09. 09.,,
2622120022,Saru - 5556/T3,,Products_Images/2622120022.Image.082717.jpg,Saru,,,,,5556/T3,,,Anya,2025. 09. 09.,,
2681120117.3,Saru - 211CL3S1120,,Products_Images/2681120117.3.Image.082952.jpg,Saru,,,,,211CL3S1120,,,,2025. 09. 09.,,
2122120389,Saru - 33501792,,Products_Images/2122120389.Image.103934.jpg,Saru,,,,,33501792,,,Apa,2025. 09. 09.,,
2182120113.1,Saru - M5300-U91,,Products_Images/2182120113.1.Image.104259.jpg,Saru,,,,,M5300-U91,,,Anya,2025. 09. 09.,,
2011110922.2,Saru - E1661BS-2,,,Saru,,,,,E1661BS-2,,,,2025. 09. 09.,,
2472120015,Saru - 12047767,,Products_Images/2472120015.Image.104629.jpg,Saru,,,,,12047767,,,Anya,2025. 09. 09.,,
2012110931,Saru - 180351-2,,Products_Images/2012110931.Image.104741.jpg,Saru,,,,,180351-2,,,Anya,2025. 09. 09.,,
2011110810,Saru - FM5.MCOPTT,,,Saru,,,,,FM5.MCOPTT,,,,2025. 09. 09.,,
2200211522.1,Saru - 4132.05.01.3,,Products_Images/2200211522.1.Image.105212.jpg,Saru,,,,,4132.05.01.3,,,Anya,2025. 09. 09.,,
2161121426,Saru - 929964-1,"STIFTKONTAKT - Pin Terminal, 17 – 13 AWG, 1 – 2.5 mm² Wire, Tin (Sn), 2.5 mm [.098 in] Pin Diameter, Unsealed, Terminates To Wire, Round Connector System",Products_Images/2161121426.Image.044826.jpg,Saru,TE,,,,929964-1,,,Apa,2025. 09. 09.,,
2CA000052,Saru - 770520-1,,Products_Images/2CA000052.Image.111817.jpg,Saru,,,,,770520-1,,,Anya,2025. 09. 09.,,
2272130020,Saru - 929939-3,"All TIMER, RECEPTACLE AND TAB (280) - Receptacle Terminal, 20 – 17 AWG, .5 – 1 mm² Wire, 2.8 mm [.11 in] Tab Width, Tin (Sn), Sealable, Single Wire Seal (SWS), Junior Power Timer",Products_Files_/2272130020.Image.052840.avif,Saru,TE,,,,929939-3,,,Anya,2025. 09. 09.,,
2252001131.1,Saru - 60070261,,Products_Images/2252001131.1.Image.112022.jpg,Saru,,,,,60070261,,,Anya,2025. 09. 09.,,
2471120020,Saru - AK7810,,Products_Images/2471120020.Image.112858.jpg,Saru,,,,,AK7810,,,Apa,2025. 09. 09.,,
2491120026.1,Saru - 12033820,,Products_Images/2491120026.1.Image.113025.jpg,Saru,,,,,12033820,,,Apa,2025. 09. 09.,,
2182120014,Saru - 188744-1,,Products_Images/2182120014.Image.113155.jpg,Saru,,,,,188744-1,,,Anya,2025. 09. 09.,,
2102120022,Saru - 1-66100-9,"AMP  Circular Plastic Connectors Series 1 , AMP Type III+ - Tin (Sn), Socket Contact, 18 – 16 AWG, .8 – 1.4 mm² Wire, Spring Contact Retention, Size 16, Discrete Wire, Crimp, Brass, AMP Type III+",Products_Images/2102120022.Image.113245.jpg,Saru,TE,,,,1-66100-9,,,Anya,2025. 09. 09.,,
2182120020,Saru - 280702-1,,Products_Images/2182120020.Image.113334.jpg,Saru,,,,,280702-1,,,Anya,2025. 09. 09.,,
2122120400,Saru - 12185129,,Products_Images/2122120400.Image.113431.jpg,Saru,,,,,12185129,,,Apa,2025. 09. 09.,,
2252001131,Saru - 1707660,,Products_Images/2252001131.Image.114639.jpg,Saru,,,,,1707660,,,Anya,2025. 09. 09.,,
2340220022,Saru - ?,,,Saru,,,,,,,,,2025. 09. 10.,,
2271120020,Saru - 142754,,Products_Images/2271120020.Image.043201.png,Saru,,,,,142754,,,Apa,2025. 09. 10.,,
2122120395,Saru -  0318703001,,Products_Images/2122120395.Image.043253.jpg,Saru,,,,,0318703001,,,Anya,2025. 09. 10.,,
2491120029.1,Saru - 12064736,,Products_Images/491120029.1.Image.043339.jpg,Saru,,,,,12064736,,,Apa,2025. 09. 10.,,
2CA000062,Saru -  1241380-1,,Products_Images/2CA000062.Image.043553.jpg,Saru,TE,,,,1241380-1,,,Anya,2025. 09. 10.,,
2CA000007,Saru - 1-968857-1,,Products_Images/2CA000007.Image.043639.jpg,Saru,,,,,1-968857-1,,,Anya,2025. 09. 10.,,
2122120140,Saru - 1418884-3,,Products_Images/2122120140.Image.043739.jpg,Saru,,,,,1418884-3,,,Anya,2025. 09. 10.,,
2122120104,Saru -  1-968857-3,,Products_Images/2122120104.Image.043825.jpg,Saru,,,,,1-968857-3,,,Anya,2025. 09. 10.,,
2122120115,Saru - SC20W3S25,,Products_Images/2122120115.Image.043950.jpg,Saru,,,,,SC20W3S25,,,Anya,2025. 09. 10.,,
2122120015,Saru - SC20M1TK6,,Products_Images/2122120015.Image.044046.jpg,Saru,,,,,SC20M1TK6,,,Anya,2025. 09. 10.,,
2962500018,Saru - 0462-203-12141,,Products_Images/2962500018.Image.044258.jpg,Saru,,,,,0462-203-12141,,,Anya,2025. 09. 10.,,
2930400002,Saru - 647877-1,,Products_Images/2930400002.Image.044348.jpg,Saru,,,,,647877-1,,,Apa,2025. 09. 10.,,
2122120391,Saru -  33512190,,Products_Images/2122120391.Image.050213.jpg,Saru,,,,,33512190,,,Apa,2025. 09. 10.,,
2122120436,Saru - E605102BS-2,,,Saru,,,,,E605102BS-2,,,,2025. 09. 10.,,
2032120922,Saru - 160759-3,,Products_Images/2032120922.Image.050645.jpg,Saru,,,,,160759-3,,,Anya,2025. 09. 10.,,
2092120024,Saru - 350536-1,,Products_Images/2092120024.Image.050856.jpg,Saru,,,,,350536-1,,,Anya,2025. 09. 10.,,
2032120929,Saru - 154717-3,,Products_Images/2032120929.Image.051006.jpg,Saru,,,,,154717-3,,,Anya,2025. 09. 10.,,
2022110926,Saru - 280001/9,FASTON,Products_Images/2022110926.Image.080543.jpg,Saru,TE,,,,280001/9,,,Anya,2025. 09. 10.,,
2200300002,Saru - Preis.RF-F608P,,Products_Images/2200300002.Image.051808.jpg,Saru,,,,,Preis.RF-F608P,,,Anya,2025. 09. 10.,,
2962500117,Saru -  1062-20-0122,,Products_Images/2962500117.Image.051928.jpg,Saru,,,,,1062-20-0122,,,Anya,2025. 09. 10.,,
2XM00044,Saru - 180437-2 (Dupla Blank),,Products_Images/2XM00044.Image.052050.jpg,Saru,,,,,180437-2 (Dupla Blank),,,Anya,2025. 09. 10.,,
2022110322,Saru - 180437-2,"110 FASTON - Quick Disconnect Receptacle, Uninsulated, 20 – 15 AWG, .51 – 1.65 mm² Wire, 2.8 mm [.11 in] Tab Width, F-Crimp, Straight, Brass, FASTON 110",Products_Images/2022110322.Image.052212.jpg,Saru,TE,,,,180437-2,,,Anya,2025. 09. 10.,,
2930040025,Saru - 1319G4-BK,,Products_Images/2930040025.Image.052321.jpg,Saru,,,,,1319G4-BK,,,Apa,2025. 09. 10.,,
2122120275,Saru - 7116-1471,,Products_Images/2122120275.Image.052423.jpg,Saru,,,,,7116-1471,,,Anya,2025. 09. 10.,,
2482120022,Saru - AK6024,Metri-Pack 280 - Automotive Connectors TERM M/P 280 FEM,Products_Images/2482120022.Image.064507.jpg,Saru,APTIV,,,,AK6024 (15363933),,,Anya,2025. 09. 10.,,
2122120059,Saru - 7-1452668-1,,Products_Images/2122120059.Image.052723.jpg,Saru,,,,,7-1452668-1,,,Anya,2025. 09. 10.,,
2122120029,Saru -  929974-1,,Products_Images/2122120029.Image.052811.jpg,Saru,,,,,929974-1,,,Anya,2025. 09. 10.,,
2XKT000002,Saru - 1062-20-0122,,Products_Images/2XKT000002.Image.052901.jpg,Saru,,,,,1062-20-0122,,,Anya,2025. 09. 10.,,
2122120106,Saru - 1.928.498.054,,Products_Images/2122120106.Image.053024.jpg,Saru,,,,,1.928.498.054,,,Anya,2025. 09. 10.,,
2122120390,Saru - 33512109,,Products_Images/2122120390.Image.053233.jpg,Saru,,,,,33512109,,,Apa,2025. 09. 10.,,
2681120130.2,Saru - 211CL3S3120,,Products_Images/2681120130.2.Image.053314.jpg,Saru,,,,,211CL3S3120,,,Apa,2025. 09. 10.,,
2012110922.2,Saru - E604501BS-2,,,Saru,,,,,E604501BS-2,,,,2025. 09. 10.,,
2471120015,Saru - 12047581,,Products_Images/2471120015.Image.053642.jpg,Saru,,,,,12047581,,,Apa,2025. 09. 10.,,
2012110815,Saru - 282308-1,,Products_Images/2012110815.Image.053734.jpg,Saru,,,,,282308-1,,,Anya,2025. 09. 10.,,
2681120126.2,Saru - 211CL3S2160,,Products_Images/2681120126.2.Image.054050.jpg,Saru,,,,,211CL3S2160,,,Apa,2025. 09. 10.,,
2682120130.2,Saru - 211CC3S3120,,Products_Images/2682120130.2.Image.054008.jpg,Saru,,,,,211CC3S3120,,,Anya,2025. 09. 10.,,
2XCL000024,Saru - C/L KIT,,,Saru,,,,,C/L KIT,,,,2025. 09. 10.,,
2251001131.1,Saru - 60170261,,Products_Images/2251001131.1.Image.054327.jpg,Saru,,,,,60170261,,,Apa,2025. 09. 10.,,
2472120020,Saru - AK7809,,,Saru,,,,,AK7809,,,,2025. 09. 10.,,
2122120457,Saru - 12129409,,Products_Images/2122120457.Image.054540.jpg,Saru,,,,,12129409,,,Anya,2025. 09. 10.,,
2492120026.1,Saru -  12052221,,Products_Images/2492120026.1.Image.054618.jpg,Saru,,,,,12052221,,,Anya,2025. 09. 10.,,
2101120022,Saru - 1-66098-8,"AMP  Circular Plastic Connectors Series 1 , AMP Type III+ - Tin (Sn), Pin Contact, 18 – 16 AWG, .8 – 1.4 mm² Wire, Spring Contact Retention, Size 16, Discrete Wire, Crimp, Brass, Power & Signal, AMP Type III+",Products_Images/2101120022.Image.054655.jpg,Saru,TE,,,,1-66098-8,,,Apa,2025. 09. 10.,,
2122120206,Saru - 12185008,,Products_Images/2122120206.Image.054729.jpg,Saru,,,,,12185008,,,Anya,2025. 09. 10.,,
2252011134,Saru -  1707690,,Products_Images/2252011134.Image.054808.jpg,Saru,,,,,1707690,,,Apa,2025. 09. 10.,,
2122120022,Saru -  SC16M11TK6,,Products_Images/2122120022.Image.054848.jpg,Saru,,,,,SC16M11TK6,,,Anya,2025. 09. 10.,,
2122120396,Saru - 3308672001,,Products_Images/2122120396.Image.054923.jpg,Saru,,,,,3308672001,,,Apa,2025. 09. 10.,,
2492120029,Saru - AK10419,,,Saru,,,,,AK10419,,,,2025. 09. 10.,,
4030610330,Konnektor - HDP26-24-31ST (31 utas),DEUTSCH,Products_Images/4030610330.Image.044437.jpg,Konnektor,TE,,,,HDP26-24-31ST,,Apa,,2025. 09. 12.,,
4145910125,,,,Konnektor,,,,,,,,,2025. 09. 12.,,
4145910126,,,,Konnektor,,,,,,,,,2025. 09. 12.,,
4030610798,,,,Konnektor,,,,,,,,,2025. 09. 12.,,
4030610509,,,,Konnektor,,,,,,,,,2025. 09. 12.,,
4614003273.1,,,,Konnektor,,,,,,,,,2025. 09. 12.,,
4030610768,,,,Konnektor,,,,,,,,,2025. 09. 12.,,
4030620685,,,,Konnektor,,,,,,,,,2025. 09. 12.,,
4030620509,,,,Konnektor,,,,,,,,,2025. 09. 12.,,
CA000531,,,,Konnektor,,,,,,,,,2025. 09. 12.,,
4XMC0035,,,,Konnektor,,,,,,,,,2025. 09. 12.,,
4XMC0036,,,,Konnektor,,,,,,,,,2025. 09. 12.,,
4XMC0114,,,,Konnektor,,,,,,,,,2025. 09. 12.,,
4101613123,Konnektor - 180923-5 (2 utas),FASTIN-FASTON,Products_Images/4101613123.Image.075602.jpg,Konnektor,TE,,,,180923-5,,Apa,,2025. 09. 12.,,
4006423224,,,,Konnektor,,,,,,,,,2025. 09. 12.,,
4030620355,Konnektor - 798-ZE064W-8DP-HU/RA (8 utas),,Products_Images/4030620355.Image.052732.jpg,Konnektor,,,,,798-ZE064W-8DP-HU/RA,,Apa,,2025. 09. 12.,,
4101523122,Konnektor - 180916/1 (1 utas),Piros,Products_Images/4101523122.Image.080709.jpg,Konnektor,,,,,180916/1,,Anya,,2025. 09. 12.,,
4001523123,,,,Konnektor,,,,,,,,,2025. 09. 12.,,
4030620062,KONNEKTOR,,,Konnektor,,,,,,,,,2025. 09. 12.,,
4113123226,Konnektor  - 282159-1,,Products_Images/4113123226.Image.065259.jpg,Konnektor,TE,,,,,,Apa,,2025. 09. 12.,,
4030620741,Konnektor - 2-1564414-1 (12 utas),,Products_Images/4030620741.Image.070633.jpg,Konnektor,TE,,,,2-1564414-1,,Anya,,2025. 09. 12.,,
4030620243,,,,Konnektor,,,,,,,,,2025. 09. 12.,,
4XMC0047,,,,Konnektor,,,,,,,,,2025. 09. 12.,,
4101823121,,,,Konnektor,,,,,,,,,2025. 09. 12.,,
4126313124,,,,Konnektor,,,,,,,,,2025. 09. 12.,,
4112013185.1,,,,Konnektor,,,,,,,,,2025. 09. 12.,,
4030610796,,,,Konnektor,,,,,,,,,2025. 09. 12.,,
4030620866,,,,Konnektor,,,,,,,,,2025. 09. 12.,,
4030620864,,,,Konnektor,,,,,,,,,2025. 09. 12.,,
4030620144,,,,Konnektor,,,,,,,,,2025. 09. 12.,,
4030620865,,,,Konnektor,,,,,,,,,2025. 09. 12.,,
4116813123,,,,Konnektor,,,,,,,,,2025. 09. 12.,,
4030610833,Konnektor - 4540105,1 Utas,Products_Images/4030610833.Image.115052.jpg,Konnektor,,,,,4540105,,Apa,,2025. 09. 12.,,
4030611054,,,,Konnektor,,,,,,,,,2025. 09. 12.,,
4030611055,,,,Konnektor,,,,,,,,,2025. 09. 12.,,
4030611056,,,,Konnektor,,,,,,,,,2025. 09. 12.,,
4030611057,,,,Konnektor,,,,,,,,,2025. 09. 12.,,
4030611053,Konnektor - 1-1418480-1 (7 utas),"Heavy Duty Sealed Connector Series - 12 V / 24 V / 48 V, 7 Position, Automotive Housing for Female Terminals, Wire-to-Wire, Heavy Duty Sealed Connector Series",Products_Files_/4030611053.Image.052643.avif,Konnektor,TE,,,,1-1418480-1,,Anya,,2025. 09. 12.,,
4030620418,,,,Konnektor,,,,,,,,,2025. 09. 12.,,
C15100005,,,,Konnektor,,,,,,,,,2025. 09. 12.,,
4030620330,,,,Konnektor,,,,,,,,,2025. 09. 12.,,
4030620798,,,,Konnektor,,,,,,,,,2025. 09. 12.,,
4030620768,,,,Konnektor,,,,,,,,,2025. 09. 12.,,
4101623123,Konnektor - 180924-5 (2 utas),FASTIN-FASTON,Products_Images/4101623123.Image.075838.jpg,Konnektor,TE,,,,180924-5,,Anya,,2025. 09. 12.,,
4030621007,,,,Konnektor,,,,,,,,,2025. 09. 12.,,
4030610354,,,,Konnektor,,,,,,,,,2025. 09. 12.,,
4125913124,,,,Konnektor,,,,,,,,,2025. 09. 12.,,
4610504011,,,,Konnektor,,,,,,,,,2025. 09. 12.,,
C099000019,,,,Konnektor,,,,,,,,,2025. 09. 12.,,
4030620338,,,,Konnektor,,,,,,,,,2025. 09. 12.,,
C099067,,,,Konnektor,,,,,,,,,2025. 09. 12.,,
C099000021,,,,Konnektor,,,,,,,,,2025. 09. 12.,,
C099000024,,,,Konnektor,,,,,,,,,2025. 09. 12.,,
C099064,,,,Konnektor,,,,,,,,,2025. 09. 12.,,
C099000023,,,,Konnektor,,,,,,,,,2025. 09. 12.,,
4126323124,,,,Konnektor,,,,,,,,,2025. 09. 12.,,
4605610320,,,,Konnektor,,,,,,,,,2025. 09. 12.,,
C099000012,,,,Konnektor,,,,,,,,,2025. 09. 12.,,
C099032,,,,Konnektor,,,,,,,,,2025. 09. 12.,,
4030620127,Konnektor - 106462-1 (2 utas),"Timer Connector System - 12 V / 24 V, 2 Position, Automotive Housing for Male Terminals, Wire-to-Wire, 5 mm [.196 in] Centerline, Black, Wire & Cable, Timer Connector System",Products_Files_/4030620127.Image.050905.avif,Konnektor,TE,,,,106462-1,,Apa,,2025. 09. 12.,,
4030610866,,,,Konnektor,,,,,,,,,2025. 09. 12.,,
4030610144,,,,Konnektor,,,,,,,,,2025. 09. 12.,,
4116823123,,,,Konnektor,,,,,,,,,2025. 09. 12.,,
4101623122,Konnektor - 180924/1 (2 utas),Piros,Products_Images/4101623122.Image.083120.jpg,Konnektor,,,,,180924/1,,Anya,,2025. 09. 16.,,
2122120139,Saru - 1-968855-1,,Products_Images/2122120139.Image.055316.jpg,Saru,,,,,1-968855-1,,,Anya,2025. 09. 18.,,
9502000037_02,Autoclima  AU9083,,,Gyártandó Termék,Autoclima  AU9083,,,,,,,,2025. 09. 22.,,
9083000620_00,Autoclima  AU9083,,,Gyártandó Termék,Autoclima  AU9083,,,,,,,,2025. 09. 22.,,
9151000043_00,Varani  VA9151,,,Gyártandó Termék,Varani  VA9151,,,,,,,,2025. 09. 22.,,
9142000131_00,Tecomec  TE9142,,,Gyártandó Termék,Tecomec  TE9142,,,,,,,,2025. 09. 22.,,
9091000096_00,Masi  MS9091,,,Gyártandó Termék,Masi  MS9091,,,,,,,,2025. 09. 22.,,
9091000097_00,Masi  MS9091,,,Gyártandó Termék,Masi  MS9091,,,,,,,,2025. 09. 22.,,
CA000162,Konnektor- CA000162,,,Konnektor,,,,,CA000162,,Apa,,2025. 09. 23.,,
4030611063,Konnektor - 4030611063,,,Konnektor,,,,,4030611063,,Anya,,2025. 09. 23.,,
2XKT000051,Saru -,,Products_Images/2XKT000051.Image.051700.jpg,Saru,,,,,,,,Anya,2025. 09. 30.,,
9141000055_00,Negri  NE9141,,,Gyártandó Termék,Negri  NE9141,,,,,,,,2025. 10. 03.,,
9099000377_05,Solmec  SC9099,,,Gyártandó Termék,Solmec  SC9099,,,,,,,,2025. 10. 03.,,
9099000711_01,Solmec  SC9099,,,Gyártandó Termék,Solmec  SC9099,,,,,,,,2025. 10. 03.,,
9099000712_00,Solmec  SC9099,,,Gyártandó Termék,Solmec  SC9099,,,,,,,,2025. 10. 03.,,
9099000733_01,Solmec  SC9099,,,Gyártandó Termék,Solmec  SC9099,,,,,,,,2025. 10. 03.,,
9099000734_01,Solmec  SC9099,,,Gyártandó Termék,Solmec  SC9099,,,,,,,,2025. 10. 03.,,
9099000735_01,Solmec  SC9099,,,Gyártandó Termék,Solmec  SC9099,,,,,,,,2025. 10. 13.,,
9099000744_00,Solmec  SC9099,,,Gyártandó Termék,Solmec  SC9099,,,,,,,,2025. 10. 18.,,
9166000106_00,Hymach  HY9166,,,Gyártandó Termék,Hymach  HY9166,,,,,,,,2025. 10. 20.,,
2671120033,Saru - 42817-1034,"MOLEX MINI-FIT Sr. Crimp Terminal, Male, 8 AWG, Silver (Ag)",Products_Images/2671120033.Image.120737.jpg,Saru,Molex,,,,42817-1034,,,Apa,2026. 01. 21.,,
9103000296_02,9103000296_02,,,Gyártandó Termék,Laika  LA9103,,,,,,,,2026. 01. 26.,,
9083000230_04,Autoclima  AU9083,,,Gyártandó Termék,Autoclima  AU9083,,,,,,,,2026. 01. 27.,,
9099000073_01,Solmec  SC9099,,,Gyártandó Termék,Solmec  SC9099,,,,,,,,2026. 01. 28.,,
9166000129_01,Hymach  HY9166,,,Gyártandó Termék,Hymach  HY9166,,,,,,,,2026. 02. 05.,,
9166000132_01,Hymach  HY9166,,,Gyártandó Termék,Hymach  HY9166,,,,,,,,2026. 02. 05.,,
9099000807_00,Solmec  SC9099,,,Gyártandó Termék,Solmec  SC9099,,,,,,,,2026. 02. 05.,,
9502000060_00,Molpir  MO9502,,,Gyártandó Termék,Molpir  MO9502,,,,,,,,2026. 02. 05.,,
9166000136_01,Hymach  HY9166,,,Gyártandó Termék,Hymach  HY9166,,,,,,,,2026. 02. 10.,,
9166000135_01,Hymach  HY9166,,,Gyártandó Termék,Hymach  HY9166,,,,,,,,2026. 02. 10.,,
9141000051_00,Negri  NE9141,,,Gyártandó Termék,Negri  NE9141,,,,,,,,2026. 02. 10.,,
9502000059_01,Molpir  MO9502,,,Gyártandó Termék,Molpir  MO9502,,,,,,,,2026. 02. 10.,,
9156000007_00,FORT FO9156,,,Gyártandó Termék,FORT FO9156,,,,,,,,2026. 02. 10.,,
9099000808_00,Solmec  SC9099,,,Gyártandó Termék,Solmec  SC9099,,,,,,,,2026. 02. 10.,,
9158000270_00,Dinamica  DG9158,,,Gyártandó Termék,Dinamica  DG9158,,,,,,,,2026. 02. 10.,,
XINT0479.2,,,,Mérődoboz,WorldWires,,,,,,,,2026. 02. 10.,,
9141000063_00,Negri  NE9141,,,Gyártandó Termék,Negri  NE9141,,,,,,,,2026. 02. 10.,,
9166000104_00,Hymach  HY9166,,,Gyártandó Termék,Hymach  HY9166,,,,,,,,2026. 02. 10.,,
9099000078_00,Solmec  SC9099,,,Gyártandó Termék,Solmec  SC9099,,,,,,,,2026. 02. 10.,,
9099000059_03,Solmec  SC9099,,,Gyártandó Termék,Solmec  SC9099,,,,,,,,2026. 02. 10.,,
9099000504_00,Solmec  SC9099,,,Gyártandó Termék,Solmec  SC9099,,,,,,,,2026. 02. 10.,,
,,,,,,,,,,,,,,,
9099000006_01,Solmec  SC9099,,,Gyártandó Termék,Solmec  SC9099,,,,,,,,2026. 02. 10.,,
9099000275_01,Solmec  SC9099,,,Gyártandó Termék,Solmec  SC9099,,,,,,,,2026. 02. 10.,,
9099000025_01,Solmec  SC9099,,,Gyártandó Termék,Solmec  SC9099,,,,,,,,2026. 02. 11.,,
9099000274_03,Solmec  SC9099,,,Gyártandó Termék,Solmec  SC9099,,,,,,,,2026. 02. 11.,,
9099000273_00,Solmec  SC9099,,,Gyártandó Termék,Solmec  SC9099,,,,,,,,2026. 02. 11.,,
9099000271_03,Solmec  SC9099,,,Gyártandó Termék,Solmec  SC9099,,,,,,,,2026. 02. 11.,,
9158000160_01,Dinamica  DG9158,,,Gyártandó Termék,Dinamica  DG9158,,,,,,,,2026. 02. 11.,,
9141000066_01,Negri  NE9141,,,Gyártandó Termék,Negri  NE9141,,,,,,,,2026. 02. 11.,,
9141000018_00,Negri  NE9141,,,Gyártandó Termék,Negri  NE9141,,,,,,,,2026. 02. 11.,,
9158000153_00,Dinamica  DG9158,,,Gyártandó Termék,Dinamica  DG9158,,,,,,,,2026. 02. 11.,,
9083000468_00,Autoclima  AU9083,,,Gyártandó Termék,Autoclima  AU9083,,,,,,,,2026. 02. 11.,,
9159000057_01,Sematic SA9159,,,Gyártandó Termék,Sematic SA9159,,,,,,,,2026. 02. 11.,,
XINT00S011,,,,Mérődoboz,WorldWires,,,,,,,,2026. 02. 11.,,
9159000052_02,Sematic SA9159,,,Gyártandó Termék,Sematic SA9159,,,,,,,,2026. 02. 11.,,
9159000054_01,Sematic SA9159,,,Gyártandó Termék,Sematic SA9159,,,,,,,,2026. 02. 11.,,
XINT00S010,,,,Mérődoboz,WorldWires,,,,,,,,2026. 02. 11.,,
9141000023_00,Negri  NE9141,,,Gyártandó Termék,Negri  NE9141,,,,,,,,2026. 02. 11.,,
9091000095_00,Masi  MS9091,,,Gyártandó Termék,Masi  MS9091,,,,,,,,2026. 02. 11.,,
9156000013_00,FORT FO9156,,,Gyártandó Termék,FORT FO9156,,,,,,,,2026. 02. 11.,,
9141000043_00,Negri  NE9141,,,Gyártandó Termék,Negri  NE9141,,,,,,,,2026. 02. 11.,,
9083000622_00,Autoclima  AU9083,,,Gyártandó Termék,Autoclima  AU9083,,,,,,,,2026. 02. 11.,,
9141000040_00,Negri  NE9141,,,Gyártandó Termék,Negri  NE9141,,,,,,,,2026. 02. 11.,,
9166000109_00,Hymach  HY9166,,,Gyártandó Termék,Hymach  HY9166,,,,,,,,2026. 02. 11.,,
9099000184_01,Solmec  SC9099,,,Gyártandó Termék,Solmec  SC9099,,,,,,,,2026. 02. 11.,,
9099000691_03,Solmec  SC9099,,,Gyártandó Termék,Solmec  SC9099,,,,,,,,2026. 02. 11.,,
9099000718_01,Solmec  SC9099,,,Gyártandó Termék,Solmec  SC9099,,,,,,,,2026. 02. 11.,,
9166000056_01,Hymach  HY9166,,,Gyártandó Termék,Hymach  HY9166,,,,,,,,2026. 02. 11.,,
9142000032_01,Tecomec  TE9142,,,Gyártandó Termék,Tecomec  TE9142,,,,,,,,2026. 02. 11.,,
9099000071_01,Solmec  SC9099,,,Gyártandó Termék,Solmec  SC9099,,,,,,,,2026. 02. 11.,,
9099000074_01,Solmec  SC9099,,,Gyártandó Termék,Solmec  SC9099,,,,,,,,2026. 02. 11.,,
9099000072_01,Solmec  SC9099,,,Gyártandó Termék,Solmec  SC9099,,,,,,,,2026. 02. 11.,,
9083000509_00,Autoclima  AU9083,,,Gyártandó Termék,Autoclima  AU9083,,,,,,,,2026. 02. 11.,,
9142000103_00,Tecomec  TE9142,,,Gyártandó Termék,Tecomec  TE9142,,,,,,,,2026. 02. 11.,,
XINT000354/1,Mérődoboz,,,Mérődoboz,WorldWires,,,,,,,,2026. 02. 11.,,
9141000087_00,Negri  NE9141,,,Gyártandó Termék,Negri  NE9141,,,,,,,,2026. 02. 11.,,
9099000688_02,Solmec  SC9099,,,Gyártandó Termék,Solmec  SC9099,,,,,,,,2026. 02. 11.,,
9099000066_02,Solmec  SC9099,,,Gyártandó Termék,Solmec  SC9099,,,,,,,,2026. 02. 11.,,
9099000065_03,Solmec  SC9099,,,Gyártandó Termék,Solmec  SC9099,,,,,,,,2026. 02. 11.,,
9083000593_00,Autoclima  AU9083,,,Gyártandó Termék,Autoclima  AU9083,,,,,,,,2026. 02. 11.,,
9083000623_00,Autoclima  AU9083,,,Gyártandó Termék,Autoclima  AU9083,,,,,,,,2026. 02. 11.,,
9195000003_00,I-TECH,,,Gyártandó Termék,,,,,,,,,2026. 02. 11.,,
9059000504_00,SEA  SE9059,,,Gyártandó Termék,SEA  SE9059,,,,,,,,2026. 02. 12.,,
9083606543030A,Autoclima  AU9083,,,Gyártandó Termék,Autoclima  AU9083,,,,,,,,2026. 02. 12.,,
9083000365_02,Autoclima  AU9083,,,Gyártandó Termék,Autoclima  AU9083,,,,,,,,2026. 02. 12.,,
9091000058_00,Masi  MS9091,,,Gyártandó Termék,Masi  MS9091,,,,,,,,2026. 02. 12.,,
9192000003_00,Dometic (Waeco)  DM9192,,,Gyártandó Termék,Dometic (Waeco)  DM9192,,,,,,,,2026. 02. 12.,,
9141000054_00,Negri  NE9141,,,Gyártandó Termék,Negri  NE9141,,,,,,,,2026. 02. 12.,,
9141000089_00,Negri  NE9141,,,Gyártandó Termék,Negri  NE9141,,,,,,,,2026. 02. 12.,,
9141000088_00,Negri  NE9141,,,Gyártandó Termék,Negri  NE9141,,,,,,,,2026. 02. 12.,,
9141000091_00,Negri  NE9141,,,Gyártandó Termék,Negri  NE9141,,,,,,,,2026. 02. 12.,,
9141000090_00,Negri  NE9141,,,Gyártandó Termék,Negri  NE9141,,,,,,,,2026. 02. 12.,,
9091000091_00,Masi  MS9091,,,Gyártandó Termék,Masi  MS9091,,,,,,,,2026. 02. 12.,,
9099000786_02,Solmec  SC9099,,,Gyártandó Termék,Solmec  SC9099,,,,,,,,2026. 02. 12.,,
9099000272_02,Solmec  SC9099,,,Gyártandó Termék,Solmec  SC9099,,,,,,,,2026. 02. 16.,,
9220000011_01,Mecs MC9220,,,Gyártandó Termék,Mecs MC9220,,,,,,,,2026. 02. 16.,,
XINT000790,MÉRŐKÁBEL,,,Mérődoboz,WorldWires,,,,,,,,2026. 02. 16.,,
9156000012_00,FORT FO9156,,,Gyártandó Termék,FORT FO9156,,,,,,,,2026. 02. 16.,,
XINT000529/1,,,,Mérődoboz,WorldWires,,,,,,,,2026. 02. 16.,,
9083000628_00,Autoclima  AU9083,,,Gyártandó Termék,Autoclima  AU9083,,,,,,,,2026. 02. 19.,,
9059000505_00,SEA  SE9059,,,Gyártandó Termék,SEA  SE9059,,,,,,,,2026. 02. 19.,,
,,,,,,,,,,,,,,,
9141000079_00,Negri  NE9141,,,Gyártandó Termék,Negri  NE9141,,,,,,,,2026. 02. 25.,,
XINT000C28,,,,Mérődoboz,WorldWires,,,,,,,,2026. 03. 04.,,
XINT000C30,,,,Mérődoboz,WorldWires,,,,,,,,2026. 03. 04.,,
XINT000C31,,,,Mérődoboz,WorldWires,,,,,,,,2026. 03. 04.,,
XINT000C32,,,,Mérődoboz,WorldWires,,,,,,,,2026. 03. 04.,,
XINT000C36,,,,Mérődoboz,WorldWires,,,,,,,,2026. 03. 04.,,
9083000583_00,Autoclima  AU9083,,,Gyártandó Termék,Autoclima  AU9083,,,,,,,,2026. 03. 09.,,
9083000304_02,Autoclima  AU9083,,,Gyártandó Termék,Autoclima  AU9083,,,,,,,,2026. 03. 23.,,
9091000098_00,Masi  MS9091,,,Gyártandó Termék,Masi  MS9091,,,,,,,,2026. 03. 26.,,
9099000009_00,Solmec  SC9099,,,Gyártandó Termék,Solmec  SC9099,,,,,,,,2026. 04. 07.,,
2271120020.1,Saru - 928930-2,,Products_Images/2271120020.1.Image.053216.jpg,Saru,TE,,,,928930-2,,,Apa,2026. 04. 20.,,
2272120020,Saru - 927771-3,,Products_Images/2272120020.Image.054532.jpg,Saru,TE,,,,927771-3,,,Anya,2026. 04. 20.,,
9099000721_00,Solmec  SC9099,,,Gyártandó Termék,Solmec  SC9099,,,,,,,,2026. 04. 21.,,
9099000706_02,Solmec  SC9099,,,Gyártandó Termék,Solmec  SC9099,,,,,,,,2026. 04. 22.,,
9083000624_00,Autoclima  AU9083,,,Gyártandó Termék,Autoclima  AU9083,,,,,,,,2026. 04. 22.,,
9099000007_00,Solmec  SC9099,,,Gyártandó Termék,Solmec  SC9099,,,,,,,,2026. 04. 22.,,
9502000080_01,Molpir  MO9502,,,Gyártandó Termék,Molpir  MO9502,,,,,,,,2026. 04. 22.,,
9083000418_02,Autoclima  AU9083,,,Gyártandó Termék,Autoclima  AU9083,,,,,,,,2026. 04. 22.,,
9158000162_00,Dinamica  DG9158,,,Gyártandó Termék,Dinamica  DG9158,,,,,,,,2026. 04. 22.,,
9099000067_02,Solmec  SC9099,,,Gyártandó Termék,Solmec  SC9099,,,,,,,,2026. 04. 22.,,
9059000431_01,SEA  SE9059,,,Gyártandó Termék,SEA  SE9059,,,,,,,,2026. 04. 22.,,
9059000509_00,SEA  SE9059,,,Gyártandó Termék,SEA  SE9059,,,,,,,,2026. 04. 22.,,
9141000071_01,Negri  NE9141,,,Gyártandó Termék,Negri  NE9141,,,,,,,,2026. 04. 22.,,
9502000089_00,Molpir  MO9502,,,Gyártandó Termék,Molpir  MO9502,,,,,,,,2026. 04. 27.,,
XINT000792,,,,Mérődoboz,WorldWires,,,,,,,,2026. 05. 14.,,
9502000088_00,Molpir  MO9502,,,Gyártandó Termék,Molpir  MO9502,,,,,,,,2026. 04. 28.,,
9502000087_00,Molpir  MO9502,,,Gyártandó Termék,Molpir  MO9502,,,,,,,,2026. 04. 28.,,
9502000086_00,Molpir  MO9502,,,Gyártandó Termék,Molpir  MO9502,,,,,,,,2026. 04. 28.,,
9502000085_00,Molpir  MO9502,,,Gyártandó Termék,Molpir  MO9502,,,,,,,,2026. 04. 28.,,
9502000084_00,Molpir  MO9502,,,Gyártandó Termék,Molpir  MO9502,,,,,,,,2026. 04. 28.,,
9502000083_00,Molpir  MO9502,,,Gyártandó Termék,Molpir  MO9502,,,,,,,,2026. 04. 28.,,
9502000082_00,Molpir  MO9502,,,Gyártandó Termék,Molpir  MO9502,,,,,,,,2026. 04. 28.,,
9502000081_00,Molpir  MO9502,,,Gyártandó Termék,Molpir  MO9502,,,,,,,,2026. 04. 28.,,
9099000696_05,Solmec  SC9099,,,Gyártandó Termék,Solmec  SC9099,,,,,,,,2026. 04. 28.,,
9156000005_00,FORT FO9156,,,Gyártandó Termék,FORT FO9156,,,,,,,,2026. 04. 28.,,
2122120306,Saru - 8100-2980,,Products_Images/2122120306.Image.114342.jpg,Saru,,,,,8100-2980,,,Anya,2026. 04. 29.,,
2122120546,Saru - 105300-2300,Nano-Fit,Products_Images/2122120546.Image.084330.jpg,Saru,Molex,,,,105300-2300,,,Apa,2026. 04. 30.,,
4610504048,Konnektor (SecLock)- 105325-1005,Nano-Fit,Products_Images/4610504048.Image.085228.jpg,Konnektor,Molex,,,,105325-1005,,Anya,,2026. 04. 30.,,
4030620533,Konnektor - 1-1564526-1 (18 utas),,Products_Images/4030620533.Image.065736.jpg,Konnektor,TE,,,,1-1564526-1,,Apa,,2026. 05. 04.,,
4030610590,Konnektor - 1-1563759-1 (18 utas),,Products_Images/4030610590.Image.065853.jpg,Konnektor,TE,,,,1-1563759-1,,Anya,,2026. 05. 04.,,
4030610534,Konnektor - 2-1703639-1  (12 utas),,Products_Images/4030610534.Image.071005.jpg,Konnektor,TE,,,,2-1703639-1,,Anya,,2026. 05. 04.,,
4155816223,Konnektor - 43025-2400 (24 utas),,Products_Images/4155816223.Image.101901.jpg,Konnektor,Molex,,,,43025-2400,,Anya,,2026. 05. 04.,,
4155826223,Konnektor - 43020-2400 (24 utas),,Products_Images/4155826223.Image.102342.jpg,Konnektor,Molex,,,,43020-2400,,Apa,,2026. 05. 04.,,
2612120015,Saru - 43030-0001,,Products_Images/2612120015.Image.103503.jpg,Saru,Molex,,,,43030-0001,,,Anya,2026. 05. 04.,,
2611120015,Saru - 43031-0001,,Products_Images/2611120015.Image.103652.jpg,Saru,Molex,,,,43031-0001,,,Apa,2026. 05. 04.,,
4030610499,Konnektor - 105308-2210 (10 utas),Nano-Fit,Products_Images/4030610499.Image.040932.jpg,Konnektor,Molex,,,,105308-2210,,Apa,,2026. 05. 06.,,
4030610497,Konnektor - 105308-2206 (6 utas),Nano-Fit,Products_Images/4030610497.Image.041359.jpg,Konnektor,Molex,,,,105308-2206,,Apa,,2026. 05. 06.,,
4030610498,Konnektor - 105308-2208 (8 utas),Nano-Fit,Products_Images/4030610498.Image.041501.jpg,Konnektor,Molex,,,,105308-2208,,Apa,,2026. 05. 06.,,
2200300012,Saru - 2-520103-2,ULTRA-FAST 250,Products_Images/2200300012.Image.084709.jpg,Saru,TE,,,,2-520103-2,,,Apa,2026. 05. 12.,,
9502000090_00,Molpir  MO9502,,,Gyártandó Termék,Molpir  MO9502,,,,,,,,2026. 05. 14.,,
91000100_00,Masi  MS9091,,,Gyártandó Termék,Masi  MS9091,,,,,,,,2026. 05. 14.,,
9091000100_00,Masi  MS9091,,,Gyártandó Termék,Masi  MS9091,,,,,,,,2026. 05. 14.,,
9083000621_00,Autoclima  AU9083,,,Gyártandó Termék,Autoclima  AU9083,,,,,,,,2026. 05. 14.,,
9059000390_02,SEA  SE9059,,,Gyártandó Termék,SEA  SE9059,,,,,,,,2026. 05. 14.,,
9059000204_01,SEA  SE9059,,,Gyártandó Termék,SEA  SE9059,,,,,,,,2026. 05. 14.,,
9059000514_00,SEA  SE9059,,,Gyártandó Termék,SEA  SE9059,,,,,,,,2026. 05. 14.,,
9091000070_00,Masi  MS9091,,,Gyártandó Termék,Masi  MS9091,,,,,,,,2026. 05. 14.,,
9059000519_00,SEA  SE9059,,,Gyártandó Termék,SEA  SE9059,,,,,,,,2026. 05. 14.,,
9142000091_00,Tecomec  TE9142,,,Gyártandó Termék,Tecomec  TE9142,,,,,,,,2026. 05. 14.,,
9083000132_04,Autoclima  AU9083,,,Gyártandó Termék,Autoclima  AU9083,,,,,,,,2026. 05. 14.,,
9083000630_00,Autoclima  AU9083,,,Gyártandó Termék,Autoclima  AU9083,,,,,,,,2026. 05. 14.,,
2122120216,Saru - BPH-002-T,,Products_Images/2122120216.Image.050213.jpg,Saru,,,,,BPH-002-T,,,Apa,2026. 05. 19.,,
2XKT000024,Saru KIT,C08300036  KIT -nek a saruja,Products_Images/2XKT000024.Image.114418.png,Saru,ITT CANNON,,,,VG95328K14-19SN,,,Anya,2026. 05. 20.,,
9083000482_00,Autoclima  AU9083,,,Gyártandó Termék,Autoclima  AU9083,,,,,,,,2026. 05. 28.,,
908320235007.1A,Autoclima  AU9083,,,Gyártandó Termék,Autoclima  AU9083,,,,,,,,2026. 05. 28.,,
9659000048_02,Computec CO9659,,,Gyártandó Termék,Computec CO9659,,,,,,,,2026. 05. 28.,,
9195000011_00,I-TECH,,,Gyártandó Termék,,,,,,,,,2026. 05. 28.,,
9195000010_00,I-TECH,,,Gyártandó Termék,,,,,,,,,2026. 05. 28.,,
9083000314_01_2,Autoclima  AU9083,,,Gyártandó Termék,Autoclima  AU9083,,,,,,,,2026. 05. 28.,,
9083000010_00_2,Autoclima  AU9083,,,Gyártandó Termék,Autoclima  AU9083,,,,,,,,2026. 05. 28.,,
9195000002_00,I-TECH,,,Gyártandó Termék,,,,,,,,,2026. 05. 28.,,
9222000142_00,Melchioni  ME9222,,,Gyártandó Termék,Melchioni  ME9222,,,,,,,,2026. 05. 28.,,
9222000145_00,Melchioni  ME9222,,,Gyártandó Termék,Melchioni  ME9222,,,,,,,,2026. 05. 28.,,
9195000013_00,I-TECH,,,Gyártandó Termék,,,,,,,,,2026. 05. 28.,,
9059000518_00,SEA  SE9059,,,Gyártandó Termék,SEA  SE9059,,,,,,,,2026. 05. 28.,,
9083000574_02,Autoclima  AU9083,,,Gyártandó Termék,Autoclima  AU9083,,,,,,,,2026. 05. 29.,,
9141000082_00,Negri  NE9141,,,Gyártandó Termék,Negri  NE9141,,,,,,,,2026. 06. 01.,,
9141000081_01,Negri  NE9141,,,Gyártandó Termék,Negri  NE9141,,,,,,,,2026. 06. 01.,,
9141000077_00,Negri  NE9141,,,Gyártandó Termék,Negri  NE9141,,,,,,,,2026. 06. 01.,,
9083000631_00,Autoclima  AU9083,,,Gyártandó Termék,Autoclima  AU9083,,,,,,,,2026. 06. 01.,,
9083000625_00,Autoclima  AU9083,,,Gyártandó Termék,Autoclima  AU9083,,,,,,,,2026. 06. 01.,,
9142000132_01,Tecomec  TE9142,,,Gyártandó Termék,Tecomec  TE9142,,,,,,,,2026. 06. 01.,,
9059000511_00,SEA  SE9059,,,Gyártandó Termék,SEA  SE9059,,,,,,,,2026. 06. 01.,,
9220000037_00,Mecs MC9220,,,Gyártandó Termék,Mecs MC9220,,,,,,,,2026. 06. 01.,,
XINT000793,Mérőkábal,,Products_Images/XINT000793.Image.050356.jpg,Mérődoboz,WorldWires,,,,,,,,2026. 06. 01.,,
9083000581_00,Autoclima  AU9083,,,Gyártandó Termék,Autoclima  AU9083,,,,,,,,2026. 06. 01.,,
CA000510,KIT,KIT P/F 6V 5Q0972706 HAID.HD065-0.721J,Products_Images/CA000510.Image.102045.jpg,Konnektor,,,,,5Q0972706,,Apa,,2026. 06. 01.,,
2XKT000050,Saru - KIT,CA000510 KIT Saruja,Products_Images/2XKT000050.Image.102214.jpg,Saru,,,,,5Q0972706,,,Anya,2026. 06. 01.,,
9192000004_00,Dometic (Waeco)  DM9192,,,Gyártandó Termék,Dometic (Waeco)  DM9192,,,,,,,,2026. 06. 02.,,
8001000025_00,Strauss-Metal SM8001,,,Gyártandó Termék,Strauss-Metal SM8001,,,,,,,,2026. 06. 04.,,
XINT000794,Mérőkábel,,Products_Images/XINT000794.Image.111607.jpg,Mérődoboz,WorldWires,,,,,,,,2026. 06. 04.,,
9059000500_00,SEA  SE9059,,,Gyártandó Termék,SEA  SE9059,,,,,,,,2026. 06. 04.,,
9083606542090A2,Autoclima  AU9083,,,Gyártandó Termék,Autoclima  AU9083,,,,,,,,2026. 06. 09.,,
9083000568_00,Autoclima  AU9083,,,Gyártandó Termék,Autoclima  AU9083,,,,,,,,2026. 06. 10.,,
9083000224_04,Autoclima  AU9083,,,Gyártandó Termék,Autoclima  AU9083,,,,,,,,2026. 06. 10.,,
9142000019_00,Tecomec  TE9142,,,Gyártandó Termék,Tecomec  TE9142,,,,,,,,2026. 06. 17.,,
9198000050_01,Climavan  CL9198,,,Gyártandó Termék,Climavan  CL9198,,,,,,,,2026. 06. 17.,,
9083000635_00,Autoclima  AU9083,,,Gyártandó Termék,Autoclima  AU9083,,,,,,,,2026. 06. 17.,,
9220000067_00,Mecs MC9220,,,Gyártandó Termék,Mecs MC9220,,,,,,,,2026. 06. 22.,,
XINT000795,Mérőkábel,,Products_Images/XINT000795.Image.060944.jpg,Mérődoboz,WorldWires,,,,,,,,2026. 06. 30.,,
9059000523_00,SEA  SE9059,,,Gyártandó Termék,SEA  SE9059,,,,,,,,2026. 07. 01.,,
9083000484_00,Autoclima  AU9083,,,Gyártandó Termék,Autoclima  AU9083,,,,,,,,2026. 07. 01.,,
9116000112_01,,,,Gyártandó Termék,,,,,,,,,2026. 07. 01.,,
9059000492_01,SEA  SE9059,,,Gyártandó Termék,SEA  SE9059,,,,,,,,2026. 07. 01.,,
9222000141_01,Melchioni  ME9222,,,Gyártandó Termék,Melchioni  ME9222,,,,,,,,2026. 07. 01.,,
XINT000791,Mérőkábel,,,Mérődoboz,WorldWires,,,,,,,,2026. 07. 01.,,
XINT000770,Mérőkábel,,,Mérődoboz,WorldWires,,,,,,,,2026. 07. 01.,,
9091000090_00,Masi  MS9091,,,Gyártandó Termék,Masi  MS9091,,,,,,,,2026. 07. 01.,,
9222000096_00,Melchioni  ME9222,,,Gyártandó Termék,Melchioni  ME9222,,,,,,,,2026. 07. 01.,,
9502000066_00,Molpir  MO9502,,,Gyártandó Termék,Molpir  MO9502,,,,,,,,2026. 07. 01.,,
9141000065_00,Negri  NE9141,,,Gyártandó Termék,Negri  NE9141,,,,,,,,2026. 07. 01.,,
XINT000783,Mérőkábel,,Products_Images/XINT000783.Image.092950.jpg,Mérődoboz,WorldWires,,,,,,,,2026. 07. 01.,,
9151000053_00,Varani  VA9151,,,Gyártandó Termék,Varani  VA9151,,,,,,,,2026. 07. 01.,,
XINT000789,Mérőkábel,,,Mérődoboz,WorldWires,,,,,,,,2026. 07. 01.,,
9166000130_01,Hymach  HY9166,,,Gyártandó Termék,Hymach  HY9166,,,,,,,,2026. 07. 01.,,
9220000056_00,Mecs MC9220,,,Gyártandó Termék,Mecs MC9220,,,,,,,,2026. 07. 01.,,
9059000288_00,SEA  SE9059,,,Gyártandó Termék,SEA  SE9059,,,,,,,,2026. 07. 01.,,
9141000067_00,Negri  NE9141,,,Gyártandó Termék,Negri  NE9141,,,,,,,,2026. 07. 01.,,
9222000143_00,Melchioni  ME9222,,,Gyártandó Termék,Melchioni  ME9222,,,,,,,,2026. 07. 01.,,
9083000626_00,Autoclima  AU9083,,,Gyártandó Termék,Autoclima  AU9083,,,,,,,,2026. 07. 01.,,
9083000336_01,Autoclima  AU9083,,,Gyártandó Termék,Autoclima  AU9083,,,,,,,,2026. 07. 01.,,
9099000061_01,Solmec  SC9099,,,Gyártandó Termék,Solmec  SC9099,,,,,,,,2026. 07. 01.,,
9141000098_00,Negri  NE9141,,,Gyártandó Termék,Negri  NE9141,,,,,,,,2026. 07. 14.,,
9083000632_00,Autoclima  AU9083,,,Gyártandó Termék,Autoclima  AU9083,,,,,,,,2026. 07. 14.,,
9083000409_00,Autoclima  AU9083,,,Gyártandó Termék,Autoclima  AU9083,,,,,,,,2026. 07. 15.,,
9083000461_00,Autoclima  AU9083,,,Gyártandó Termék,Autoclima  AU9083,,,,,,,,2026. 07. 15.,,
9091000069_03,Masi  MS9091,,,Gyártandó Termék,Masi  MS9091,,,,,,,,2026. 07. 15.,,
9158000133_02,Dinamica  DG9158,,,Gyártandó Termék,Dinamica  DG9158,,,,,,,,2026. 07. 15.,,
XINT000646.3,Mérődoboz,,Products_Images/XINT000646.3.Image.102051.jpg,Mérődoboz,WorldWires,,,,,,,,2026. 07. 15.,,
9116000109_01,Xenta XE9166,,,Gyártandó Termék,Xenta XE9166,,,,,,,,2026. 07. 15.,,
XINT000797,Mérőkábel,,Products_Images/XINT000797.Image.102719.jpg,Mérődoboz,WorldWires,,,,,,,,2026. 07. 16.,,
9083000637_00,Autoclima  AU9083,,,Gyártandó Termék,Autoclima  AU9083,,,,,,,,2026. 07. 16.,,
9220000053_00,Mecs MC9220,,,Gyártandó Termék,Mecs MC9220,,,,,,,,2026. 07. 16.,,
XINT000796,Mérőkábel,,Products_Images/XINT000796.Image.100511.jpg,Mérődoboz,WorldWires,,,,,,,,2026. 07. 17.,,
4111013182,KONNEKTOR (6UTAS),AMP  Junior Power Timer,Products_Images/4111013182.Image.101422.jpg,Konnektor,TE,,,,1-965640-4,,Apa,,2026. 07. 17.,,
4030620812,KONNEKTOR (6 Utas),AMP  Timer Connector System,Products_Images/4030620812.Image.101730.jpg,Konnektor,TE,,,,1-965641-4,,Anya,,2026. 07. 17.,,
9083000524_00,Autoclima  AU9083,,,Gyártandó Termék,Autoclima  AU9083,,,,,,,,2026. 07. 19.,,
9083000576_01,Autoclima  AU9083,,,Gyártandó Termék,Autoclima  AU9083,,,,,,,,2026. 07. 20.,,
9099000799_01,Solmec  SC9099,,,Gyártandó Termék,Solmec  SC9099,,,,,,,,2026. 07. 20.,,
9059000512_00,SEA  SE9059,,,Gyártandó Termék,SEA  SE9059,,,,,,,,2026. 07. 22.,,
9099000709_04,Solmec  SC9099,,,Gyártandó Termék,Solmec  SC9099,,,,,,,,2026. 07. 22.,,
XINT0670.2,Mérőkábel,,Products_Images/XINT0670.2.Image.101347.jpg,Mérődoboz,WorldWires,,,,,,,,2026. 07. 22.,,
XINT0491.1,Mérőkábel,,Products_Images/XINT0491.1.Image.103341.jpg,Mérődoboz,WorldWires,,,,,,,,2026. 07. 22.,,
XINT0211.1,Mérőkábel,,Products_Images/XINT0211.1.Image.103003.jpg,Mérődoboz,WorldWires,,,,,,,,2026. 07. 22.,,
XINT0670.3,Mérőkábel,,Products_Images/XINT0670.3.Image.103127.jpg,Mérődoboz,WorldWires,,,,,,,,2026. 07. 22.,,
XINT0670.4,Mérőkábel,,Products_Images/XINT0670.4.Image.103040.jpg,Mérődoboz,WorldWires,,,,,,,,2026. 07. 22.,,
XINT0529.1,Mérőkábel,,Products_Images/XINT0529.1.Image.102204.jpg,Mérődoboz,WorldWires,,,,,,,,2026. 07. 22.,,
XINT0676.1,Mérőkábel,,Products_Images/XINT0676.1.Image.102937.jpg,Mérődoboz,WorldWires,,,,,,,,2026. 07. 22.,,
9195000014_00,I-TECH,,,Gyártandó Termék,,,,,,,,,2026. 07. 22.,,
9083000587_01,Autoclima  AU9083,,,Gyártandó Termék,Autoclima  AU9083,,,,,,,,2026. 07. 23.,,
4030610242.9,Konnektor (4 utas),,Products_Images/4030610242.9.Image.040532.jpg,Konnektor,,,,,,,Apa,,2026. 07. 27.,,
XINT000479,MÉRŐDOBOZ,,Products_Images/XINT000479.Image.071805.jpg,Mérődoboz,WorldWires,,,,,,,,2026. 07. 28.,,
9112000001_07,,,,Gyártandó Termék,,,,,,,,,2026. 07. 28.,,
9059000300_00,SEA  SE9059,,,Gyártandó Termék,SEA  SE9059,,,,,,,,2026. 07. 29.,,
9083000637_02,Autoclima  AU9083,,,Gyártandó Termék,Autoclima  AU9083,,,,,,,,2026. 08. 22.,,
9502000022_00,Molpir  MO9502,,,Gyártandó Termék,Molpir  MO9502,,,,,,,,2026. 08. 22.,,
9091000099_00,Masi  MS9091,,,Gyártandó Termék,Masi  MS9091,,,,,,,,2026. 08. 22.,,
9220000047_01,Mecs MC9220,,,Gyártandó Termék,Mecs MC9220,,,,,,,,2026. 08. 22.,,
9502000096_00,Molpir  MO9502,,,Gyártandó Termék,Molpir  MO9502,,,,,,,,2026. 08. 22.,,
9502000095_00,Molpir  MO9502,,,Gyártandó Termék,Molpir  MO9502,,,,,,,,2026. 08. 22.,,
9220000057_01,Mecs MC9220,,,Gyártandó Termék,Mecs MC9220,,,,,,,,2026. 08. 22.,,
9220000046_01,Mecs MC9220,,,Gyártandó Termék,Mecs MC9220,,,,,,,,2026. 08. 22.,,
9220000072_00,Mecs MC9220,,,Gyártandó Termék,Mecs MC9220,,,,,,,,2026. 08. 22.,,
9220000061_00,Mecs MC9220,,,Gyártandó Termék,Mecs MC9220,,,,,,,,2026. 08. 22.,,
9220000069_00,Mecs MC9220,,,Gyártandó Termék,Mecs MC9220,,,,,,,,2026. 08. 22.,,
9220000071_00,Mecs MC9220,,,Gyártandó Termék,Mecs MC9220,,,,,,,,2026. 08. 22.,,
2022110931,SARU - 180363-2,,Products_Images/2022110931.Image.084222.jpg,Saru,,,,,180363-2,,,Anya,2026. 08. 25.,,
2252140026,SARU - 626611  -  626500,,Products_Images/2252140026.Image.084357.jpg,Saru,,,,,626611  -  626500,,,,2026. 08. 25.,,
4113123223,KONNEKTOR - 281990-2,BIZTOSÍTÉK TARTÓ,Products_Images/4113123223.Image.084838.jpg,Konnektor,,,,,281990-2,,,,2026. 08. 25.,,
4616003273,,,,Konnektor,,,,,,,,,2026. 08. 26.,,
XINT000784,MÉRŐKÁBEL,,,Mérődoboz,WorldWires,,,,,,,,2026. 08. 26.,,
9141000097_00,Negri  NE9141,,,Gyártandó Termék,Negri  NE9141,,,,,,,,2026. 08. 27.,,
4102023224,,,,Konnektor,,,,,,,,,2026. 08. 27.,,
CA000083,,,,Konnektor,,,,,,,,,2026. 08. 28.,,
9502000038_00,Molpir  MO9502,,,Gyártandó Termék,Molpir  MO9502,,,,,,,,2026. 08. 28.,,
9099000392_01,Solmec  SC9099,,,Gyártandó Termék,Solmec  SC9099,,,,,,,,2026. 08. 31.,,
9220000007_03,Mecs MC9220,,,Gyártandó Termék,Mecs MC9220,,,,,,,,2026. 09. 02.,,
9166000116_01,Hymach  HY9166,,,Gyártandó Termék,Hymach  HY9166,,,,,,,,2026. 09. 02.,,
4110913225,,,,Konnektor,,,,,,,,,2026. 09. 04.,,
4110913224,,,,Konnektor,,,,,,,,,2026. 09. 04.,,
9220000045_00,Mecs MC9220,,,Gyártandó Termék,Mecs MC9220,,,,,,,,2026. 09. 07.,,
4030610805,,,,Konnektor,,,,,,,,,2026. 09. 07.,,
CA000525,,,,Konnektor,,,,,,,,,2026. 09. 08.,,
CA000529,,,,Konnektor,,,,,,,,,2026. 09. 08.,,
4030610745,,,Products_Images/4030610745.Image.094236.jpg,Konnektor,,,,,,,,,2026. 09. 08.,,
4126113124,KONNEKTOR (20 UTAS),,Products_Images/4126113124.Image.095335.jpg,Konnektor,,,,,,,,,2026. 09. 08.,,
4030620805,,,,Konnektor,,,,,,,,,2026. 09. 08.,,
4030620727,,,,Konnektor,,,,,,,,,2026. 09. 08.,,
4123705117,,,,Konnektor,,,,,,,,,2026. 09. 08.,,
40107.00.87,N83,2 szigetelés,,Saruzófej,Mecal,Oldal,,Nem Gumis,LS24009,F,,,2026. 09. 09.,,
9083000630_01,Autoclima  AU9083,,,Gyártandó Termék,Autoclima  AU9083,,,,,,,,2026. 09. 10.,,
2961500019,SARU - 1060-16-0144,DEUTSCH Common Contact,Products_Images/2961500019.Image.085251.jpg,Saru,TE,,,,1060-16-0144,,,Apa,2026. 09. 10.,,